time_sec,target_rps,actual_sent,success_count,fail_count,sla_violation_count,avg_latency_ms,p95_latency_ms,scenario,phase
0,92,92,92,0,0,717.22,994.55,sale_event,normal
1,86,86,86,0,0,665.8,892.87,sale_event,normal
2,85,85,85,0,0,641.17,845.93,sale_event,normal
3,91,91,91,0,0,638.72,909.0,sale_event,normal
4,100,100,100,0,0,667.47,965.48,sale_event,normal
5,85,85,85,0,0,654.02,869.12,sale_event,normal
6,96,96,96,0,0,691.98,950.31,sale_event,normal
7,99,99,99,0,0,721.58,1014.13,sale_event,normal
8,95,95,95,0,0,684.82,929.34,sale_event,normal
9,80,80,80,0,0,609.8,836.77,sale_event,normal
10,80,80,80,0,0,627.93,815.43,sale_event,normal
11,100,100,100,0,0,711.47,999.88,sale_event,normal
12,95,95,95,0,0,693.67,951.99,sale_event,normal
13,86,86,86,0,0,680.93,919.62,sale_event,normal
14,86,86,86,0,0,647.59,870.14,sale_event,normal
15,87,87,87,0,0,679.26,882.16,sale_event,normal
16,90,90,90,0,0,710.79,940.56,sale_event,normal
17,99,99,99,0,0,675.66,986.48,sale_event,normal
18,96,96,96,0,0,686.22,965.21,sale_event,normal
19,80,80,80,0,0,592.38,795.17,sale_event,normal
20,100,100,100,0,0,727.12,1050.26,sale_event,normal
21,89,89,89,0,0,770.46,987.1,sale_event,normal
22,85,85,85,0,0,690.43,896.4,sale_event,normal
23,97,97,97,0,0,724.68,1029.13,sale_event,normal
24,99,99,99,0,0,737.78,999.16,sale_event,normal
25,89,89,89,0,0,701.47,908.35,sale_event,normal
26,89,89,89,0,0,782.93,1044.57,sale_event,normal
27,94,94,94,0,0,694.09,984.27,sale_event,normal
28,92,92,92,0,0,657.67,912.24,sale_event,normal
29,80,80,80,0,0,640.99,823.86,sale_event,normal
30,80,80,80,0,0,619.64,827.56,sale_event,normal
31,100,100,100,0,0,729.73,1016.45,sale_event,normal
32,92,92,92,0,0,656.63,909.15,sale_event,normal
33,97,97,97,0,0,722.82,991.76,sale_event,normal
34,81,81,81,0,0,612.56,808.4,sale_event,normal
35,100,100,100,0,0,770.52,1027.58,sale_event,normal
36,92,92,92,0,0,641.83,899.76,sale_event,normal
37,89,89,89,0,0,707.38,925.35,sale_event,normal
38,93,93,93,0,0,651.38,912.54,sale_event,normal
39,87,87,87,0,0,697.59,953.99,sale_event,normal
40,97,97,97,0,0,688.77,972.25,sale_event,normal
41,82,82,82,0,0,642.83,846.37,sale_event,normal
42,97,97,97,0,0,690.35,970.07,sale_event,normal
43,97,97,97,0,0,684.27,958.43,sale_event,normal
44,97,97,97,0,0,726.07,984.8,sale_event,normal
45,83,83,83,0,0,601.39,817.0,sale_event,normal
46,81,81,81,0,0,616.46,802.82,sale_event,normal
47,92,92,92,0,0,722.22,981.4,sale_event,normal
48,83,83,83,0,0,631.37,829.92,sale_event,normal
49,98,98,98,0,0,754.46,1030.04,sale_event,normal
50,100,100,100,0,0,748.72,1015.83,sale_event,normal
51,98,98,98,0,0,757.12,1008.58,sale_event,normal
52,91,91,91,0,0,667.93,933.73,sale_event,normal
53,91,91,91,0,0,708.13,954.89,sale_event,normal
54,82,82,82,0,0,610.92,780.1,sale_event,normal
55,87,87,87,0,0,671.88,878.06,sale_event,normal
56,94,94,94,0,0,701.41,962.9,sale_event,normal
57,84,84,84,0,0,621.54,835.21,sale_event,normal
58,91,91,91,0,0,660.63,949.18,sale_event,normal
59,94,94,94,0,0,686.23,1019.67,sale_event,normal
60,83,83,83,0,0,629.62,836.34,sale_event,normal
61,80,80,80,0,0,567.65,784.09,sale_event,normal
62,91,91,91,0,0,669.29,904.1,sale_event,normal
63,88,88,88,0,0,692.3,909.27,sale_event,normal
64,87,87,87,0,0,711.69,956.96,sale_event,normal
65,92,92,92,0,0,724.85,953.8,sale_event,normal
66,97,97,97,0,0,665.04,992.21,sale_event,normal
67,96,96,96,0,0,713.63,1008.66,sale_event,normal
68,88,88,88,0,0,657.52,913.75,sale_event,normal
69,90,90,90,0,0,680.77,911.4,sale_event,normal
70,88,88,88,0,0,683.82,940.06,sale_event,normal
71,99,99,99,0,0,804.85,1085.34,sale_event,normal
72,95,95,95,0,0,743.23,1011.54,sale_event,normal
73,97,97,97,0,0,731.69,980.08,sale_event,normal
74,80,80,80,0,0,620.67,843.85,sale_event,normal
75,86,86,86,0,0,611.02,816.0,sale_event,normal
76,96,96,96,0,0,710.21,951.59,sale_event,normal
77,93,93,93,0,0,705.45,964.71,sale_event,normal
78,100,100,100,0,0,764.51,1034.85,sale_event,normal
79,87,87,87,0,0,683.75,900.11,sale_event,normal
80,88,88,88,0,0,687.06,896.75,sale_event,normal
81,93,93,93,0,0,740.04,968.48,sale_event,normal
82,84,84,84,0,0,601.05,855.06,sale_event,normal
83,81,81,81,0,0,590.71,810.95,sale_event,normal
84,84,84,84,0,0,666.15,873.94,sale_event,normal
85,80,80,80,0,0,626.06,804.3,sale_event,normal
86,94,94,94,0,0,685.97,977.2,sale_event,normal
87,99,99,99,0,0,804.12,1096.2,sale_event,normal
88,85,85,85,0,0,757.99,960.92,sale_event,normal
89,94,94,94,0,0,719.85,956.71,sale_event,normal
90,99,99,99,0,0,735.67,1024.64,sale_event,normal
91,98,98,98,0,0,703.24,992.2,sale_event,normal
92,99,99,99,0,0,784.07,1075.61,sale_event,normal
93,98,98,98,0,0,716.46,1031.67,sale_event,normal
94,89,89,89,0,0,659.08,873.0,sale_event,normal
95,84,84,84,0,0,660.01,869.58,sale_event,normal
96,93,93,93,0,0,701.61,931.01,sale_event,normal
97,92,92,92,0,0,657.51,899.55,sale_event,normal
98,93,93,93,0,0,682.22,916.31,sale_event,normal
99,83,83,83,0,0,625.5,803.5,sale_event,normal
100,99,99,99,0,0,707.95,993.34,sale_event,normal
101,84,84,84,0,0,651.67,845.4,sale_event,normal
102,82,82,82,0,0,601.45,805.0,sale_event,normal
103,97,97,97,0,0,757.6,1006.52,sale_event,normal
104,84,84,84,0,0,594.26,826.26,sale_event,normal
105,98,98,98,0,0,728.43,995.24,sale_event,normal
106,99,99,99,0,0,738.14,1013.88,sale_event,normal
107,89,89,89,0,0,682.49,939.3,sale_event,normal
108,86,86,86,0,0,654.63,843.57,sale_event,normal
109,85,85,85,0,0,650.37,836.95,sale_event,normal
110,89,89,89,0,0,687.73,893.93,sale_event,normal
111,88,88,88,0,0,678.23,894.48,sale_event,normal
112,83,83,83,0,0,628.69,850.39,sale_event,normal
113,96,96,96,0,0,682.14,956.27,sale_event,normal
114,94,94,94,0,0,727.25,988.85,sale_event,normal
115,83,83,83,0,0,697.48,938.51,sale_event,normal
116,99,99,99,0,0,703.65,996.79,sale_event,normal
117,91,91,91,0,0,676.6,895.16,sale_event,normal
118,94,94,94,0,0,766.44,1031.25,sale_event,normal
119,82,82,82,0,0,602.59,818.24,sale_event,normal
120,81,81,81,0,0,621.84,861.11,sale_event,normal
121,83,83,83,0,0,638.64,860.73,sale_event,normal
122,91,91,91,0,0,734.53,975.53,sale_event,normal
123,93,93,93,0,0,695.0,962.66,sale_event,normal
124,85,85,85,0,0,631.58,821.47,sale_event,normal
125,83,83,83,0,0,636.2,842.0,sale_event,normal
126,82,82,82,0,0,614.07,806.73,sale_event,normal
127,87,87,87,0,0,664.47,871.07,sale_event,normal
128,90,90,90,0,0,669.5,891.57,sale_event,normal
129,95,95,95,0,0,699.28,951.99,sale_event,normal
130,89,89,89,0,0,634.94,884.62,sale_event,normal
131,95,95,95,0,0,692.17,936.37,sale_event,normal
132,95,95,95,0,0,714.42,963.39,sale_event,normal
133,88,88,88,0,0,680.43,910.86,sale_event,normal
134,100,100,100,0,0,746.2,1046.24,sale_event,normal
135,89,89,89,0,0,701.31,912.22,sale_event,normal
136,95,95,95,0,0,712.73,950.65,sale_event,normal
137,87,87,87,0,0,623.49,865.53,sale_event,normal
138,83,83,83,0,0,649.49,841.24,sale_event,normal
139,92,92,92,0,0,736.17,995.88,sale_event,normal
140,99,99,99,0,0,684.82,991.07,sale_event,normal
141,86,86,86,0,0,660.4,914.48,sale_event,normal
142,90,90,90,0,0,694.79,928.46,sale_event,normal
143,93,93,93,0,0,680.79,939.2,sale_event,normal
144,99,99,99,0,0,696.21,979.48,sale_event,normal
145,96,96,96,0,0,675.64,954.35,sale_event,normal
146,81,81,81,0,0,630.2,839.05,sale_event,normal
147,90,90,90,0,0,754.58,970.91,sale_event,normal
148,98,98,98,0,0,694.94,1012.26,sale_event,normal
149,86,86,86,0,0,658.42,894.73,sale_event,normal
150,81,81,81,0,0,639.83,812.35,sale_event,normal
151,100,100,100,0,0,746.06,1039.6,sale_event,normal
152,94,94,94,0,0,729.82,1011.53,sale_event,normal
153,91,91,91,0,0,677.75,963.01,sale_event,normal
154,93,93,93,0,0,741.27,1005.59,sale_event,normal
155,95,95,95,0,0,707.38,972.62,sale_event,normal
156,80,80,80,0,0,646.27,812.37,sale_event,normal
157,100,100,100,0,0,735.75,985.47,sale_event,normal
158,99,99,99,0,0,745.03,1011.4,sale_event,normal
159,96,96,96,0,0,727.42,985.25,sale_event,normal
160,91,91,91,0,0,757.07,1007.85,sale_event,normal
161,92,92,92,0,0,706.1,1032.6,sale_event,normal
162,80,80,80,0,0,597.38,781.02,sale_event,normal
163,91,91,91,0,0,704.38,957.55,sale_event,normal
164,83,83,83,0,0,644.84,856.4,sale_event,normal
165,87,87,87,0,0,710.93,923.69,sale_event,normal
166,84,84,84,0,0,652.75,849.77,sale_event,normal
167,86,86,86,0,0,686.98,889.6,sale_event,normal
168,82,82,82,0,0,634.2,838.32,sale_event,normal
169,100,100,100,0,0,731.75,989.56,sale_event,normal
170,92,92,92,0,0,704.08,948.31,sale_event,normal
171,89,89,89,0,0,630.49,886.15,sale_event,normal
172,84,84,84,0,0,633.8,844.26,sale_event,normal
173,93,93,93,0,0,699.91,934.64,sale_event,normal
174,83,83,83,0,0,652.33,842.49,sale_event,normal
175,80,80,80,0,0,596.81,811.11,sale_event,normal
176,99,99,99,0,0,738.53,988.04,sale_event,normal
177,84,84,84,0,0,684.53,906.52,sale_event,normal
178,100,100,100,0,0,705.08,1006.33,sale_event,normal
179,80,80,80,0,0,637.43,834.11,sale_event,normal
180,88,88,88,0,0,697.25,935.09,sale_event,normal
181,97,97,97,0,0,702.91,961.93,sale_event,normal
182,82,82,82,0,0,660.05,846.27,sale_event,normal
183,98,98,98,0,0,682.73,967.98,sale_event,normal
184,87,87,87,0,0,703.82,933.42,sale_event,normal
185,99,99,99,0,0,764.14,1039.49,sale_event,normal
186,93,93,93,0,0,674.89,952.47,sale_event,normal
187,81,81,81,0,0,621.12,813.27,sale_event,normal
188,94,94,94,0,0,758.01,990.97,sale_event,normal
189,82,82,82,0,0,658.43,848.36,sale_event,normal
190,92,92,92,0,0,691.07,898.55,sale_event,normal
191,93,93,93,0,0,688.41,943.09,sale_event,normal
192,86,86,86,0,0,610.09,859.75,sale_event,normal
193,95,95,95,0,0,762.12,1000.74,sale_event,normal
194,97,97,97,0,0,664.89,919.79,sale_event,normal
195,89,89,89,0,0,644.99,881.18,sale_event,normal
196,83,83,83,0,0,615.44,820.48,sale_event,normal
197,81,81,81,0,0,618.64,812.51,sale_event,normal
198,86,86,86,0,0,642.51,826.38,sale_event,normal
199,100,100,100,0,0,697.63,987.53,sale_event,normal
200,94,94,94,0,0,698.27,962.98,sale_event,normal
201,93,93,93,0,0,701.51,963.42,sale_event,ramp_up
202,97,97,97,0,0,698.28,1004.35,sale_event,ramp_up
203,111,111,111,0,0,791.53,1109.41,sale_event,ramp_up
204,110,110,110,0,0,825.46,1157.87,sale_event,ramp_up
205,102,102,102,0,0,772.63,1037.28,sale_event,ramp_up
206,109,109,109,0,0,736.1,1103.44,sale_event,ramp_up
207,113,113,113,0,0,803.73,1154.22,sale_event,ramp_up
208,114,114,114,0,0,789.24,1135.28,sale_event,ramp_up
209,113,113,113,0,0,807.59,1157.26,sale_event,ramp_up
210,96,96,96,0,0,678.19,947.42,sale_event,ramp_up
211,105,105,105,0,0,746.66,1077.56,sale_event,ramp_up
212,99,99,99,0,0,726.77,1030.65,sale_event,ramp_up
213,115,115,115,0,0,852.19,1167.45,sale_event,ramp_up
214,119,119,119,0,0,846.72,1228.52,sale_event,ramp_up
215,111,111,111,0,0,769.96,1127.6,sale_event,ramp_up
216,110,110,110,0,0,785.7,1147.17,sale_event,ramp_up
217,104,104,104,0,0,708.67,1015.4,sale_event,ramp_up
218,115,115,115,0,0,796.82,1169.69,sale_event,ramp_up
219,103,103,103,0,0,730.86,1053.76,sale_event,ramp_up
220,121,121,121,0,0,857.01,1269.84,sale_event,ramp_up
221,118,118,118,0,0,856.55,1322.01,sale_event,ramp_up
222,106,106,106,0,0,748.99,1044.22,sale_event,ramp_up
223,124,124,124,0,0,905.78,1330.07,sale_event,ramp_up
224,116,116,116,0,0,862.71,1229.34,sale_event,ramp_up
225,128,128,128,0,0,847.98,1294.84,sale_event,ramp_up
226,110,110,110,0,0,800.32,1113.66,sale_event,ramp_up
227,113,113,113,0,0,779.81,1156.61,sale_event,ramp_up
228,111,111,111,0,0,766.33,1107.88,sale_event,ramp_up
229,115,115,115,0,0,849.36,1231.84,sale_event,ramp_up
230,111,111,111,0,0,787.47,1177.99,sale_event,ramp_up
231,121,121,121,0,0,876.4,1228.35,sale_event,ramp_up
232,115,115,115,0,0,821.53,1220.47,sale_event,ramp_up
233,127,127,127,0,0,868.99,1293.79,sale_event,ramp_up
234,114,114,114,0,0,816.25,1161.21,sale_event,ramp_up
235,129,129,129,0,0,888.91,1329.56,sale_event,ramp_up
236,116,116,116,0,0,831.04,1200.86,sale_event,ramp_up
237,135,135,135,0,0,916.27,1399.41,sale_event,ramp_up
238,119,119,119,0,0,819.22,1203.48,sale_event,ramp_up
239,134,134,134,0,0,879.62,1332.68,sale_event,ramp_up
240,124,124,124,0,0,914.4,1367.09,sale_event,ramp_up
241,130,130,130,0,0,908.08,1371.2,sale_event,ramp_up
242,121,121,121,0,0,966.97,1320.74,sale_event,ramp_up
243,122,122,122,0,0,875.72,1255.67,sale_event,ramp_up
244,134,134,134,0,0,922.79,1354.14,sale_event,ramp_up
245,130,130,130,0,0,896.26,1318.47,sale_event,ramp_up
246,132,132,132,0,0,925.77,1375.64,sale_event,ramp_up
247,124,124,124,0,0,893.44,1273.25,sale_event,ramp_up
248,125,125,125,0,0,883.82,1296.73,sale_event,ramp_up
249,126,126,126,0,0,871.91,1274.59,sale_event,ramp_up
250,141,141,141,0,0,936.49,1436.7,sale_event,ramp_up
251,135,135,135,0,0,987.87,1457.89,sale_event,ramp_up
252,135,135,135,0,0,924.55,1377.6,sale_event,ramp_up
253,135,135,135,0,0,883.91,1336.25,sale_event,ramp_up
254,141,141,141,0,0,985.66,1476.85,sale_event,ramp_up
255,150,150,150,0,0,1022.73,1572.8,sale_event,ramp_up
256,149,149,149,0,0,1052.66,1605.97,sale_event,ramp_up
257,143,143,143,0,0,945.68,1487.2,sale_event,ramp_up
258,145,145,145,0,0,991.1,1492.04,sale_event,ramp_up
259,150,150,150,0,0,1063.33,1591.39,sale_event,ramp_up
260,136,136,136,0,0,889.53,1332.8,sale_event,ramp_up
261,139,139,139,0,0,908.11,1457.65,sale_event,ramp_up
262,149,149,149,0,0,1029.66,1494.42,sale_event,ramp_up
263,152,152,152,0,0,1011.66,1564.29,sale_event,ramp_up
264,156,156,156,0,0,1153.65,1700.86,sale_event,ramp_up
265,144,144,144,0,0,917.85,1409.62,sale_event,ramp_up
266,148,148,148,0,0,1045.2,1551.11,sale_event,ramp_up
267,148,148,148,0,0,1016.55,1529.23,sale_event,ramp_up
268,141,141,141,0,0,995.36,1468.55,sale_event,ramp_up
269,146,146,146,0,0,1026.35,1567.49,sale_event,ramp_up
270,149,149,149,0,0,982.53,1530.33,sale_event,ramp_up
271,149,149,149,0,0,1001.93,1545.32,sale_event,ramp_up
272,156,156,156,0,0,1024.28,1593.42,sale_event,ramp_up
273,147,147,147,0,0,982.35,1515.1,sale_event,ramp_up
274,149,149,149,0,0,1002.36,1517.96,sale_event,ramp_up
275,152,152,152,0,0,1041.56,1585.86,sale_event,ramp_up
276,161,161,161,0,0,1023.83,1627.27,sale_event,ramp_up
277,157,157,157,0,0,1077.17,1634.03,sale_event,ramp_up
278,158,158,158,0,0,1022.21,1633.88,sale_event,ramp_up
279,160,160,160,0,0,1008.79,1594.51,sale_event,ramp_up
280,156,156,156,0,0,1045.28,1583.9,sale_event,ramp_up
281,165,165,165,0,0,1130.66,1767.85,sale_event,ramp_up
282,161,161,161,0,0,1103.49,1667.15,sale_event,ramp_up
283,160,160,160,0,0,1025.42,1605.96,sale_event,ramp_up
284,164,164,164,0,0,1111.8,1735.76,sale_event,ramp_up
285,168,168,168,0,0,1088.29,1733.35,sale_event,ramp_up
286,160,160,160,0,0,1082.75,1664.84,sale_event,ramp_up
287,159,159,159,0,0,1162.53,1693.3,sale_event,ramp_up
288,158,158,158,0,0,1093.69,1639.95,sale_event,ramp_up
289,165,165,165,0,0,1180.81,1811.54,sale_event,ramp_up
290,175,175,175,0,0,1137.99,1853.64,sale_event,ramp_up
291,173,173,173,0,0,1167.64,1790.44,sale_event,ramp_up
292,178,178,178,0,0,1158.64,1811.38,sale_event,ramp_up
293,164,164,164,0,0,1054.98,1676.34,sale_event,ramp_up
294,166,166,166,0,0,1076.74,1665.82,sale_event,ramp_up
295,162,162,162,0,0,1035.66,1623.56,sale_event,ramp_up
296,175,175,175,0,0,1150.95,1817.5,sale_event,ramp_up
297,179,179,179,0,0,1137.52,1857.3,sale_event,ramp_up
298,167,167,167,0,0,1118.92,1766.3,sale_event,ramp_up
299,172,172,172,0,0,1150.78,1782.23,sale_event,ramp_up
300,169,169,169,0,0,1112.14,1744.49,sale_event,ramp_up
301,177,177,177,0,0,1224.67,1888.3,sale_event,ramp_up
302,183,183,183,0,0,1242.44,1952.35,sale_event,ramp_up
303,173,173,173,0,0,1123.6,1766.04,sale_event,ramp_up
304,182,182,182,0,0,1161.32,1891.7,sale_event,ramp_up
305,175,175,175,0,0,1230.08,1921.6,sale_event,ramp_up
306,183,183,183,0,0,1157.42,1888.73,sale_event,ramp_up
307,184,184,184,0,0,1211.33,1952.11,sale_event,ramp_up
308,179,179,179,0,0,1170.44,1828.87,sale_event,ramp_up
309,190,190,167,23,23,1223.7,2011.76,sale_event,ramp_up
310,172,172,172,0,0,1208.3,1862.77,sale_event,ramp_up
311,189,189,189,0,0,1171.31,1885.35,sale_event,ramp_up
312,182,182,182,0,0,1166.87,1846.4,sale_event,ramp_up
313,191,191,166,25,25,1225.42,2075.96,sale_event,ramp_up
314,190,190,190,0,0,1245.02,1959.89,sale_event,ramp_up
315,195,195,169,26,26,1259.26,2041.02,sale_event,ramp_up
316,181,181,181,0,0,1204.39,1897.69,sale_event,ramp_up
317,180,180,180,0,0,1202.0,1880.65,sale_event,ramp_up
318,186,186,186,0,0,1168.5,1889.24,sale_event,ramp_up
319,190,190,190,0,0,1203.31,1969.22,sale_event,ramp_up
320,192,192,170,22,22,1243.48,2011.89,sale_event,ramp_up
321,193,193,193,0,0,1227.23,1986.67,sale_event,ramp_up
322,187,187,187,0,0,1174.78,1871.88,sale_event,ramp_up
323,198,198,181,17,17,1326.16,2116.54,sale_event,ramp_up
324,187,187,187,0,0,1234.62,1941.96,sale_event,ramp_up
325,192,192,192,0,0,1240.61,1987.9,sale_event,ramp_up
326,191,191,191,0,0,1224.22,1992.49,sale_event,ramp_up
327,190,190,190,0,0,1223.05,1946.22,sale_event,ramp_up
328,205,205,177,28,28,1339.62,2151.04,sale_event,ramp_up
329,189,189,189,0,0,1209.04,1951.29,sale_event,ramp_up
330,200,200,169,31,31,1304.86,2066.26,sale_event,ramp_up
331,192,192,192,0,0,1238.53,1964.94,sale_event,ramp_up
332,196,196,182,14,14,1316.53,2079.49,sale_event,ramp_up
333,208,208,174,34,34,1259.31,2085.61,sale_event,ramp_up
334,197,197,167,30,30,1238.66,2008.58,sale_event,ramp_up
335,209,209,180,29,29,1362.72,2216.4,sale_event,ramp_up
336,200,200,165,35,35,1361.17,2204.13,sale_event,ramp_up
337,207,207,156,51,51,1310.73,2134.33,sale_event,ramp_up
338,211,211,161,50,50,1316.2,2162.38,sale_event,ramp_up
339,214,214,171,43,43,1355.72,2227.33,sale_event,ramp_up
340,210,210,169,41,41,1382.02,2175.13,sale_event,ramp_up
341,195,195,163,32,32,1269.43,2006.57,sale_event,ramp_up
342,196,196,166,30,30,1256.37,2010.5,sale_event,ramp_up
343,197,197,172,25,25,1253.24,2045.81,sale_event,ramp_up
344,206,206,161,45,45,1332.48,2209.39,sale_event,ramp_up
345,208,208,166,42,42,1364.08,2158.24,sale_event,ramp_up
346,206,206,170,36,36,1391.13,2230.31,sale_event,ramp_up
347,220,220,162,58,58,1425.28,2286.79,sale_event,ramp_up
348,207,207,182,25,25,1371.59,2193.25,sale_event,ramp_up
349,205,205,176,29,29,1242.0,2082.52,sale_event,ramp_up
350,208,208,165,43,43,1355.54,2172.56,sale_event,ramp_up
351,222,222,166,56,56,1474.44,2365.36,sale_event,ramp_up
352,211,211,170,41,41,1340.12,2161.21,sale_event,ramp_up
353,218,218,181,37,37,1347.67,2233.92,sale_event,ramp_up
354,209,209,162,47,47,1365.29,2164.34,sale_event,ramp_up
355,220,220,178,42,42,1373.65,2250.07,sale_event,ramp_up
356,208,208,171,37,37,1345.7,2174.96,sale_event,ramp_up
357,209,209,166,43,43,1283.3,2102.55,sale_event,ramp_up
358,213,213,169,44,44,1352.85,2272.34,sale_event,ramp_up
359,213,213,170,43,43,1382.23,2218.3,sale_event,ramp_up
360,229,229,173,56,56,1424.36,2357.16,sale_event,ramp_up
361,228,228,167,61,61,1480.19,2481.25,sale_event,ramp_up
362,223,223,167,56,56,1372.19,2322.26,sale_event,ramp_up
363,225,225,166,59,59,1390.91,2328.98,sale_event,ramp_up
364,227,227,163,64,64,1472.2,2485.09,sale_event,ramp_up
365,213,213,163,50,50,1307.25,2162.71,sale_event,ramp_up
366,231,231,164,67,67,1417.96,2381.99,sale_event,ramp_up
367,223,223,165,58,58,1398.64,2341.84,sale_event,ramp_up
368,231,231,165,66,66,1391.51,2371.89,sale_event,ramp_up
369,217,217,163,54,54,1372.27,2285.62,sale_event,ramp_up
370,227,227,161,66,66,1433.04,2401.0,sale_event,ramp_up
371,227,227,181,46,46,1477.73,2372.85,sale_event,ramp_up
372,229,229,158,71,71,1430.06,2245.37,sale_event,ramp_up
373,223,223,166,57,57,1356.99,2251.95,sale_event,ramp_up
374,232,232,174,58,58,1469.0,2447.31,sale_event,ramp_up
375,238,238,162,76,76,1519.81,2583.47,sale_event,ramp_up
376,241,241,162,79,79,1555.77,2586.35,sale_event,ramp_up
377,226,226,155,71,71,1455.3,2363.0,sale_event,ramp_up
378,223,223,182,41,41,1385.63,2236.24,sale_event,ramp_up
379,241,241,167,74,74,1515.18,2540.59,sale_event,ramp_up
380,240,240,176,64,64,1439.94,2428.85,sale_event,ramp_up
381,245,245,170,75,75,1471.39,2491.13,sale_event,ramp_up
382,240,240,172,68,68,1510.85,2489.19,sale_event,ramp_up
383,245,245,165,80,80,1502.84,2496.14,sale_event,ramp_up
384,233,233,183,50,50,1467.6,2380.17,sale_event,ramp_up
385,237,237,170,67,67,1473.22,2431.33,sale_event,ramp_up
386,246,246,170,76,76,1520.71,2572.69,sale_event,ramp_up
387,240,240,163,77,77,1479.26,2477.97,sale_event,ramp_up
388,238,238,167,71,71,1496.52,2553.47,sale_event,ramp_up
389,249,249,164,85,85,1508.29,2536.68,sale_event,ramp_up
390,244,244,171,73,73,1544.95,2576.82,sale_event,ramp_up
391,242,242,182,60,60,1473.2,2441.17,sale_event,ramp_up
392,235,235,165,70,70,1499.02,2544.04,sale_event,ramp_up
393,244,244,168,76,76,1542.41,2525.27,sale_event,ramp_up
394,244,244,173,71,71,1489.93,2503.76,sale_event,ramp_up
395,255,255,161,94,94,1599.61,2635.66,sale_event,ramp_up
396,241,241,172,69,69,1510.64,2516.47,sale_event,ramp_up
397,249,249,168,81,81,1545.57,2649.86,sale_event,ramp_up
398,249,249,172,77,77,1502.76,2561.47,sale_event,ramp_up
399,250,250,167,83,83,1610.11,2641.18,sale_event,ramp_up
400,251,251,174,77,77,1489.03,2558.47,sale_event,ramp_up
401,569,569,180,389,340,3228.52,5757.85,sale_event,peak
402,682,682,122,560,397,3825.67,5947.54,sale_event,peak
403,536,536,94,442,360,3912.32,5986.46,sale_event,peak
404,514,514,93,421,402,3562.44,5890.19,sale_event,peak
405,661,661,171,490,383,3517.77,5966.67,sale_event,peak
406,526,526,115,411,368,3665.5,5971.78,sale_event,peak
407,658,658,143,515,386,3811.67,5980.68,sale_event,peak
408,682,682,71,611,390,4290.8,5954.57,sale_event,peak
409,590,590,121,469,360,3830.27,5970.59,sale_event,peak
410,645,645,101,544,381,3995.62,5967.27,sale_event,peak
411,581,581,93,488,387,3860.38,5974.15,sale_event,peak
412,500,500,99,401,401,3512.28,5799.93,sale_event,peak
413,694,694,172,522,287,3454.08,5139.95,sale_event,peak
414,516,516,121,395,395,3515.08,5900.39,sale_event,peak
415,606,606,168,438,281,3262.3,5018.97,sale_event,peak
416,550,550,78,472,370,3956.83,5981.42,sale_event,peak
417,663,663,121,542,332,4128.5,5943.5,sale_event,peak
418,532,532,115,417,417,3455.33,5944.12,sale_event,peak
419,600,600,174,426,274,3175.63,4998.68,sale_event,peak
420,541,541,98,443,388,3750.32,5983.59,sale_event,peak
421,644,644,124,520,395,3875.9,5944.39,sale_event,peak
422,512,512,71,441,382,3847.55,5979.01,sale_event,peak
423,532,532,136,396,396,3275.52,5728.99,sale_event,peak
424,642,642,167,475,296,3408.38,5206.19,sale_event,peak
425,570,570,115,455,385,3846.49,5954.73,sale_event,peak
426,574,574,104,470,374,3825.1,5962.39,sale_event,peak
427,530,530,116,414,382,3712.41,5984.73,sale_event,peak
428,545,545,140,405,365,3413.96,5952.21,sale_event,peak
429,655,655,153,502,395,3656.64,5971.06,sale_event,peak
430,515,515,80,435,398,3748.46,5965.12,sale_event,peak
431,511,511,121,390,390,3095.48,5464.1,sale_event,peak
432,684,684,153,531,321,3591.44,5444.18,sale_event,peak
433,540,540,93,447,399,3697.33,5964.97,sale_event,peak
434,617,617,140,477,384,3702.42,5980.45,sale_event,peak
435,600,600,78,522,401,3962.39,5969.56,sale_event,peak
436,588,588,103,485,369,3953.98,5961.1,sale_event,peak
437,531,531,84,447,396,3890.58,5966.04,sale_event,peak
438,665,665,123,542,376,4068.66,5968.53,sale_event,peak
439,619,619,102,517,365,4119.23,5961.47,sale_event,peak
440,611,611,108,503,363,4031.63,5978.12,sale_event,peak
441,603,603,87,516,372,4079.3,5938.55,sale_event,peak
442,550,550,103,447,363,3862.75,5986.72,sale_event,peak
443,557,557,114,443,364,3738.25,5957.05,sale_event,peak
444,671,671,144,527,365,3933.8,5968.88,sale_event,peak
445,584,584,103,481,363,3943.15,5982.82,sale_event,peak
446,626,626,129,497,373,3942.3,5948.08,sale_event,peak
447,642,642,85,557,372,4232.22,5981.96,sale_event,peak
448,693,693,78,615,392,4212.4,5954.79,sale_event,peak
449,558,558,88,470,415,3755.07,5972.92,sale_event,peak
450,635,635,119,516,388,3883.41,5958.1,sale_event,peak
451,576,576,88,488,374,3982.99,5976.73,sale_event,peak
452,603,603,108,495,365,3924.5,5957.57,sale_event,peak
453,580,580,107,473,369,3813.89,5965.05,sale_event,peak
454,621,621,106,515,407,3926.84,5964.52,sale_event,peak
455,592,592,80,512,382,4058.43,5974.5,sale_event,peak
456,648,648,101,547,384,4139.34,5959.85,sale_event,peak
457,672,672,77,595,391,4193.71,5975.37,sale_event,peak
458,601,601,75,526,382,4026.99,5964.95,sale_event,peak
459,647,647,110,537,388,4003.89,5971.2,sale_event,peak
460,572,572,86,486,390,3958.23,5973.02,sale_event,peak
461,657,657,82,575,379,4216.41,5961.46,sale_event,peak
462,694,694,105,589,374,4217.38,5977.76,sale_event,peak
463,655,655,109,546,372,4062.35,5947.09,sale_event,peak
464,565,565,104,461,368,3806.03,5967.86,sale_event,peak
465,685,685,124,561,335,4239.09,5959.69,sale_event,peak
466,579,579,67,512,382,3938.59,5980.66,sale_event,peak
467,522,522,92,430,379,3660.27,5946.11,sale_event,peak
468,666,666,115,551,414,3822.7,5951.17,sale_event,peak
469,623,623,72,551,402,4129.75,5999.6,sale_event,peak
470,517,517,98,419,380,3631.88,5941.15,sale_event,peak
471,692,692,146,546,349,3959.12,5988.64,sale_event,peak
472,645,645,97,548,339,4247.67,5910.74,sale_event,peak
473,692,692,109,583,365,4258.07,5983.94,sale_event,peak
474,571,571,77,494,367,4026.26,5942.24,sale_event,peak
475,681,681,81,600,355,4391.62,5970.25,sale_event,peak
476,679,679,106,573,354,4265.67,5966.91,sale_event,peak
477,517,517,100,417,345,3768.88,5944.39,sale_event,peak
478,544,544,138,406,372,3389.68,5970.15,sale_event,peak
479,673,673,146,527,387,3596.06,5954.99,sale_event,peak
480,623,623,105,518,412,3859.66,5970.61,sale_event,peak
481,625,625,102,523,371,4076.34,5965.33,sale_event,peak
482,633,633,103,530,356,4069.99,5959.97,sale_event,peak
483,688,688,89,599,372,4288.54,5967.25,sale_event,peak
484,631,631,81,550,334,4255.12,5961.47,sale_event,peak
485,680,680,96,584,360,4328.6,5951.99,sale_event,peak
486,504,504,83,421,336,3933.89,5951.85,sale_event,peak
487,634,634,117,517,358,4023.46,5980.1,sale_event,peak
488,555,555,75,480,379,4022.08,5940.79,sale_event,peak
489,539,539,95,444,322,4039.97,5973.44,sale_event,peak
490,681,681,68,613,367,4412.85,5962.63,sale_event,peak
491,643,643,113,530,331,4239.29,5971.38,sale_event,peak
492,508,508,66,442,359,4030.43,5955.63,sale_event,peak
493,642,642,103,539,366,4107.46,5952.01,sale_event,peak
494,511,511,79,432,394,3733.5,5972.67,sale_event,peak
495,686,686,141,545,381,3856.83,5976.28,sale_event,peak
496,667,667,67,600,385,4351.95,5950.67,sale_event,peak
497,604,604,102,502,372,4067.72,5960.36,sale_event,peak
498,691,691,69,622,384,4414.75,5957.32,sale_event,peak
499,510,510,98,412,336,3822.63,5968.0,sale_event,peak
500,523,523,123,400,351,3639.05,5953.64,sale_event,peak
501,585,585,130,455,320,3903.8,5980.33,sale_event,peak
502,573,573,78,495,386,4014.09,5940.18,sale_event,peak
503,557,557,71,486,346,4185.84,5978.81,sale_event,peak
504,534,534,84,450,352,3947.95,5938.6,sale_event,peak
505,505,505,83,422,366,3773.66,5987.5,sale_event,peak
506,580,580,112,468,336,3880.05,5934.29,sale_event,peak
507,648,648,85,563,359,4307.98,5971.24,sale_event,peak
508,695,695,55,640,339,4633.0,5950.67,sale_event,peak
509,581,581,82,499,381,4035.08,5962.39,sale_event,peak
510,661,661,76,585,379,4205.7,5971.48,sale_event,peak
511,668,668,90,578,358,4253.33,5963.16,sale_event,peak
512,601,601,93,508,352,4062.4,5957.15,sale_event,peak
513,517,517,92,425,379,3645.43,5956.73,sale_event,peak
514,520,520,152,368,368,3186.68,5569.3,sale_event,peak
515,695,695,161,534,280,3638.85,5224.22,sale_event,peak
516,644,644,106,538,350,4178.83,5965.04,sale_event,peak
517,669,669,85,584,361,4313.33,5922.08,sale_event,peak
518,602,602,71,531,383,4227.65,5939.9,sale_event,peak
519,670,670,55,615,362,4434.8,5918.08,sale_event,peak
520,648,648,84,564,396,4158.5,5941.92,sale_event,peak
521,619,619,81,538,359,4198.21,5953.84,sale_event,peak
522,547,547,102,445,347,3867.3,5968.98,sale_event,peak
523,504,504,98,406,365,3630.3,5957.56,sale_event,peak
524,684,684,168,516,352,3844.79,5973.16,sale_event,peak
525,551,551,88,463,357,3925.15,5960.28,sale_event,peak
526,633,633,97,536,383,4081.57,5953.18,sale_event,peak
527,640,640,76,564,363,4251.78,5916.98,sale_event,peak
528,551,551,100,451,342,3913.75,5940.15,sale_event,peak
529,550,550,76,474,315,4155.89,5952.12,sale_event,peak
530,543,543,103,440,383,3709.6,5978.68,sale_event,peak
531,595,595,128,467,396,3594.02,5926.82,sale_event,peak
532,515,515,110,405,405,3503.25,5912.21,sale_event,peak
533,627,627,183,444,256,3429.6,5998.56,sale_event,peak
534,656,656,148,508,382,3746.31,5958.99,sale_event,peak
535,685,685,97,588,336,4365.01,5966.03,sale_event,peak
536,669,669,90,579,353,4248.58,5962.27,sale_event,peak
537,612,612,93,519,363,4070.41,5981.41,sale_event,peak
538,503,503,65,438,354,3972.11,5945.74,sale_event,peak
539,558,558,99,459,365,3856.89,5964.15,sale_event,peak
540,665,665,79,586,368,4321.15,5951.07,sale_event,peak
541,695,695,104,591,372,4273.92,5968.74,sale_event,peak
542,610,610,56,554,346,4416.57,5979.2,sale_event,peak
543,511,511,91,420,345,3746.13,5914.38,sale_event,peak
544,565,565,118,447,313,3987.01,5946.25,sale_event,peak
545,646,646,69,577,351,4411.01,5975.04,sale_event,peak
546,619,619,82,537,351,4199.68,5971.83,sale_event,peak
547,623,623,98,525,348,4039.57,5958.39,sale_event,peak
548,582,582,82,500,384,4037.26,5970.43,sale_event,peak
549,624,624,108,516,330,4141.27,5947.25,sale_event,peak
550,645,645,74,571,357,4379.64,5963.91,sale_event,peak
551,620,620,81,539,362,4197.63,5948.0,sale_event,peak
552,565,565,84,481,390,4021.99,5962.3,sale_event,peak
553,529,529,100,429,363,3844.9,5967.66,sale_event,peak
554,518,518,104,414,371,3584.49,5967.08,sale_event,peak
555,511,511,157,354,354,3214.74,5752.71,sale_event,peak
556,644,644,166,478,217,3576.59,5110.44,sale_event,peak
557,530,530,111,419,366,3689.7,5960.84,sale_event,peak
558,531,531,120,411,333,3620.92,5976.71,sale_event,peak
559,663,663,103,560,368,4069.05,5863.33,sale_event,peak
560,563,563,70,493,372,4063.21,5961.87,sale_event,peak
561,552,552,97,455,361,3936.75,5966.4,sale_event,peak
562,626,626,77,549,365,4190.07,5975.33,sale_event,peak
563,694,694,113,581,348,4223.34,5943.76,sale_event,peak
564,504,504,92,412,381,3565.03,5954.6,sale_event,peak
565,532,532,167,365,365,3226.17,5878.55,sale_event,peak
566,690,690,162,528,280,3490.74,5076.74,sale_event,peak
567,617,617,82,535,371,4130.36,5945.12,sale_event,peak
568,582,582,116,466,341,3938.92,5977.72,sale_event,peak
569,640,640,81,559,373,4189.98,5948.81,sale_event,peak
570,662,662,111,551,356,4203.55,5967.67,sale_event,peak
571,673,673,87,586,351,4377.27,5978.96,sale_event,peak
572,510,510,102,408,323,3826.37,5944.52,sale_event,peak
573,667,667,115,552,366,4101.86,5973.33,sale_event,peak
574,501,501,79,422,386,3802.18,5967.64,sale_event,peak
575,676,676,150,526,345,3900.73,5946.72,sale_event,peak
576,617,617,82,535,361,4239.56,5976.78,sale_event,peak
577,584,584,72,512,363,4160.12,5967.86,sale_event,peak
578,697,697,82,615,367,4318.16,5944.65,sale_event,peak
579,624,624,117,507,324,4062.05,5970.98,sale_event,peak
580,684,684,120,564,379,4029.2,5946.14,sale_event,peak
581,693,693,84,609,381,4308.56,5936.68,sale_event,peak
582,593,593,102,491,363,4015.99,5986.36,sale_event,peak
583,569,569,82,487,372,3974.36,5956.05,sale_event,peak
584,696,696,83,613,383,4314.45,5970.21,sale_event,peak
585,646,646,63,583,377,4310.14,5980.16,sale_event,peak
586,700,700,82,618,358,4367.8,5934.1,sale_event,peak
587,676,676,78,598,355,4338.86,5974.62,sale_event,peak
588,530,530,118,412,342,3772.36,5944.02,sale_event,peak
589,693,693,124,569,379,4047.75,5983.91,sale_event,peak
590,515,515,95,420,377,3724.69,5942.2,sale_event,peak
591,579,579,152,427,362,3484.57,5957.77,sale_event,peak
592,651,651,145,506,357,3892.43,5985.45,sale_event,peak
593,646,646,98,548,329,4229.05,5956.11,sale_event,peak
594,533,533,118,415,370,3595.49,5958.75,sale_event,peak
595,569,569,154,415,365,3477.09,5986.79,sale_event,peak
596,647,647,135,512,370,3811.34,5962.78,sale_event,peak
597,574,574,120,454,379,3792.39,5952.92,sale_event,peak
598,538,538,81,457,387,3769.02,5977.74,sale_event,peak
599,609,609,130,479,343,3853.36,5951.06,sale_event,peak
600,629,629,80,549,394,4158.81,5978.0,sale_event,peak
601,607,607,80,527,360,4185.42,5963.08,sale_event,peak
602,610,610,116,494,337,4065.24,5973.78,sale_event,peak
603,533,533,80,453,384,3865.88,5942.35,sale_event,peak
604,639,639,121,518,373,3995.4,5969.4,sale_event,peak
605,553,553,80,473,379,3918.28,5967.29,sale_event,peak
606,671,671,80,591,368,4315.16,5958.02,sale_event,peak
607,659,659,102,557,377,4189.81,5992.41,sale_event,peak
608,660,660,80,580,368,4275.18,5960.81,sale_event,peak
609,615,615,92,523,386,4040.47,5971.03,sale_event,peak
610,598,598,91,507,363,4089.68,5969.65,sale_event,peak
611,627,627,39,588,362,4531.81,5963.87,sale_event,peak
612,654,654,80,574,344,4320.66,5949.45,sale_event,peak
613,588,588,88,500,346,4027.67,5962.76,sale_event,peak
614,656,656,89,567,359,4246.6,5981.54,sale_event,peak
615,578,578,103,475,349,4017.21,5947.74,sale_event,peak
616,692,692,100,592,348,4372.61,5964.86,sale_event,peak
617,630,630,86,544,365,4205.62,5950.77,sale_event,peak
618,549,549,82,467,370,3881.3,5945.44,sale_event,peak
619,604,604,108,496,360,4069.96,5966.83,sale_event,peak
620,662,662,78,584,352,4390.28,5971.74,sale_event,peak
621,668,668,75,593,348,4386.13,5962.35,sale_event,peak
622,666,666,98,568,364,4167.01,5947.41,sale_event,peak
623,545,545,99,446,358,3856.94,5939.36,sale_event,peak
624,657,657,114,543,363,4142.0,5960.82,sale_event,peak
625,650,650,83,567,361,4338.33,5983.69,sale_event,peak
626,558,558,77,481,338,4132.22,5940.15,sale_event,peak
627,504,504,115,389,354,3700.8,5967.42,sale_event,peak
628,617,617,128,489,371,3751.49,5949.22,sale_event,peak
629,670,670,89,581,362,4313.39,5957.82,sale_event,peak
630,619,619,67,552,370,4213.28,5952.12,sale_event,peak
631,523,523,78,445,348,3953.78,5973.19,sale_event,peak
632,573,573,76,497,322,4194.17,5952.97,sale_event,peak
633,629,629,83,546,374,4089.21,5958.46,sale_event,peak
634,671,671,91,580,362,4241.2,5972.71,sale_event,peak
635,620,620,79,541,367,4186.89,5932.1,sale_event,peak
636,555,555,68,487,380,4081.36,5975.39,sale_event,peak
637,546,546,80,466,361,3983.26,5967.26,sale_event,peak
638,503,503,102,401,354,3742.6,5934.13,sale_event,peak
639,638,638,112,526,360,3955.25,5977.96,sale_event,peak
640,605,605,83,522,362,4114.34,5950.82,sale_event,peak
641,622,622,103,519,337,4159.56,5951.23,sale_event,peak
642,579,579,81,498,377,4034.39,5955.99,sale_event,peak
643,587,587,93,494,335,4171.16,5981.0,sale_event,peak
644,500,500,102,398,357,3732.4,5949.73,sale_event,peak
645,512,512,133,379,379,3349.33,5824.46,sale_event,peak
646,511,511,149,362,277,3133.9,5096.8,sale_event,peak
647,530,530,104,426,354,3791.2,5981.3,sale_event,peak
648,500,500,89,411,367,3683.35,5942.9,sale_event,peak
649,659,659,119,540,380,3930.73,5976.89,sale_event,peak
650,615,615,75,540,371,4192.2,5957.56,sale_event,peak
651,611,611,100,511,364,4128.08,5969.89,sale_event,peak
652,697,697,77,620,342,4483.44,5957.84,sale_event,peak
653,532,532,108,424,350,3787.45,5951.17,sale_event,peak
654,605,605,112,493,337,4052.98,5936.62,sale_event,peak
655,695,695,67,628,368,4447.86,5967.06,sale_event,peak
656,519,519,104,415,340,3833.66,5976.49,sale_event,peak
657,512,512,97,415,350,3699.2,5933.97,sale_event,peak
658,676,676,130,546,353,4080.92,5975.59,sale_event,peak
659,582,582,73,509,365,4143.18,5964.72,sale_event,peak
660,694,694,93,601,344,4357.42,5960.73,sale_event,peak
661,695,695,77,618,344,4369.11,5964.81,sale_event,peak
662,570,570,78,492,344,4137.78,5955.13,sale_event,peak
663,642,642,73,569,367,4327.29,5977.94,sale_event,peak
664,632,632,81,551,336,4309.2,5943.23,sale_event,peak
665,689,689,108,581,327,4305.9,5956.23,sale_event,peak
666,693,693,95,598,349,4347.68,5941.32,sale_event,peak
667,588,588,79,509,348,4149.6,5955.52,sale_event,peak
668,642,642,76,566,351,4343.19,5961.41,sale_event,peak
669,515,515,65,450,342,4052.21,5940.94,sale_event,peak
670,691,691,75,616,374,4376.52,5963.87,sale_event,peak
671,657,657,68,589,355,4439.0,5954.4,sale_event,peak
672,594,594,61,533,358,4254.17,5951.91,sale_event,peak
673,521,521,76,445,355,3976.13,5978.22,sale_event,peak
674,526,526,100,426,337,3901.4,5935.87,sale_event,peak
675,628,628,71,557,344,4322.64,5964.95,sale_event,peak
676,636,636,83,553,351,4233.6,5950.18,sale_event,peak
677,552,552,65,487,340,4208.7,5950.7,sale_event,peak
678,586,586,81,505,320,4288.32,5974.38,sale_event,peak
679,640,640,61,579,358,4392.2,5959.54,sale_event,peak
680,674,674,77,597,339,4436.97,5934.89,sale_event,peak
681,619,619,79,540,344,4320.6,5955.94,sale_event,peak
682,599,599,85,514,331,4245.18,5952.65,sale_event,peak
683,642,642,97,545,360,4201.59,5976.54,sale_event,peak
684,698,698,82,616,368,4376.55,5971.63,sale_event,peak
685,667,667,91,576,371,4285.68,5943.77,sale_event,peak
686,648,648,74,574,378,4297.18,5951.17,sale_event,peak
687,618,618,77,541,360,4279.61,5977.98,sale_event,peak
688,577,577,90,487,308,4225.35,5936.87,sale_event,peak
689,588,588,103,485,332,4116.63,5963.61,sale_event,peak
690,661,661,84,577,371,4250.98,5968.47,sale_event,peak
691,682,682,62,620,374,4347.08,5953.99,sale_event,peak
692,503,503,110,393,330,3664.49,5962.68,sale_event,peak
693,640,640,131,509,348,3878.26,5939.69,sale_event,peak
694,517,517,87,430,378,3767.4,5972.3,sale_event,peak
695,630,630,119,511,352,3957.59,5941.02,sale_event,peak
696,644,644,84,560,361,4176.7,5966.9,sale_event,peak
697,666,666,104,562,339,4232.27,5950.64,sale_event,peak
698,688,688,111,577,343,4255.09,5947.8,sale_event,peak
699,555,555,95,460,351,3944.95,5974.77,sale_event,peak
700,529,529,80,449,365,3852.24,5955.7,sale_event,peak
701,484,484,117,367,367,3416.64,5731.17,sale_event,cool_down
702,508,508,181,327,265,2987.13,5196.1,sale_event,cool_down
703,504,504,122,382,382,3341.4,5848.57,sale_event,cool_down
704,498,498,161,337,277,2982.79,5049.47,sale_event,cool_down
705,491,491,124,367,367,3435.97,5889.17,sale_event,cool_down
706,481,481,170,311,254,2879.48,5022.29,sale_event,cool_down
707,484,484,132,352,352,3115.84,5432.19,sale_event,cool_down
708,490,490,169,321,321,2913.31,5306.75,sale_event,cool_down
709,466,466,170,296,253,2844.16,5138.67,sale_event,cool_down
710,478,478,174,304,304,2903.41,5266.03,sale_event,cool_down
711,484,484,155,329,329,2902.28,5230.28,sale_event,cool_down
712,461,461,141,320,320,2844.19,5109.39,sale_event,cool_down
713,461,461,153,308,308,2787.06,5014.51,sale_event,cool_down
714,496,496,139,357,297,3027.13,5153.03,sale_event,cool_down
715,473,473,115,358,358,3221.27,5518.02,sale_event,cool_down
716,462,462,167,295,295,2861.7,5176.29,sale_event,cool_down
717,490,490,157,333,280,2920.19,5173.31,sale_event,cool_down
718,477,477,135,342,342,3035.89,5257.55,sale_event,cool_down
719,464,464,151,313,313,2847.61,5172.32,sale_event,cool_down
720,467,467,165,302,302,2766.81,5097.05,sale_event,cool_down
721,480,480,150,330,330,2881.7,5196.51,sale_event,cool_down
722,476,476,154,322,322,2867.87,5154.86,sale_event,cool_down
723,442,442,160,282,282,2697.98,4820.18,sale_event,cool_down
724,461,461,164,297,297,2782.52,5048.15,sale_event,cool_down
725,465,465,166,299,299,2857.79,5110.14,sale_event,cool_down
726,445,445,179,266,266,2674.35,4795.83,sale_event,cool_down
727,472,472,124,348,348,2884.73,5169.76,sale_event,cool_down
728,450,450,167,283,283,2748.26,5019.11,sale_event,cool_down
729,454,454,152,302,302,2760.82,4967.68,sale_event,cool_down
730,460,460,163,297,297,2709.58,4908.41,sale_event,cool_down
731,450,450,130,320,320,2870.88,5026.25,sale_event,cool_down
732,450,450,146,304,304,2771.16,4951.56,sale_event,cool_down
733,448,448,163,285,285,2809.12,5024.98,sale_event,cool_down
734,442,442,160,282,282,2671.04,4759.42,sale_event,cool_down
735,436,436,148,288,288,2759.26,4886.59,sale_event,cool_down
736,426,426,182,244,244,2554.03,4546.95,sale_event,cool_down
737,428,428,160,268,268,2671.93,4794.87,sale_event,cool_down
738,428,428,162,266,266,2606.82,4689.06,sale_event,cool_down
739,421,421,164,257,257,2634.29,4500.42,sale_event,cool_down
740,444,444,149,295,295,2673.49,4844.92,sale_event,cool_down
741,449,449,163,286,286,2778.64,4997.54,sale_event,cool_down
742,423,423,145,278,278,2637.57,4547.54,sale_event,cool_down
743,432,432,154,278,278,2654.9,4714.47,sale_event,cool_down
744,444,444,168,276,276,2659.82,4858.34,sale_event,cool_down
745,403,403,162,241,241,2549.4,4542.49,sale_event,cool_down
746,417,417,136,281,281,2716.9,4770.63,sale_event,cool_down
747,436,436,168,268,268,2650.05,4608.68,sale_event,cool_down
748,423,423,142,281,281,2624.81,4750.65,sale_event,cool_down
749,431,431,160,271,271,2697.97,4823.96,sale_event,cool_down
750,403,403,126,277,277,2475.33,4265.88,sale_event,cool_down
751,432,432,151,281,281,2649.79,4728.63,sale_event,cool_down
752,401,401,177,224,224,2508.39,4547.45,sale_event,cool_down
753,414,414,159,255,255,2600.38,4599.42,sale_event,cool_down
754,403,403,160,243,243,2533.72,4465.75,sale_event,cool_down
755,423,423,138,285,285,2836.66,4967.72,sale_event,cool_down
756,398,398,130,268,268,2499.56,4390.12,sale_event,cool_down
757,403,403,174,229,229,2481.38,4518.24,sale_event,cool_down
758,398,398,149,249,249,2499.6,4402.2,sale_event,cool_down
759,396,396,141,255,255,2476.37,4282.39,sale_event,cool_down
760,390,390,156,234,234,2385.91,4167.84,sale_event,cool_down
761,395,395,175,220,220,2371.39,4219.72,sale_event,cool_down
762,386,386,149,237,237,2405.95,4232.43,sale_event,cool_down
763,378,378,167,211,211,2298.72,4062.25,sale_event,cool_down
764,396,396,178,218,218,2432.77,4379.5,sale_event,cool_down
765,398,398,154,244,244,2526.01,4475.39,sale_event,cool_down
766,366,366,163,203,203,2304.28,4079.32,sale_event,cool_down
767,387,387,164,223,223,2376.73,4227.5,sale_event,cool_down
768,383,383,170,213,213,2315.84,4122.07,sale_event,cool_down
769,383,383,161,222,222,2355.94,4190.09,sale_event,cool_down
770,367,367,160,207,207,2350.48,4164.96,sale_event,cool_down
771,394,394,132,262,262,2701.14,4605.21,sale_event,cool_down
772,383,383,131,252,252,2480.26,4297.14,sale_event,cool_down
773,371,371,149,222,222,2290.3,4081.41,sale_event,cool_down
774,357,357,177,180,180,2260.7,3889.41,sale_event,cool_down
775,358,358,152,206,206,2185.63,3897.29,sale_event,cool_down
776,382,382,149,233,233,2357.44,4193.26,sale_event,cool_down
777,353,353,155,198,198,2202.72,3791.0,sale_event,cool_down
778,380,380,153,227,227,2391.09,4229.99,sale_event,cool_down
779,358,358,168,190,190,2253.31,3965.56,sale_event,cool_down
780,366,366,159,207,207,2289.87,4015.25,sale_event,cool_down
781,350,350,158,192,192,2216.89,3892.9,sale_event,cool_down
782,368,368,173,195,195,2216.53,3852.02,sale_event,cool_down
783,358,358,168,190,190,2243.8,3903.71,sale_event,cool_down
784,347,347,163,184,184,2217.37,3833.61,sale_event,cool_down
785,361,361,174,187,187,2209.24,3876.74,sale_event,cool_down
786,370,370,148,222,222,2348.79,4057.98,sale_event,cool_down
787,367,367,161,206,206,2297.18,4055.73,sale_event,cool_down
788,356,356,150,206,206,2188.87,3833.53,sale_event,cool_down
789,331,331,168,163,163,2067.05,3615.26,sale_event,cool_down
790,340,340,145,195,195,2152.43,3772.01,sale_event,cool_down
791,336,336,149,187,187,2195.19,3808.52,sale_event,cool_down
792,345,345,163,182,182,2156.48,3767.57,sale_event,cool_down
793,342,342,167,175,175,2170.71,3781.97,sale_event,cool_down
794,327,327,142,185,185,2151.12,3674.92,sale_event,cool_down
795,316,316,165,151,151,1940.13,3364.89,sale_event,cool_down
796,335,335,152,183,183,2055.22,3624.04,sale_event,cool_down
797,326,326,137,189,189,2174.7,3748.39,sale_event,cool_down
798,310,310,158,152,152,1933.45,3303.91,sale_event,cool_down
799,320,320,166,154,154,1994.14,3464.71,sale_event,cool_down
800,315,315,166,149,149,1934.56,3246.77,sale_event,cool_down
801,324,324,170,154,154,2022.94,3563.02,sale_event,cool_down
802,326,326,162,164,164,2064.44,3583.97,sale_event,cool_down
803,318,318,158,160,160,1963.23,3426.88,sale_event,cool_down
804,298,298,158,140,140,1879.45,3252.85,sale_event,cool_down
805,335,335,152,183,183,2086.23,3711.19,sale_event,cool_down
806,325,325,175,150,150,2036.77,3561.78,sale_event,cool_down
807,304,304,163,141,141,1955.95,3406.47,sale_event,cool_down
808,314,314,152,162,162,2003.44,3433.35,sale_event,cool_down
809,302,302,156,146,146,1868.83,3281.99,sale_event,cool_down
810,300,300,160,140,140,1924.42,3264.21,sale_event,cool_down
811,308,308,169,139,139,1904.2,3283.73,sale_event,cool_down
812,324,324,161,163,163,2033.42,3555.42,sale_event,cool_down
813,313,313,143,170,170,1972.45,3469.33,sale_event,cool_down
814,308,308,154,154,154,1992.5,3407.09,sale_event,cool_down
815,291,291,145,146,146,1860.43,3184.69,sale_event,cool_down
816,278,278,157,121,121,1819.92,3080.09,sale_event,cool_down
817,315,315,183,132,132,1941.47,3356.71,sale_event,cool_down
818,286,286,162,124,124,1855.85,3163.74,sale_event,cool_down
819,272,272,154,118,118,1721.11,2932.06,sale_event,cool_down
820,303,303,160,143,143,1937.83,3326.02,sale_event,cool_down
821,280,280,161,119,119,1808.77,3061.5,sale_event,cool_down
822,269,269,161,108,108,1742.26,2930.16,sale_event,cool_down
823,297,297,158,139,139,1850.34,3113.92,sale_event,cool_down
824,285,285,167,118,118,1805.42,3123.48,sale_event,cool_down
825,267,267,158,109,109,1806.81,3050.81,sale_event,cool_down
826,295,295,155,140,140,1819.1,3142.16,sale_event,cool_down
827,294,294,162,132,132,1891.58,3188.91,sale_event,cool_down
828,274,274,172,102,102,1733.62,2948.22,sale_event,cool_down
829,262,262,163,99,99,1682.34,2859.63,sale_event,cool_down
830,279,279,156,123,123,1783.52,3062.08,sale_event,cool_down
831,280,280,161,119,119,1761.77,3071.58,sale_event,cool_down
832,277,277,164,113,113,1798.52,3053.92,sale_event,cool_down
833,285,285,156,129,129,1841.03,3087.75,sale_event,cool_down
834,260,260,166,94,94,1698.41,2851.9,sale_event,cool_down
835,244,244,161,83,83,1624.13,2678.13,sale_event,cool_down
836,253,253,162,91,91,1661.67,2764.59,sale_event,cool_down
837,271,271,152,119,119,1824.11,3194.2,sale_event,cool_down
838,277,277,148,129,129,1794.41,3026.67,sale_event,cool_down
839,251,251,138,113,113,1699.1,2823.83,sale_event,cool_down
840,258,258,146,112,112,1710.36,2857.11,sale_event,cool_down
841,234,234,168,66,66,1520.41,2516.36,sale_event,cool_down
842,261,261,160,101,101,1646.41,2842.08,sale_event,cool_down
843,270,270,163,107,107,1725.0,2919.26,sale_event,cool_down
844,238,238,159,79,79,1545.06,2615.12,sale_event,cool_down
845,255,255,153,102,102,1670.11,2813.93,sale_event,cool_down
846,230,230,149,81,81,1497.83,2475.64,sale_event,cool_down
847,225,225,165,60,60,1503.16,2413.28,sale_event,cool_down
848,229,229,158,71,71,1474.24,2452.2,sale_event,cool_down
849,223,223,149,74,74,1507.78,2465.32,sale_event,cool_down
850,251,251,174,77,77,1676.77,2808.4,sale_event,cool_down
851,236,236,175,61,61,1496.0,2545.54,sale_event,cool_down
852,220,220,168,52,52,1474.32,2409.82,sale_event,cool_down
853,246,246,162,84,84,1582.96,2680.13,sale_event,cool_down
854,236,236,151,85,85,1588.22,2595.71,sale_event,cool_down
855,212,212,176,36,36,1414.04,2291.18,sale_event,cool_down
856,229,229,149,80,80,1503.75,2498.39,sale_event,cool_down
857,222,222,155,67,67,1538.74,2519.93,sale_event,cool_down
858,242,242,154,88,88,1587.95,2625.08,sale_event,cool_down
859,208,208,139,69,69,1482.95,2349.93,sale_event,cool_down
860,229,229,150,79,79,1470.76,2489.67,sale_event,cool_down
861,234,234,168,66,66,1513.87,2570.46,sale_event,cool_down
862,217,217,160,57,57,1528.15,2422.35,sale_event,cool_down
863,213,213,156,57,57,1411.12,2334.48,sale_event,cool_down
864,217,217,136,81,81,1485.39,2468.96,sale_event,cool_down
865,221,221,181,40,40,1515.29,2404.87,sale_event,cool_down
866,200,200,164,36,36,1353.92,2211.21,sale_event,cool_down
867,201,201,162,39,39,1364.03,2204.94,sale_event,cool_down
868,196,196,178,18,18,1342.82,2147.01,sale_event,cool_down
869,211,211,157,54,54,1419.37,2316.12,sale_event,cool_down
870,219,219,175,44,44,1450.08,2354.51,sale_event,cool_down
871,217,217,162,55,55,1432.67,2332.92,sale_event,cool_down
872,205,205,158,47,47,1368.3,2229.58,sale_event,cool_down
873,182,182,182,0,0,1191.17,1945.02,sale_event,cool_down
874,194,194,170,24,24,1327.61,2186.15,sale_event,cool_down
875,207,207,165,42,42,1411.19,2288.52,sale_event,cool_down
876,183,183,183,0,0,1251.34,1910.49,sale_event,cool_down
877,176,176,176,0,0,1246.94,1990.86,sale_event,cool_down
878,178,178,178,0,0,1202.9,1919.57,sale_event,cool_down
879,185,185,163,22,22,1317.11,2038.69,sale_event,cool_down
880,169,169,169,0,0,1233.52,1899.58,sale_event,cool_down
881,183,183,183,0,0,1259.53,1993.01,sale_event,cool_down
882,197,197,179,18,18,1346.86,2143.77,sale_event,cool_down
883,189,189,165,24,24,1292.2,2057.42,sale_event,cool_down
884,186,186,150,36,36,1276.16,2016.21,sale_event,cool_down
885,172,172,172,0,0,1196.66,1909.75,sale_event,cool_down
886,189,189,157,32,32,1330.99,2070.0,sale_event,cool_down
887,180,180,180,0,0,1228.65,1990.04,sale_event,cool_down
888,154,154,154,0,0,1149.22,1733.27,sale_event,cool_down
889,178,178,137,41,41,1232.62,2029.46,sale_event,cool_down
890,147,147,147,0,0,1062.4,1593.46,sale_event,cool_down
891,156,156,156,0,0,1075.35,1675.75,sale_event,cool_down
892,159,159,159,0,0,1120.27,1745.8,sale_event,cool_down
893,177,177,177,0,0,1185.56,1896.64,sale_event,cool_down
894,177,177,156,21,21,1318.64,2003.36,sale_event,cool_down
895,157,157,157,0,0,1124.4,1686.75,sale_event,cool_down
896,150,150,150,0,0,1098.28,1633.08,sale_event,cool_down
897,140,140,140,0,0,1040.21,1539.39,sale_event,cool_down
898,157,157,157,0,0,1078.16,1720.6,sale_event,cool_down
899,152,152,152,0,0,1084.01,1700.95,sale_event,cool_down
900,132,132,132,0,0,1040.78,1535.1,sale_event,cool_down
901,97,97,97,0,0,878.2,1147.31,sale_event,stable
902,102,102,102,0,0,787.01,1092.56,sale_event,stable
903,102,102,102,0,0,743.49,1054.71,sale_event,stable
904,103,103,103,0,0,777.41,1115.84,sale_event,stable
905,95,95,95,0,0,775.98,1055.17,sale_event,stable
906,102,102,102,0,0,768.38,1109.2,sale_event,stable
907,90,90,90,0,0,699.2,962.96,sale_event,stable
908,110,110,110,0,0,841.11,1279.87,sale_event,stable
909,109,109,109,0,0,882.17,1248.15,sale_event,stable
910,106,106,106,0,0,807.82,1182.18,sale_event,stable
911,101,101,101,0,0,734.84,1062.92,sale_event,stable
912,107,107,107,0,0,771.12,1131.64,sale_event,stable
913,109,109,109,0,0,839.65,1183.37,sale_event,stable
914,96,96,96,0,0,757.68,1054.5,sale_event,stable
915,98,98,98,0,0,763.35,1058.84,sale_event,stable
916,107,107,107,0,0,814.36,1129.56,sale_event,stable
917,102,102,102,0,0,761.67,1047.83,sale_event,stable
918,92,92,92,0,0,692.22,967.34,sale_event,stable
919,104,104,104,0,0,830.92,1146.19,sale_event,stable
920,101,101,101,0,0,786.22,1073.82,sale_event,stable
921,109,109,109,0,0,832.41,1172.39,sale_event,stable
922,93,93,93,0,0,705.0,988.75,sale_event,stable
923,103,103,103,0,0,786.69,1104.08,sale_event,stable
924,93,93,93,0,0,729.26,1006.73,sale_event,stable
925,95,95,95,0,0,664.63,956.63,sale_event,stable
926,92,92,92,0,0,776.76,1033.1,sale_event,stable
927,107,107,107,0,0,804.23,1171.26,sale_event,stable
928,108,108,108,0,0,843.74,1168.77,sale_event,stable
929,90,90,90,0,0,741.03,989.39,sale_event,stable
930,93,93,93,0,0,748.42,1004.51,sale_event,stable
931,97,97,97,0,0,747.05,1029.41,sale_event,stable
932,107,107,107,0,0,825.13,1142.82,sale_event,stable
933,99,99,99,0,0,779.0,1076.77,sale_event,stable
934,92,92,92,0,0,709.64,982.44,sale_event,stable
935,104,104,104,0,0,772.03,1093.67,sale_event,stable
936,105,105,105,0,0,780.85,1122.01,sale_event,stable
937,102,102,102,0,0,784.19,1118.66,sale_event,stable
938,92,92,92,0,0,749.43,1029.1,sale_event,stable
939,101,101,101,0,0,817.55,1136.36,sale_event,stable
940,92,92,92,0,0,697.09,973.21,sale_event,stable
941,91,91,91,0,0,757.1,1002.32,sale_event,stable
942,108,108,108,0,0,811.62,1158.47,sale_event,stable
943,96,96,96,0,0,714.29,1016.99,sale_event,stable
944,94,94,94,0,0,727.53,996.96,sale_event,stable
945,97,97,97,0,0,682.46,999.51,sale_event,stable
946,92,92,92,0,0,739.71,982.02,sale_event,stable
947,100,100,100,0,0,763.51,1114.1,sale_event,stable
948,98,98,98,0,0,794.63,1071.92,sale_event,stable
949,95,95,95,0,0,751.34,1017.36,sale_event,stable
950,109,109,109,0,0,814.43,1196.16,sale_event,stable
951,95,95,95,0,0,764.78,1015.36,sale_event,stable
952,107,107,107,0,0,779.83,1138.46,sale_event,stable
953,108,108,108,0,0,837.81,1166.76,sale_event,stable
954,110,110,110,0,0,769.96,1140.86,sale_event,stable
955,92,92,92,0,0,784.58,1016.42,sale_event,stable
956,110,110,110,0,0,821.39,1183.29,sale_event,stable
957,107,107,107,0,0,744.51,1113.89,sale_event,stable
958,107,107,107,0,0,830.05,1164.4,sale_event,stable
959,101,101,101,0,0,798.19,1106.33,sale_event,stable
960,96,96,96,0,0,724.34,1004.59,sale_event,stable
961,107,107,107,0,0,859.73,1258.36,sale_event,stable
962,100,100,100,0,0,799.44,1108.45,sale_event,stable
963,109,109,109,0,0,819.51,1164.93,sale_event,stable
964,95,95,95,0,0,746.44,1040.58,sale_event,stable
965,95,95,95,0,0,745.23,1060.29,sale_event,stable
966,97,97,97,0,0,743.35,1041.06,sale_event,stable
967,95,95,95,0,0,708.72,1005.02,sale_event,stable
968,108,108,108,0,0,826.31,1158.04,sale_event,stable
969,108,108,108,0,0,844.81,1175.37,sale_event,stable
970,104,104,104,0,0,812.45,1145.96,sale_event,stable
971,109,109,109,0,0,923.24,1271.95,sale_event,stable
972,99,99,99,0,0,774.06,1088.63,sale_event,stable
973,107,107,107,0,0,821.5,1213.98,sale_event,stable
974,100,100,100,0,0,788.84,1074.24,sale_event,stable
975,107,107,107,0,0,801.91,1125.59,sale_event,stable
976,109,109,109,0,0,850.82,1213.92,sale_event,stable
977,90,90,90,0,0,690.57,963.31,sale_event,stable
978,90,90,90,0,0,765.72,1003.03,sale_event,stable
979,94,94,94,0,0,742.61,1018.44,sale_event,stable
980,105,105,105,0,0,841.29,1155.62,sale_event,stable
981,100,100,100,0,0,727.79,1073.3,sale_event,stable
982,105,105,105,0,0,772.35,1135.9,sale_event,stable
983,99,99,99,0,0,807.78,1180.9,sale_event,stable
984,91,91,91,0,0,678.23,943.46,sale_event,stable
985,106,106,106,0,0,756.0,1126.53,sale_event,stable
986,92,92,92,0,0,821.03,1071.91,sale_event,stable
987,101,101,101,0,0,784.6,1105.08,sale_event,stable
988,109,109,109,0,0,819.98,1181.4,sale_event,stable
989,106,106,106,0,0,732.21,1098.14,sale_event,stable
990,97,97,97,0,0,780.37,1066.61,sale_event,stable
991,103,103,103,0,0,778.91,1090.29,sale_event,stable
992,106,106,106,0,0,788.21,1134.62,sale_event,stable
993,96,96,96,0,0,744.79,1032.03,sale_event,stable
994,103,103,103,0,0,793.54,1135.28,sale_event,stable
995,99,99,99,0,0,770.0,1089.81,sale_event,stable
996,95,95,95,0,0,800.2,1098.84,sale_event,stable
997,97,97,97,0,0,696.82,1032.92,sale_event,stable
998,104,104,104,0,0,816.38,1139.61,sale_event,stable
999,97,97,97,0,0,751.41,1012.98,sale_event,stable
1000,95,95,95,0,0,718.98,1001.86,sale_event,stable
