timestamp,elapsed_sec,current_cpu,action,request_count,success_count,fail_count,avg_latency_ms,p95_latency_ms,current_rps
2026-03-26 22:31:19,0.14,0.5,HOLD,0,0,0,0.0,0.0,0.0
2026-03-26 22:31:21,2.17,0.5,HOLD,0,0,0,0.0,0.0,0.0
2026-03-26 22:31:23,4.2,0.5,HOLD,0,0,0,0.0,0.0,0.0
2026-03-26 22:31:26,6.23,1.0,SCALE_OUT,107,107,0,86.518,488.771,21.4
2026-03-26 22:31:29,9.56,1.0,HOLD,338,338,0,102.305,344.213,67.6
2026-03-26 22:31:31,12.0,1.5,SCALE_OUT,430,430,0,89.849,287.302,86.0
2026-03-26 22:31:34,14.17,1.5,HOLD,468,468,0,71.325,194.691,93.6
2026-03-26 22:31:37,17.11,2.0,SCALE_OUT,487,487,0,67.086,209.442,97.4
2026-03-26 22:31:39,19.9,2.0,HOLD,477,477,0,70.126,225.842,95.4
2026-03-26 22:31:42,22.55,2.0,HOLD,494,494,0,87.417,268.391,98.8
2026-03-26 22:31:45,25.39,2.0,HOLD,493,493,0,82.344,286.412,98.6
2026-03-26 22:31:48,28.19,2.0,HOLD,492,492,0,78.264,262.558,98.4
2026-03-26 22:31:51,31.05,2.0,HOLD,482,482,0,82.294,281.693,96.4
2026-03-26 22:31:54,33.96,2.0,HOLD,478,478,0,91.047,317.545,95.6
2026-03-26 22:31:56,36.74,2.0,HOLD,487,487,0,89.179,303.177,97.4
2026-03-26 22:31:58,39.58,2.0,HOLD,470,470,0,85.301,272.402,94.0
2026-03-26 22:32:01,41.6,2.0,HOLD,472,472,0,82.461,265.601,94.4
2026-03-26 22:32:03,43.62,2.0,HOLD,464,464,0,81.792,295.502,92.8
2026-03-26 22:32:05,46.51,2.0,HOLD,456,456,0,84.125,270.607,91.2
2026-03-26 22:32:08,48.58,2.0,HOLD,460,460,0,79.001,266.741,92.0
2026-03-26 22:32:10,50.65,2.0,HOLD,476,476,0,79.16,254.002,95.2
2026-03-26 22:32:12,53.47,2.0,HOLD,451,451,0,78.723,237.848,90.2
2026-03-26 22:32:15,55.49,2.0,HOLD,449,449,0,85.936,277.061,89.8
2026-03-26 22:32:18,57.74,2.0,HOLD,472,472,0,81.471,260.758,94.4
2026-03-26 22:32:20,60.65,2.0,HOLD,455,455,0,80.536,234.26,91.0
2026-03-26 22:32:23,63.61,2.0,HOLD,438,438,0,83.988,233.861,87.6
2026-03-26 22:32:25,65.64,2.0,HOLD,449,449,0,90.899,302.612,89.8
2026-03-26 22:32:27,68.46,2.0,HOLD,439,439,0,88.411,279.039,87.8
2026-03-26 22:32:29,70.56,2.0,HOLD,438,438,0,85.232,263.002,87.6
2026-03-26 22:32:32,72.58,2.0,HOLD,460,460,0,81.031,246.196,92.0
2026-03-26 22:32:34,74.61,2.0,HOLD,463,463,0,82.019,239.225,92.6
2026-03-26 22:32:37,76.64,2.0,HOLD,458,458,0,100.298,294.531,91.6
2026-03-26 22:32:39,79.65,2.0,HOLD,465,465,0,99.976,294.531,93.0
2026-03-26 22:32:41,82.51,2.0,HOLD,458,458,0,84.904,281.561,91.6
2026-03-26 22:32:44,84.6,2.0,HOLD,457,457,0,78.913,251.151,91.4
2026-03-26 22:32:46,86.73,2.0,HOLD,456,456,0,83.901,256.861,91.2
2026-03-26 22:32:48,89.57,2.0,HOLD,448,448,0,88.522,275.003,89.6
2026-03-26 22:32:50,91.59,2.0,HOLD,423,423,0,84.654,275.571,84.6
2026-03-26 22:32:53,93.62,2.0,HOLD,442,442,0,78.98,283.924,88.4
2026-03-26 22:32:55,95.66,2.0,HOLD,470,470,0,85.583,295.809,94.0
2026-03-26 22:32:57,97.69,2.0,HOLD,470,470,0,87.039,281.41,94.0
2026-03-26 22:32:59,99.78,2.0,HOLD,487,487,0,85.828,254.572,97.4
2026-03-26 22:33:01,102.59,2.0,HOLD,474,474,0,75.689,227.511,94.8
2026-03-26 22:33:03,104.6,2.0,HOLD,463,463,0,73.233,213.422,92.6
2026-03-26 22:33:06,106.62,2.0,HOLD,451,451,0,69.586,225.676,90.2
2026-03-26 22:33:08,108.63,2.0,HOLD,442,442,0,82.077,273.104,88.4
2026-03-26 22:33:11,110.7,2.0,HOLD,458,458,0,82.683,261.166,91.6
2026-03-26 22:33:13,113.66,2.0,HOLD,466,466,0,81.269,243.305,93.2
2026-03-26 22:33:15,116.51,2.0,HOLD,446,446,0,84.805,246.925,89.2
2026-03-26 22:33:18,118.59,2.0,HOLD,441,441,0,79.243,227.147,88.2
2026-03-26 22:33:20,120.65,2.0,HOLD,441,441,0,94.609,275.856,88.2
2026-03-26 22:33:23,122.76,2.0,HOLD,457,457,0,85.237,283.853,91.4
2026-03-26 22:33:25,125.71,2.0,HOLD,470,470,0,63.837,230.605,94.0
2026-03-26 22:33:27,128.45,2.0,HOLD,442,442,0,60.62,242.844,88.4
2026-03-26 22:33:30,130.6,2.0,HOLD,435,435,0,72.578,252.016,87.0
2026-03-26 22:33:32,132.63,2.0,HOLD,439,439,0,83.494,246.821,87.8
2026-03-26 22:33:34,135.53,2.0,HOLD,447,447,0,81.753,236.338,89.4
2026-03-26 22:33:37,137.55,2.0,HOLD,464,464,0,80.699,229.306,92.8
2026-03-26 22:33:39,139.63,2.0,HOLD,458,458,0,91.674,329.629,91.6
2026-03-26 22:33:42,141.81,2.0,HOLD,456,456,0,100.602,342.66,91.2
2026-03-26 22:33:45,144.68,2.0,HOLD,457,457,0,83.905,263.912,91.4
2026-03-26 22:33:47,147.73,2.0,HOLD,458,458,0,77.923,228.848,91.6
2026-03-26 22:33:50,150.59,2.0,HOLD,468,468,0,86.924,278.547,93.6
2026-03-26 22:33:52,152.71,2.0,HOLD,461,461,0,82.032,248.157,92.2
2026-03-26 22:33:55,155.62,2.0,HOLD,442,442,0,85.579,268.418,88.4
2026-03-26 22:33:58,157.64,2.0,HOLD,451,451,0,93.708,274.957,90.2
2026-03-26 22:34:00,160.65,2.0,HOLD,476,476,0,73.145,225.857,95.2
2026-03-26 22:34:03,163.47,2.0,HOLD,465,465,0,70.126,206.541,93.0
2026-03-26 22:34:05,165.7,2.0,HOLD,478,478,0,74.906,214.942,95.6
2026-03-26 22:34:07,168.55,2.0,HOLD,463,463,0,73.998,206.621,92.6
2026-03-26 22:34:09,170.58,2.0,HOLD,433,433,0,76.354,217.994,86.6
2026-03-26 22:34:12,172.6,2.0,HOLD,431,431,0,78.922,226.155,86.2
2026-03-26 22:34:14,174.63,2.0,HOLD,439,439,0,85.449,250.771,87.8
2026-03-26 22:34:16,176.69,2.0,HOLD,452,452,0,79.256,260.289,90.4
2026-03-26 22:34:18,179.49,2.0,HOLD,460,460,0,66.388,212.883,92.0
2026-03-26 22:34:21,181.51,2.0,HOLD,439,439,0,65.041,212.883,87.8
2026-03-26 22:34:23,183.66,2.0,HOLD,443,443,0,70.652,247.838,88.6
2026-03-26 22:34:26,185.69,2.0,HOLD,444,444,0,80.993,291.464,88.8
2026-03-26 22:34:28,188.73,2.0,HOLD,452,452,0,95.086,291.464,90.4
2026-03-26 22:34:31,191.52,2.0,HOLD,471,471,0,80.276,256.561,94.2
2026-03-26 22:34:33,193.64,2.0,HOLD,458,458,0,72.064,258.546,91.6
2026-03-26 22:34:36,196.45,2.0,HOLD,442,442,0,71.898,196.819,88.4
2026-03-26 22:34:39,198.64,2.0,HOLD,459,459,0,78.316,225.833,91.8
2026-03-26 22:34:41,201.64,2.0,HOLD,468,468,0,65.259,196.089,93.6
2026-03-26 22:34:44,204.44,2.0,HOLD,439,439,0,67.314,237.752,87.8
2026-03-26 22:34:47,206.65,2.0,HOLD,464,464,0,87.23,284.119,92.8
2026-03-26 22:34:49,209.65,2.0,HOLD,487,487,0,85.37,239.141,97.4
2026-03-26 22:34:51,211.91,2.0,HOLD,497,497,0,76.08,220.406,99.4
2026-03-26 22:34:53,214.06,2.0,HOLD,484,484,0,79.671,232.906,96.8
2026-03-26 22:34:56,216.53,2.0,HOLD,482,482,0,86.586,268.864,96.4
2026-03-26 22:34:58,218.7,2.0,HOLD,480,480,0,77.973,256.562,96.0
2026-03-26 22:35:00,220.82,2.0,HOLD,483,483,0,72.153,232.736,96.6
2026-03-26 22:35:02,223.33,2.0,HOLD,475,475,0,80.171,253.587,95.0
2026-03-26 22:35:05,225.61,2.0,HOLD,486,486,0,77.705,215.474,97.2
2026-03-26 22:35:07,227.85,2.0,HOLD,498,498,0,77.611,261.785,99.6
2026-03-26 22:35:09,230.17,2.0,HOLD,478,478,0,81.201,255.614,95.6
2026-03-26 22:35:12,232.57,2.0,HOLD,467,467,0,83.477,249.746,93.4
2026-03-26 22:35:14,235.14,2.0,HOLD,478,478,0,78.74,221.17,95.6
2026-03-26 22:35:17,237.62,2.0,HOLD,482,482,0,73.126,217.306,96.4
2026-03-26 22:35:19,239.95,2.0,HOLD,479,479,0,72.423,214.16,95.8
2026-03-26 22:35:22,242.33,2.0,HOLD,483,483,0,77.694,221.936,96.6
2026-03-26 22:35:24,244.76,2.0,HOLD,480,480,0,84.521,240.793,96.0
2026-03-26 22:35:27,247.29,2.0,HOLD,474,474,0,82.478,238.774,94.8
2026-03-26 22:35:30,249.95,2.0,HOLD,462,462,0,80.793,269.509,92.4
2026-03-26 22:35:32,252.67,2.0,HOLD,483,483,0,82.677,269.509,96.6
2026-03-26 22:35:35,255.28,2.0,HOLD,498,498,0,82.497,254.803,99.6
2026-03-26 22:35:37,257.85,2.0,HOLD,487,487,0,75.658,251.842,97.4
2026-03-26 22:35:40,260.53,2.0,HOLD,468,468,0,81.142,285.091,93.6
2026-03-26 22:35:43,263.41,2.0,HOLD,464,464,0,95.117,311.828,92.8
2026-03-26 22:35:46,266.0,2.0,HOLD,475,475,0,85.79,299.536,95.0
2026-03-26 22:35:48,268.8,2.0,HOLD,491,491,0,78.529,270.795,98.2
2026-03-26 22:35:51,271.6,2.0,HOLD,482,482,0,70.743,244.893,96.4
2026-03-26 22:35:55,274.47,2.0,HOLD,491,491,0,82.552,250.676,98.2
2026-03-26 22:35:58,277.62,2.0,HOLD,490,490,0,84.346,244.557,98.0
2026-03-26 22:36:00,280.62,2.0,HOLD,487,487,0,79.376,201.772,97.4
2026-03-26 22:36:03,283.58,2.0,HOLD,484,484,0,73.388,222.975,96.8
2026-03-26 22:36:07,286.56,2.0,HOLD,480,480,0,72.059,233.225,96.0
2026-03-26 22:36:10,289.77,2.0,HOLD,482,482,0,81.24,218.17,96.4
2026-03-26 22:36:13,292.83,2.0,HOLD,485,485,0,75.394,212.219,97.0
2026-03-26 22:36:16,295.79,2.0,HOLD,480,480,0,72.065,242.39,96.0
2026-03-26 22:36:19,298.91,2.0,HOLD,479,479,0,75.916,232.398,95.8
2026-03-26 22:36:22,302.13,2.0,HOLD,475,475,0,73.633,247.324,95.0
2026-03-26 22:36:25,305.26,2.0,HOLD,476,476,0,75.119,243.277,95.2
2026-03-26 22:36:29,308.44,2.0,HOLD,481,481,0,73.736,207.151,96.2
2026-03-26 22:36:32,311.82,2.0,HOLD,483,483,0,85.902,244.892,96.6
2026-03-26 22:36:35,315.02,2.0,HOLD,481,481,0,92.128,277.996,96.2
2026-03-26 22:36:39,318.6,2.0,HOLD,473,473,0,95.464,301.912,94.6
2026-03-26 22:36:42,321.99,2.0,HOLD,488,488,0,78.002,249.358,97.6
2026-03-26 22:36:46,325.41,2.0,HOLD,479,479,0,73.884,249.358,95.8
2026-03-26 22:36:49,328.72,2.0,HOLD,481,481,0,76.522,230.204,96.2
2026-03-26 22:36:52,332.18,2.0,HOLD,477,477,0,66.618,186.487,95.4
2026-03-26 22:36:55,335.53,2.0,HOLD,473,473,0,73.724,235.774,94.6
2026-03-26 22:36:58,337.76,2.0,HOLD,471,471,0,73.143,202.861,94.2
2026-03-26 22:37:02,341.22,2.0,HOLD,466,466,0,80.375,264.128,93.2
2026-03-26 22:37:05,344.88,2.0,HOLD,486,486,0,84.935,250.697,97.2
2026-03-26 22:37:09,348.48,2.0,HOLD,473,473,0,89.769,299.432,94.6
2026-03-26 22:37:12,352.2,2.0,HOLD,480,480,0,75.073,222.075,96.0
2026-03-26 22:37:15,355.5,2.0,HOLD,492,492,0,65.842,207.021,98.4
2026-03-26 22:37:18,357.76,2.0,HOLD,492,492,0,69.053,214.305,98.4
2026-03-26 22:37:20,361.2,2.0,HOLD,470,470,0,92.149,331.997,94.0
2026-03-26 22:37:24,363.55,2.0,HOLD,451,451,0,93.902,334.171,90.2
2026-03-26 22:37:26,366.94,2.0,HOLD,476,476,0,73.441,212.643,95.2
2026-03-26 22:37:28,369.25,2.0,HOLD,477,477,0,87.074,234.507,95.4
2026-03-26 22:37:32,371.29,2.0,HOLD,464,464,0,90.493,245.673,92.8
2026-03-26 22:37:34,374.79,2.0,HOLD,479,479,0,79.087,220.895,95.8
2026-03-26 22:37:36,377.19,2.0,HOLD,480,480,0,84.647,224.935,96.0
2026-03-26 22:37:40,379.25,2.0,HOLD,484,484,0,90.502,259.954,96.8
2026-03-26 22:37:42,382.66,2.0,HOLD,491,491,0,82.694,258.031,98.2
2026-03-26 22:37:45,384.91,2.0,HOLD,481,481,0,73.782,227.298,96.2
2026-03-26 22:37:48,388.19,2.0,HOLD,470,470,0,77.059,253.165,94.0
2026-03-26 22:37:51,391.01,2.0,HOLD,467,467,0,89.667,272.846,93.4
2026-03-26 22:37:54,394.25,2.0,HOLD,477,477,0,88.367,286.972,95.4
2026-03-26 22:37:57,396.99,2.0,HOLD,484,484,0,77.888,248.885,96.8
2026-03-26 22:38:00,400.27,2.0,HOLD,483,483,0,57.042,187.579,96.6
2026-03-26 22:38:02,402.93,2.0,HOLD,481,481,0,65.091,206.507,96.2
2026-03-26 22:38:04,405.15,2.0,HOLD,470,470,0,80.327,229.085,94.0
2026-03-26 22:38:06,407.19,2.0,HOLD,474,474,0,86.083,249.82,94.8
2026-03-26 22:38:08,409.28,2.0,HOLD,478,478,0,79.075,260.394,95.6
2026-03-26 22:38:10,411.34,2.0,HOLD,472,472,0,78.054,242.748,94.4
2026-03-26 22:38:13,413.42,2.0,HOLD,466,466,0,82.929,209.747,93.2
2026-03-26 22:38:15,415.65,2.0,HOLD,474,474,0,89.709,260.772,94.8
2026-03-26 22:38:17,417.76,2.0,HOLD,466,466,0,89.428,294.264,93.2
2026-03-26 22:38:19,420.04,2.0,HOLD,472,472,0,82.009,262.27,94.4
2026-03-26 22:38:21,422.13,2.0,HOLD,480,480,0,83.55,263.709,96.0
2026-03-26 22:38:23,424.35,2.0,HOLD,484,484,0,75.479,233.114,96.8
2026-03-26 22:38:26,426.58,2.0,HOLD,484,484,0,75.098,200.015,96.8
2026-03-26 22:38:28,428.86,2.0,HOLD,479,479,0,76.613,222.12,95.8
2026-03-26 22:38:30,430.99,2.0,HOLD,486,486,0,81.861,245.921,97.2
2026-03-26 22:38:32,433.04,2.0,HOLD,475,475,0,93.308,273.279,95.0
2026-03-26 22:38:34,435.13,2.0,HOLD,477,477,0,88.005,279.026,95.4
2026-03-26 22:38:36,437.2,2.0,HOLD,475,475,0,88.825,269.3,95.0
2026-03-26 22:38:38,439.34,2.0,HOLD,487,487,0,86.353,249.466,97.4
2026-03-26 22:38:41,441.53,2.0,HOLD,480,480,0,89.32,243.612,96.0
2026-03-26 22:38:43,443.73,2.0,HOLD,468,468,0,88.126,248.337,93.6
2026-03-26 22:38:45,446.1,2.0,HOLD,471,471,0,90.81,254.638,94.2
2026-03-26 22:38:47,448.31,2.0,HOLD,470,470,0,94.644,261.164,94.0
2026-03-26 22:38:50,450.47,2.0,HOLD,486,486,0,91.3,257.025,97.2
2026-03-26 22:38:52,452.67,2.0,HOLD,470,470,0,85.525,261.327,94.0
2026-03-26 22:38:54,455.11,2.0,HOLD,469,469,0,88.143,272.905,93.8
2026-03-26 22:38:56,457.3,2.0,HOLD,479,479,0,82.235,229.949,95.8
2026-03-26 22:38:59,459.56,2.0,HOLD,483,483,0,76.898,204.992,96.6
2026-03-26 22:39:01,461.78,2.0,HOLD,480,480,0,74.07,230.884,96.0
2026-03-26 22:39:03,464.05,2.0,HOLD,476,476,0,74.461,285.522,95.2
2026-03-26 22:39:05,466.32,2.0,HOLD,477,477,0,77.8,272.195,95.4
2026-03-26 22:39:08,468.46,2.0,HOLD,489,489,0,76.218,207.659,97.8
2026-03-26 22:39:10,470.68,2.0,HOLD,493,493,0,72.25,214.338,98.6
2026-03-26 22:39:12,472.88,2.0,HOLD,490,490,0,68.239,208.444,98.0
2026-03-26 22:39:14,475.25,2.0,HOLD,483,483,0,65.077,214.11,96.6
2026-03-26 22:39:17,477.6,2.0,HOLD,495,495,0,76.993,257.693,99.0
2026-03-26 22:39:19,479.93,2.0,HOLD,482,482,0,82.648,262.396,96.4
2026-03-26 22:39:22,482.31,2.0,HOLD,480,480,0,80.675,242.898,96.0
2026-03-26 22:39:24,484.67,2.0,HOLD,477,477,0,78.875,238.02,95.4
2026-03-26 22:39:26,486.93,2.0,HOLD,467,467,0,89.734,309.03,93.4
2026-03-26 22:39:29,489.44,2.0,HOLD,472,472,0,87.116,316.537,94.4
2026-03-26 22:39:31,491.78,2.0,HOLD,455,455,0,83.693,298.813,91.0
2026-03-26 22:39:34,494.43,2.0,HOLD,456,456,0,87.108,266.964,91.2
2026-03-26 22:39:36,496.73,2.0,HOLD,478,478,0,92.534,302.565,95.6
2026-03-26 22:39:38,499.09,2.0,HOLD,479,479,0,97.588,307.618,95.8
2026-03-26 22:39:41,501.53,2.0,HOLD,485,485,0,81.633,238.905,97.0
2026-03-26 22:39:43,503.9,2.0,HOLD,486,486,0,65.59,229.122,97.2
2026-03-26 22:39:45,506.19,2.0,HOLD,485,485,0,78.316,284.96,97.0
2026-03-26 22:39:48,508.61,2.0,HOLD,476,476,0,91.539,293.396,95.2
2026-03-26 22:39:50,511.14,2.0,HOLD,479,479,0,79.11,277.401,95.8
2026-03-26 22:39:53,513.61,2.0,HOLD,490,490,0,72.292,277.401,98.0
2026-03-26 22:39:55,515.96,2.0,HOLD,478,478,0,78.025,281.206,95.6
2026-03-26 22:39:58,518.33,2.0,HOLD,476,476,0,81.106,216.277,95.2
2026-03-26 22:40:00,520.84,2.0,HOLD,481,481,0,81.17,217.765,96.2
2026-03-26 22:40:03,523.12,2.0,HOLD,485,485,0,80.555,247.213,97.0
2026-03-26 22:40:05,525.9,2.0,HOLD,481,481,0,76.853,230.794,96.2
2026-03-26 22:40:08,528.43,2.0,HOLD,480,480,0,83.222,245.514,96.0
2026-03-26 22:40:10,531.02,2.0,HOLD,475,475,0,84.262,233.115,95.0
2026-03-26 22:40:13,533.49,2.0,HOLD,462,462,0,90.32,233.115,92.4
2026-03-26 22:40:16,536.14,2.0,HOLD,474,474,0,81.208,223.233,94.8
2026-03-26 22:40:18,538.67,2.0,HOLD,476,476,0,78.581,258.824,95.2
2026-03-26 22:40:20,541.22,2.0,HOLD,474,474,0,99.599,320.732,94.8
2026-03-26 22:40:23,543.61,2.0,HOLD,468,468,0,98.327,274.911,93.6
2026-03-26 22:40:26,546.48,2.0,HOLD,472,472,0,85.175,204.327,94.4
2026-03-26 22:40:28,549.0,2.0,HOLD,478,478,0,82.424,247.66,95.6
2026-03-26 22:40:31,551.58,2.0,HOLD,478,478,0,75.521,227.476,95.6
2026-03-26 22:40:33,553.98,2.0,HOLD,479,479,0,72.485,232.945,95.8
2026-03-26 22:40:36,556.59,2.0,HOLD,473,473,0,75.684,245.726,94.6
2026-03-26 22:40:39,559.15,2.0,HOLD,479,479,0,77.081,238.471,95.8
2026-03-26 22:40:41,561.84,2.0,HOLD,482,482,0,70.783,223.577,96.4
2026-03-26 22:40:44,564.34,2.0,HOLD,481,481,0,65.713,201.593,96.2
2026-03-26 22:40:46,566.98,2.0,HOLD,481,481,0,79.553,219.085,96.2
2026-03-26 22:40:49,569.61,2.0,HOLD,483,483,0,78.43,226.852,96.6
2026-03-26 22:40:52,572.23,2.0,HOLD,489,489,0,81.119,247.275,97.8
2026-03-26 22:40:55,574.79,2.0,HOLD,491,491,0,80.344,293.545,98.2
2026-03-26 22:40:59,578.12,2.0,HOLD,471,471,0,69.133,243.647,94.2
2026-03-26 22:41:03,582.17,2.0,HOLD,470,470,0,75.287,259.733,94.0
2026-03-26 22:41:06,585.71,2.0,HOLD,483,483,0,83.304,231.824,96.6
2026-03-26 22:41:09,588.95,2.0,HOLD,478,478,0,71.835,227.945,95.6
2026-03-26 22:41:13,592.36,2.0,HOLD,472,472,0,74.475,243.488,94.4
2026-03-26 22:41:16,595.94,2.0,HOLD,466,466,0,83.532,258.183,93.2
2026-03-26 22:41:20,599.48,2.0,HOLD,465,465,0,79.694,215.598,93.0
2026-03-26 22:41:24,603.18,2.0,HOLD,486,486,0,68.415,215.598,97.2
2026-03-26 22:41:27,606.95,2.0,HOLD,478,478,0,75.165,218.565,95.6
2026-03-26 22:41:30,610.09,2.0,HOLD,466,466,0,83.265,275.585,93.2
2026-03-26 22:41:34,613.53,2.0,HOLD,468,468,0,81.86,248.388,93.6
2026-03-26 22:41:37,616.97,2.0,HOLD,490,490,0,73.046,249.721,98.0
2026-03-26 22:41:41,620.4,2.0,HOLD,484,484,0,70.973,207.94,96.8
2026-03-26 22:41:44,623.76,2.0,HOLD,472,472,0,67.763,164.851,94.4
2026-03-26 22:41:48,627.38,2.0,HOLD,481,481,0,74.943,195.503,96.2
2026-03-26 22:41:51,630.64,2.0,HOLD,474,474,0,93.579,291.152,94.8
2026-03-26 22:41:55,634.32,2.0,HOLD,480,480,0,80.187,244.64,96.0
2026-03-26 22:41:58,637.7,2.0,HOLD,490,490,0,72.388,222.71,98.0
2026-03-26 22:42:02,641.25,2.0,HOLD,482,482,0,69.789,231.118,96.4
2026-03-26 22:42:05,644.73,2.0,HOLD,490,490,0,77.587,294.354,98.0
2026-03-26 22:42:09,648.12,2.0,HOLD,484,484,0,79.392,243.304,96.8
2026-03-26 22:42:12,652.01,2.0,HOLD,477,477,0,84.845,257.004,95.4
2026-03-26 22:42:15,655.12,2.0,HOLD,480,480,0,90.188,320.24,96.0
2026-03-26 22:42:19,658.6,2.0,HOLD,467,467,0,76.976,300.96,93.4
2026-03-26 22:42:22,662.06,2.0,HOLD,470,470,0,84.321,299.584,94.0
2026-03-26 22:42:25,665.38,2.0,HOLD,477,477,0,93.479,296.92,95.4
2026-03-26 22:42:29,668.38,2.0,HOLD,477,477,0,89.684,287.378,95.4
2026-03-26 22:42:32,671.73,2.0,HOLD,478,478,0,76.775,236.076,95.6
2026-03-26 22:42:35,674.83,2.0,HOLD,493,493,0,69.431,220.116,98.6
2026-03-26 22:42:39,678.26,2.0,HOLD,483,483,0,76.796,217.36,96.6
2026-03-26 22:42:42,681.82,2.0,HOLD,471,471,0,80.386,205.812,94.2
2026-03-26 22:42:46,685.33,2.0,HOLD,472,472,0,81.915,227.791,94.4
2026-03-26 22:42:49,689.03,2.0,HOLD,473,473,0,89.947,253.125,94.6
2026-03-26 22:42:53,692.37,2.0,HOLD,475,475,0,89.856,293.811,95.0
2026-03-26 22:42:56,696.01,2.0,HOLD,483,483,0,77.114,225.589,96.6
2026-03-26 22:42:59,698.78,2.0,HOLD,485,485,0,82.386,278.907,97.0
2026-03-26 22:43:03,702.29,2.0,HOLD,474,474,0,79.708,246.36,94.8
2026-03-26 22:43:06,705.88,2.0,HOLD,471,471,0,79.413,245.3,94.2
2026-03-26 22:43:10,709.41,2.0,HOLD,486,486,0,78.351,231.654,97.2
2026-03-26 22:43:13,712.69,2.0,HOLD,460,460,0,89.832,238.949,92.0
2026-03-26 22:43:16,715.74,2.0,HOLD,471,471,0,81.819,254.491,94.2
2026-03-26 22:43:20,719.29,2.0,HOLD,476,476,0,69.756,216.763,95.2
2026-03-26 22:43:23,723.07,2.0,HOLD,478,478,0,76.105,233.623,95.6
2026-03-26 22:43:27,726.44,2.0,HOLD,478,478,0,85.482,252.473,95.6
2026-03-26 22:43:30,730.11,2.0,HOLD,476,476,0,72.846,221.887,95.2
2026-03-26 22:43:34,733.29,2.0,HOLD,474,474,0,76.008,220.747,94.8
2026-03-26 22:43:37,736.76,2.0,HOLD,472,472,0,84.943,288.612,94.4
2026-03-26 22:43:40,739.7,2.0,HOLD,466,466,0,87.002,253.334,93.2
2026-03-26 22:43:44,743.22,2.0,HOLD,455,455,0,87.399,308.594,91.0
2026-03-26 22:43:47,747.12,2.0,HOLD,478,478,0,75.105,221.447,95.6
2026-03-26 22:43:51,750.55,2.0,HOLD,479,479,0,94.177,267.865,95.8
2026-03-26 22:43:54,753.96,2.0,HOLD,470,470,0,79.651,230.43,94.0
2026-03-26 22:43:57,756.7,2.0,HOLD,475,475,0,80.939,255.725,95.0
2026-03-26 22:44:01,760.32,2.0,HOLD,475,475,0,64.845,187.81,95.0
2026-03-26 22:44:04,763.79,2.0,HOLD,484,484,0,70.383,215.599,96.8
2026-03-26 22:44:08,767.15,2.0,HOLD,471,471,0,82.684,268.739,94.2
2026-03-26 22:44:11,770.77,2.0,HOLD,479,479,0,84.529,280.566,95.8
2026-03-26 22:44:15,774.41,2.0,HOLD,473,473,0,69.123,194.667,94.6
2026-03-26 22:44:18,777.64,2.0,HOLD,471,471,0,73.289,168.488,94.2
2026-03-26 22:44:21,780.64,2.0,HOLD,481,481,0,66.134,191.342,96.2
2026-03-26 22:44:23,783.79,2.0,HOLD,466,466,0,81.505,273.661,93.2
2026-03-26 22:44:27,786.61,2.0,HOLD,461,461,0,92.488,279.908,92.2
2026-03-26 22:44:31,790.14,2.0,HOLD,464,464,0,84.955,248.317,92.8
2026-03-26 22:44:34,793.9,2.0,HOLD,470,470,0,78.847,241.072,94.0
2026-03-26 22:44:38,797.42,2.0,HOLD,460,460,0,74.444,208.673,92.0
2026-03-26 22:44:42,801.03,2.0,HOLD,481,481,0,68.696,212.983,96.2
2026-03-26 22:44:45,804.65,2.0,HOLD,484,484,0,73.577,253.116,96.8
2026-03-26 22:44:48,808.01,2.0,HOLD,468,468,0,76.829,219.445,93.6
2026-03-26 22:44:51,811.0,2.0,HOLD,464,464,0,90.386,292.321,92.8
2026-03-26 22:44:55,814.43,2.0,HOLD,477,477,0,92.846,293.216,95.4
2026-03-26 22:44:59,818.15,2.0,HOLD,479,479,0,87.119,301.244,95.8
2026-03-26 22:45:02,821.64,2.0,HOLD,473,473,0,94.686,309.589,94.6
2026-03-26 22:45:05,825.21,2.0,HOLD,472,472,0,93.481,273.764,94.4
2026-03-26 22:45:09,828.43,2.0,HOLD,477,477,0,86.293,250.072,95.4
2026-03-26 22:45:12,831.87,2.0,HOLD,464,464,0,79.823,208.855,92.8
2026-03-26 22:45:15,834.92,2.0,HOLD,479,479,0,68.451,187.261,95.8
2026-03-26 22:45:19,838.57,2.0,HOLD,477,477,0,66.558,187.261,95.4
2026-03-26 22:45:22,841.81,2.0,HOLD,477,477,0,63.851,204.137,95.4
2026-03-26 22:45:25,845.24,2.0,HOLD,478,478,0,77.155,251.624,95.6
2026-03-26 22:45:29,848.39,2.0,HOLD,461,461,0,84.584,262.314,92.2
2026-03-26 22:45:32,851.92,2.0,HOLD,475,475,0,79.811,255.142,95.0
2026-03-26 22:45:36,855.39,2.0,HOLD,478,478,0,68.904,203.162,95.6
2026-03-26 22:45:39,858.99,2.0,HOLD,481,481,0,79.28,254.992,96.2
2026-03-26 22:45:43,862.43,2.0,HOLD,481,481,0,77.802,254.499,96.2
2026-03-26 22:45:46,865.77,2.0,HOLD,483,483,0,67.872,210.87,96.6
2026-03-26 22:45:50,869.19,2.0,HOLD,477,477,0,68.952,162.196,95.4
2026-03-26 22:45:53,872.85,2.0,HOLD,466,466,0,89.979,251.972,93.2
2026-03-26 22:45:57,876.39,2.0,HOLD,476,476,0,74.902,223.717,95.2
2026-03-26 22:46:00,879.87,2.0,HOLD,465,465,0,73.703,223.717,93.0
2026-03-26 22:46:03,882.97,2.0,HOLD,477,477,0,86.912,283.989,95.4
2026-03-26 22:46:07,886.49,2.0,HOLD,477,477,0,95.017,285.952,95.4
2026-03-26 22:46:10,889.99,2.0,HOLD,475,475,0,83.014,267.472,95.0
2026-03-26 22:46:14,893.57,2.0,HOLD,472,472,0,74.801,227.336,94.4
2026-03-26 22:46:17,897.21,2.0,HOLD,475,475,0,69.181,163.511,95.0
2026-03-26 22:46:21,900.36,2.0,HOLD,476,476,0,68.809,191.34,95.2
2026-03-26 22:46:24,903.8,2.0,HOLD,472,472,0,69.736,201.123,94.4
2026-03-26 22:46:27,907.13,2.0,HOLD,479,479,0,79.054,243.774,95.8
2026-03-26 22:46:31,910.33,2.0,HOLD,487,487,0,79.248,247.236,97.4
2026-03-26 22:46:34,913.78,2.0,HOLD,480,480,0,79.001,273.252,96.0
2026-03-26 22:46:38,917.22,2.0,HOLD,471,471,0,75.973,186.801,94.2
2026-03-26 22:46:41,920.8,2.0,HOLD,474,474,0,72.744,239.875,94.8
2026-03-26 22:46:45,924.29,2.0,HOLD,483,483,0,73.355,249.114,96.6
2026-03-26 22:46:48,927.89,2.0,HOLD,472,472,0,79.875,219.177,94.4
2026-03-26 22:46:52,931.05,2.0,HOLD,475,475,0,82.201,237.028,95.0
2026-03-26 22:46:55,934.74,2.0,HOLD,485,485,0,80.099,230.736,97.0
2026-03-26 22:46:59,938.21,2.0,HOLD,476,476,0,77.231,267.302,95.2
2026-03-26 22:47:02,941.68,2.0,HOLD,468,468,0,89.269,281.878,93.6
2026-03-26 22:47:05,944.81,2.0,HOLD,469,469,0,84.845,225.754,93.8
2026-03-26 22:47:09,948.28,2.0,HOLD,473,473,0,67.659,208.287,94.6
2026-03-26 22:47:12,951.85,2.0,HOLD,459,459,0,63.553,197.776,91.8
2026-03-26 22:47:15,954.69,2.0,HOLD,472,472,0,76.16,205.315,94.4
2026-03-26 22:47:19,958.13,2.0,HOLD,484,484,0,71.397,205.315,96.8
2026-03-26 22:47:22,961.93,2.0,HOLD,484,484,0,78.739,255.499,96.8
2026-03-26 22:47:26,965.43,2.0,HOLD,480,480,0,81.735,249.676,96.0
2026-03-26 22:47:29,968.76,2.0,HOLD,485,485,0,74.599,194.455,97.0
2026-03-26 22:47:32,972.07,2.0,HOLD,478,478,0,77.567,249.938,95.6
2026-03-26 22:47:36,975.6,2.0,HOLD,475,475,0,76.919,220.52,95.0
2026-03-26 22:47:39,978.97,2.0,HOLD,488,488,0,65.968,208.031,97.6
2026-03-26 22:47:43,982.27,2.0,HOLD,489,489,0,78.578,233.752,97.8
2026-03-26 22:47:46,986.14,2.0,HOLD,484,484,0,70.815,201.895,96.8
2026-03-26 22:47:50,989.37,2.0,HOLD,487,487,0,72.81,205.202,97.4
2026-03-26 22:47:53,992.75,2.0,HOLD,476,476,0,82.81,259.715,95.2
2026-03-26 22:47:56,996.19,2.0,HOLD,486,486,0,82.072,264.126,97.2
2026-03-26 22:48:00,999.6,2.0,HOLD,490,490,0,66.59,227.16,98.0
2026-03-26 22:48:03,1002.87,2.0,HOLD,487,487,0,80.487,258.358,97.4
2026-03-26 22:48:07,1006.28,2.0,HOLD,479,479,0,70.586,257.303,95.8
2026-03-26 22:48:11,1010.14,2.0,HOLD,480,480,0,76.043,233.991,96.0
2026-03-26 22:48:14,1013.7,2.0,HOLD,480,480,0,80.23,250.208,96.0
2026-03-26 22:48:17,1017.08,2.0,HOLD,484,484,0,70.771,244.749,96.8
2026-03-26 22:48:21,1020.62,2.0,HOLD,479,479,0,76.753,255.532,95.8
2026-03-26 22:48:25,1024.04,2.0,HOLD,481,481,0,76.44,243.508,96.2
2026-03-26 22:48:28,1028.06,2.0,HOLD,497,497,0,78.597,263.935,99.4
2026-03-26 22:48:31,1031.15,2.0,HOLD,484,484,0,71.925,234.897,96.8
2026-03-26 22:48:35,1034.58,2.0,HOLD,480,480,0,70.286,217.552,96.0
2026-03-26 22:48:38,1037.78,2.0,HOLD,468,468,0,73.592,217.751,93.6
2026-03-26 22:48:42,1041.26,2.0,HOLD,488,488,0,76.899,247.913,97.6
2026-03-26 22:48:45,1044.98,2.0,HOLD,481,481,0,79.669,267.814,96.2
2026-03-26 22:48:49,1048.45,2.0,HOLD,475,475,0,79.714,263.265,95.0
2026-03-26 22:48:52,1052.03,2.0,HOLD,493,493,0,71.865,227.741,98.6
2026-03-26 22:48:56,1055.6,2.0,HOLD,479,479,0,71.051,230.601,95.8
2026-03-26 22:49:00,1059.31,2.0,HOLD,469,469,0,84.516,283.049,93.8
2026-03-26 22:49:03,1062.92,2.0,HOLD,477,477,0,76.551,243.911,95.4
2026-03-26 22:49:07,1066.5,2.0,HOLD,459,459,0,87.161,283.497,91.8
2026-03-26 22:49:10,1070.02,2.0,HOLD,483,483,0,84.113,262.632,96.6
2026-03-26 22:49:14,1073.58,2.0,HOLD,480,480,0,73.428,196.665,96.0
2026-03-26 22:49:18,1077.09,2.0,HOLD,480,480,0,82.277,227.224,96.0
2026-03-26 22:49:21,1080.98,2.0,HOLD,485,485,0,75.424,220.024,97.0
2026-03-26 22:49:25,1084.46,2.0,HOLD,478,478,0,71.784,227.554,95.6
2026-03-26 22:49:28,1088.06,2.0,HOLD,486,486,0,67.912,203.304,97.2
2026-03-26 22:49:32,1091.23,2.0,HOLD,479,479,0,74.83,222.929,95.8
2026-03-26 22:49:35,1094.83,2.0,HOLD,483,483,0,79.89,267.723,96.6
2026-03-26 22:49:38,1097.99,2.0,HOLD,478,478,0,70.309,233.63,95.6
2026-03-26 22:49:41,1101.38,2.0,HOLD,484,484,0,64.546,176.294,96.8
2026-03-26 22:49:45,1104.56,2.0,HOLD,495,495,0,73.556,271.342,99.0
2026-03-26 22:49:48,1107.95,2.0,HOLD,480,480,0,85.364,307.23,96.0
2026-03-26 22:49:52,1111.46,2.0,HOLD,496,496,0,86.709,304.817,99.2
2026-03-26 22:49:56,1115.09,2.0,HOLD,497,497,0,76.196,276.88,99.4
2026-03-26 22:49:58,1118.69,2.0,HOLD,489,489,0,78.067,237.064,97.8
2026-03-26 22:50:01,1120.88,2.0,HOLD,476,476,0,84.314,261.812,95.2
2026-03-26 22:50:05,1124.03,2.0,HOLD,482,482,0,98.768,329.043,96.4
2026-03-26 22:50:08,1127.78,2.0,HOLD,483,483,0,70.337,256.851,96.6
2026-03-26 22:50:12,1131.11,2.0,HOLD,478,478,0,68.863,203.072,95.6
2026-03-26 22:50:15,1134.72,2.0,HOLD,476,476,0,77.937,258.409,95.2
2026-03-26 22:50:18,1138.21,2.0,HOLD,483,483,0,85.977,242.302,96.6
2026-03-26 22:50:21,1141.52,2.0,HOLD,492,492,0,87.7,288.835,98.4
2026-03-26 22:50:25,1144.5,2.0,HOLD,484,484,0,95.771,294.812,96.8
2026-03-26 22:50:29,1148.11,2.0,HOLD,483,483,0,81.443,242.159,96.6
2026-03-26 22:50:32,1151.91,2.0,HOLD,467,467,0,82.375,243.491,93.4
2026-03-26 22:50:35,1155.19,2.0,HOLD,471,471,0,91.153,256.55,94.2
2026-03-26 22:50:39,1158.56,2.0,HOLD,475,475,0,71.32,224.702,95.0
2026-03-26 22:50:42,1161.78,2.0,HOLD,478,478,0,67.752,240.195,95.6
2026-03-26 22:50:46,1165.41,2.0,HOLD,487,487,0,72.619,240.209,97.4
2026-03-26 22:50:49,1168.76,2.0,HOLD,483,483,0,88.435,284.618,96.6
2026-03-26 22:50:53,1172.41,2.0,HOLD,483,483,0,73.745,231.709,96.6
2026-03-26 22:50:56,1175.89,2.0,HOLD,481,481,0,73.341,218.835,96.2
2026-03-26 22:51:00,1179.28,2.0,HOLD,473,473,0,81.984,224.273,94.6
2026-03-26 22:51:03,1182.78,2.0,HOLD,459,459,0,82.419,214.01,91.8
2026-03-26 22:51:06,1185.85,2.0,HOLD,476,476,0,77.499,226.322,95.2
2026-03-26 22:51:10,1189.13,2.0,HOLD,475,475,0,75.302,285.928,95.0
2026-03-26 22:51:13,1192.85,2.0,HOLD,472,472,0,82.051,211.168,94.4
2026-03-26 22:51:17,1196.22,2.0,HOLD,467,467,0,76.156,212.868,93.4
2026-03-26 22:51:19,1199.68,2.0,HOLD,470,470,0,80.968,253.061,94.0
2026-03-26 22:51:23,1202.58,2.0,HOLD,475,475,0,82.609,239.898,95.0
2026-03-26 22:51:26,1205.98,2.0,HOLD,483,483,0,70.87,177.093,96.6
2026-03-26 22:51:30,1209.09,2.0,HOLD,482,482,0,62.605,197.46,96.4
2026-03-26 22:51:33,1212.72,2.0,HOLD,481,481,0,77.495,257.73,96.2
2026-03-26 22:51:37,1216.33,2.0,HOLD,465,465,0,84.515,247.198,93.0
2026-03-26 22:51:40,1219.67,2.0,HOLD,473,473,0,80.077,241.404,94.6
2026-03-26 22:51:43,1222.91,2.0,HOLD,480,480,0,74.149,246.621,96.0
2026-03-26 22:51:47,1226.56,2.0,HOLD,470,470,0,76.951,202.436,94.0
2026-03-26 22:51:51,1230.03,2.0,HOLD,470,470,0,87.621,251.559,94.0
2026-03-26 22:51:54,1233.88,2.0,HOLD,487,487,0,80.763,258.332,97.4
2026-03-26 22:51:58,1237.59,2.0,HOLD,481,481,0,79.726,282.132,96.2
2026-03-26 22:52:01,1241.16,2.0,HOLD,477,477,0,79.177,237.125,95.4
2026-03-26 22:52:05,1244.15,2.0,HOLD,481,481,0,80.199,269.561,96.2
2026-03-26 22:52:08,1247.83,2.0,HOLD,468,468,0,93.661,281.47,93.6
2026-03-26 22:52:11,1251.24,2.0,HOLD,482,482,0,95.824,281.47,96.4
2026-03-26 22:52:15,1254.59,2.0,HOLD,481,481,0,93.298,297.679,96.2
2026-03-26 22:52:19,1258.23,2.0,HOLD,465,465,0,80.729,259.32,93.0
2026-03-26 22:52:22,1261.69,2.0,HOLD,472,472,0,80.024,277.491,94.4
2026-03-26 22:52:26,1265.19,2.0,HOLD,484,484,0,76.847,274.752,96.8
2026-03-26 22:52:29,1268.96,2.0,HOLD,476,476,0,79.273,243.464,95.2
2026-03-26 22:52:33,1272.44,2.0,HOLD,470,470,0,82.109,238.516,94.0
2026-03-26 22:52:37,1276.11,2.0,HOLD,471,471,0,87.82,261.547,94.2
2026-03-26 22:52:40,1279.66,2.0,HOLD,470,470,0,92.262,291.099,94.0
2026-03-26 22:52:43,1282.94,2.0,HOLD,473,473,0,83.679,233.849,94.6
2026-03-26 22:52:46,1285.8,2.0,HOLD,475,475,0,82.305,218.699,95.0
2026-03-26 22:52:49,1288.96,2.0,HOLD,471,471,0,77.237,190.761,94.2
2026-03-26 22:52:52,1291.88,2.0,HOLD,483,483,0,85.716,264.49,96.6
2026-03-26 22:52:55,1295.36,2.0,HOLD,494,494,0,82.001,245.426,98.8
2026-03-26 22:52:59,1298.55,2.0,HOLD,485,485,0,63.081,220.707,97.0
2026-03-26 22:53:02,1301.96,2.0,HOLD,476,476,0,72.737,231.644,95.2
2026-03-26 22:53:06,1305.5,2.0,HOLD,478,478,0,70.429,202.504,95.6
2026-03-26 22:53:10,1308.99,2.0,HOLD,467,467,0,68.416,192.707,93.4
2026-03-26 22:53:13,1312.63,2.0,HOLD,466,466,0,79.453,218.196,93.2
2026-03-26 22:53:17,1316.25,2.0,HOLD,470,470,0,81.06,267.804,94.0
2026-03-26 22:53:20,1319.84,2.0,HOLD,476,476,0,68.355,222.443,95.2
2026-03-26 22:53:24,1323.35,2.0,HOLD,470,470,0,78.077,210.958,94.0
2026-03-26 22:53:27,1326.79,2.0,HOLD,469,469,0,82.526,261.639,93.8
2026-03-26 22:53:31,1330.34,2.0,HOLD,467,467,0,69.314,232.038,93.4
2026-03-26 22:53:34,1333.95,2.0,HOLD,460,460,0,75.755,212.003,92.0
2026-03-26 22:53:38,1337.6,2.0,HOLD,455,455,0,89.253,277.075,91.0
2026-03-26 22:53:41,1341.26,2.0,HOLD,482,482,0,79.322,247.221,96.4
2026-03-26 22:53:45,1344.25,2.0,HOLD,483,483,0,73.681,231.415,96.6
2026-03-26 22:53:47,1347.62,2.0,HOLD,473,473,0,77.825,182.669,94.6
2026-03-26 22:53:51,1350.51,2.0,HOLD,472,472,0,73.345,194.155,94.4
2026-03-26 22:53:54,1353.81,2.0,HOLD,485,485,0,71.793,257.376,97.0
2026-03-26 22:53:57,1356.75,2.0,HOLD,476,476,0,86.523,296.752,95.2
2026-03-26 22:54:01,1360.44,2.0,HOLD,482,482,0,80.085,280.707,96.4
2026-03-26 22:54:04,1364.12,2.0,HOLD,483,483,0,89.674,266.532,96.6
2026-03-26 22:54:08,1367.58,2.0,HOLD,475,475,0,82.784,226.472,95.0
2026-03-26 22:54:12,1371.08,2.0,HOLD,485,485,0,80.548,258.971,97.0
2026-03-26 22:54:15,1375.05,2.0,HOLD,476,476,0,69.665,197.394,95.2
2026-03-26 22:54:18,1378.35,2.0,HOLD,488,488,0,68.774,201.857,97.6
2026-03-26 22:54:22,1381.61,2.0,HOLD,479,479,0,89.967,270.571,95.8
2026-03-26 22:54:26,1385.16,2.0,HOLD,471,471,0,85.293,252.789,94.2
2026-03-26 22:54:29,1388.66,2.0,HOLD,487,487,0,75.293,200.433,97.4
2026-03-26 22:54:32,1391.88,2.0,HOLD,492,492,0,72.583,223.562,98.4
2026-03-26 22:54:35,1395.14,2.0,HOLD,477,477,0,74.625,204.965,95.4
2026-03-26 22:54:39,1398.58,2.0,HOLD,478,478,0,72.895,240.825,95.6
2026-03-26 22:54:43,1402.02,2.0,HOLD,495,495,0,68.516,229.56,99.0
2026-03-26 22:54:46,1405.68,2.0,HOLD,478,478,0,90.935,279.177,95.6
2026-03-26 22:54:49,1408.93,2.0,HOLD,485,485,0,90.121,293.901,97.0
2026-03-26 22:54:53,1412.46,2.0,HOLD,484,484,0,67.463,206.186,96.8
2026-03-26 22:54:56,1415.94,2.0,HOLD,474,474,0,81.102,227.353,94.8
2026-03-26 22:55:00,1419.49,2.0,HOLD,472,472,0,92.218,278.565,94.4
2026-03-26 22:55:03,1422.86,2.0,HOLD,485,485,0,81.632,229.191,97.0
2026-03-26 22:55:06,1426.06,2.0,HOLD,451,451,0,92.533,315.021,90.2
2026-03-26 22:55:10,1429.42,2.0,HOLD,468,468,0,99.071,318.086,93.6
2026-03-26 22:55:14,1432.94,2.0,HOLD,478,478,0,75.563,191.455,95.6
2026-03-26 22:55:17,1436.66,2.0,HOLD,463,463,0,74.459,175.503,92.6
2026-03-26 22:55:20,1440.02,2.0,HOLD,463,463,0,71.16,215.571,92.6
2026-03-26 22:55:24,1443.38,2.0,HOLD,447,447,0,84.392,258.1,89.4
2026-03-26 22:55:27,1446.63,2.0,HOLD,471,471,0,106.056,325.462,94.2
2026-03-26 22:55:31,1450.41,2.0,HOLD,479,479,0,73.56,254.323,95.8
2026-03-26 22:55:34,1453.76,2.0,HOLD,487,487,0,63.124,196.953,97.4
2026-03-26 22:55:37,1456.94,2.0,HOLD,467,467,0,75.071,198.418,93.4
2026-03-26 22:55:41,1460.39,2.0,HOLD,468,468,0,71.674,232.842,93.6
2026-03-26 22:55:44,1464.0,2.0,HOLD,473,473,0,76.803,248.151,94.6
2026-03-26 22:55:48,1467.58,2.0,HOLD,481,481,0,67.894,239.784,96.2
2026-03-26 22:55:51,1470.79,2.0,HOLD,480,480,0,75.086,177.236,96.0
2026-03-26 22:55:55,1474.31,2.0,HOLD,483,483,0,78.902,257.56,96.6
2026-03-26 22:55:57,1477.73,2.0,HOLD,496,496,0,74.164,280.204,99.2
2026-03-26 22:56:00,1479.88,2.0,HOLD,490,490,0,73.452,273.63,98.0
2026-03-26 22:56:03,1483.32,2.0,HOLD,484,484,0,83.736,291.026,96.8
2026-03-26 22:56:07,1486.61,2.0,HOLD,479,479,0,88.82,288.755,95.8
2026-03-26 22:56:10,1490.13,2.0,HOLD,471,471,0,94.006,311.898,94.2
2026-03-26 22:56:14,1493.47,2.0,HOLD,486,486,0,71.639,212.251,97.2
2026-03-26 22:56:17,1496.71,2.0,HOLD,480,480,0,65.855,188.138,96.0
2026-03-26 22:56:20,1500.14,2.0,HOLD,485,485,0,69.305,210.528,97.0
2026-03-26 22:56:24,1503.47,2.0,HOLD,497,497,0,74.121,244.758,99.4
2026-03-26 22:56:27,1506.64,2.0,HOLD,479,479,0,76.048,261.176,95.8
2026-03-26 22:56:31,1510.39,2.0,HOLD,491,491,0,74.305,278.57,98.2
2026-03-26 22:56:34,1514.02,2.0,HOLD,479,479,0,72.258,237.722,95.8
2026-03-26 22:56:38,1517.33,2.0,HOLD,472,472,0,84.392,257.991,94.4
2026-03-26 22:56:42,1521.1,2.0,HOLD,460,460,0,76.133,217.155,92.0
2026-03-26 22:56:45,1524.79,2.0,HOLD,472,472,0,78.972,269.409,94.4
2026-03-26 22:56:48,1528.3,2.0,HOLD,474,474,0,68.936,238.237,94.8
2026-03-26 22:56:52,1531.62,2.0,HOLD,478,478,0,73.422,213.376,95.6
2026-03-26 22:56:56,1535.22,2.0,HOLD,468,468,0,75.493,230.477,93.6
2026-03-26 22:56:59,1538.87,2.0,HOLD,488,488,0,72.223,246.43,97.6
2026-03-26 22:57:03,1542.37,2.0,HOLD,484,484,0,77.066,203.862,96.8
2026-03-26 22:57:06,1545.92,2.0,HOLD,475,475,0,91.238,257.607,95.0
2026-03-26 22:57:09,1549.11,2.0,HOLD,485,485,0,78.603,228.12,97.0
2026-03-26 22:57:13,1552.52,2.0,HOLD,476,476,0,70.53,200.259,95.2
2026-03-26 22:57:16,1555.98,2.0,HOLD,476,476,0,72.265,216.902,95.2
2026-03-26 22:57:20,1559.37,2.0,HOLD,490,490,0,73.036,227.702,98.0
2026-03-26 22:57:23,1562.76,2.0,HOLD,473,473,0,69.542,200.685,94.6
2026-03-26 22:57:27,1566.26,2.0,HOLD,476,476,0,81.894,258.576,95.2
2026-03-26 22:57:30,1569.83,2.0,HOLD,487,487,0,63.076,188.612,97.4
2026-03-26 22:57:33,1572.86,2.0,HOLD,472,472,0,74.663,233.47,94.4
2026-03-26 22:57:37,1576.48,2.0,HOLD,472,472,0,78.428,210.137,94.4
2026-03-26 22:57:41,1580.22,2.0,HOLD,477,477,0,73.2,225.0,95.4
2026-03-26 22:57:44,1583.8,2.0,HOLD,493,493,0,75.557,241.637,98.6
2026-03-26 22:57:47,1587.28,2.0,HOLD,472,472,0,87.149,285.614,94.4
2026-03-26 22:57:50,1589.84,2.0,HOLD,474,474,0,80.234,263.852,94.8
2026-03-26 22:57:54,1593.46,2.0,HOLD,465,465,0,82.748,255.496,93.0
2026-03-26 22:57:57,1597.1,2.0,HOLD,457,457,0,84.607,276.737,91.4
2026-03-26 22:58:01,1600.61,2.0,HOLD,483,483,0,85.879,259.308,96.6
2026-03-26 22:58:04,1603.9,2.0,HOLD,479,479,0,94.908,294.788,95.8
2026-03-26 22:58:08,1607.56,2.0,HOLD,459,459,0,88.44,275.768,91.8
2026-03-26 22:58:12,1611.12,2.0,HOLD,480,480,0,80.113,224.726,96.0
2026-03-26 22:58:15,1614.73,2.0,HOLD,480,480,0,78.238,241.722,96.0
2026-03-26 22:58:19,1618.15,2.0,HOLD,484,484,0,86.373,313.391,96.8
2026-03-26 22:58:22,1622.03,2.0,HOLD,484,484,0,80.531,272.334,96.8
2026-03-26 22:58:26,1625.57,2.0,HOLD,458,458,0,70.816,232.525,91.6
2026-03-26 22:58:30,1629.33,2.0,HOLD,465,465,0,66.06,206.155,93.0
2026-03-26 22:58:33,1632.88,2.0,HOLD,484,484,0,69.053,176.102,96.8
2026-03-26 22:58:37,1636.19,2.0,HOLD,494,494,0,82.204,257.303,98.8
2026-03-26 22:58:41,1640.31,2.0,HOLD,478,478,0,74.87,260.468,95.6
2026-03-26 22:58:45,1644.17,2.0,HOLD,465,465,0,80.724,225.783,93.0
2026-03-26 22:58:48,1647.63,2.0,HOLD,460,460,0,84.908,224.862,92.0
2026-03-26 22:58:51,1650.93,2.0,HOLD,490,490,0,78.664,257.605,98.0
2026-03-26 22:58:55,1654.22,2.0,HOLD,483,483,0,64.43,184.508,96.6
2026-03-26 22:58:58,1657.81,2.0,HOLD,479,479,0,74.978,267.605,95.8
2026-03-26 22:59:01,1661.22,2.0,HOLD,495,495,0,85.671,278.137,99.0
2026-03-26 22:59:05,1664.54,2.0,HOLD,490,490,0,73.359,240.418,98.0
2026-03-26 22:59:08,1668.0,2.0,HOLD,485,485,0,64.218,174.892,97.0
2026-03-26 22:59:12,1671.46,2.0,HOLD,480,480,0,72.703,178.889,96.0
2026-03-26 22:59:15,1674.95,2.0,HOLD,493,493,0,81.898,277.582,98.6
2026-03-26 22:59:19,1678.29,2.0,HOLD,481,481,0,71.423,200.411,96.2
2026-03-26 22:59:23,1682.45,2.0,HOLD,476,476,0,92.138,289.253,95.2
2026-03-26 22:59:26,1685.92,2.0,HOLD,478,478,0,88.196,275.652,95.6
2026-03-26 22:59:30,1689.14,2.0,HOLD,469,469,0,75.969,207.208,93.8
2026-03-26 22:59:33,1692.76,2.0,HOLD,476,476,0,74.159,236.875,95.2
2026-03-26 22:59:37,1696.26,2.0,HOLD,476,476,0,76.052,269.235,95.2
2026-03-26 22:59:40,1699.78,2.0,HOLD,480,480,0,81.035,265.55,96.0
2026-03-26 22:59:44,1703.35,2.0,HOLD,491,491,0,84.751,266.33,98.2
2026-03-26 22:59:47,1706.73,2.0,HOLD,471,471,0,94.22,276.423,94.2
2026-03-26 22:59:51,1710.31,2.0,HOLD,457,457,0,87.554,267.807,91.4
2026-03-26 22:59:54,1714.0,2.0,HOLD,475,475,0,87.354,291.408,95.0
2026-03-26 22:59:58,1717.22,2.0,HOLD,487,487,0,88.291,274.817,97.4
2026-03-26 23:00:01,1720.84,2.0,HOLD,474,474,0,88.993,248.056,94.8
2026-03-26 23:00:05,1724.29,2.0,HOLD,479,479,0,82.603,249.387,95.8
2026-03-26 23:00:08,1727.64,2.0,HOLD,461,461,0,87.084,270.937,92.2
2026-03-26 23:00:12,1731.48,2.0,HOLD,472,472,0,90.451,320.141,94.4
2026-03-26 23:00:15,1734.92,2.0,HOLD,488,488,0,74.793,259.463,97.6
2026-03-26 23:00:19,1738.36,2.0,HOLD,491,491,0,88.638,280.987,98.2
2026-03-26 23:00:22,1741.86,2.0,HOLD,479,479,0,79.531,224.97,95.8
2026-03-26 23:00:25,1745.12,2.0,HOLD,475,475,0,77.623,219.552,95.0
2026-03-26 23:00:29,1748.59,2.0,HOLD,478,478,0,93.447,293.939,95.6
2026-03-26 23:00:32,1751.73,2.0,HOLD,485,485,0,73.517,248.869,97.0
2026-03-26 23:00:35,1755.11,2.0,HOLD,477,477,0,83.721,238.853,95.4
2026-03-26 23:00:39,1758.62,2.0,HOLD,457,457,0,76.259,218.503,91.4
2026-03-26 23:00:42,1761.77,2.0,HOLD,488,488,0,82.011,295.87,97.6
2026-03-26 23:00:45,1764.85,2.0,HOLD,492,492,0,64.921,230.91,98.4
2026-03-26 23:00:49,1768.22,2.0,HOLD,479,479,0,73.846,252.423,95.8
2026-03-26 23:00:52,1772.01,2.0,HOLD,481,481,0,81.256,313.2,96.2
2026-03-26 23:00:56,1775.26,2.0,HOLD,472,472,0,79.451,252.423,94.4
2026-03-26 23:00:59,1778.77,2.0,HOLD,477,477,0,74.714,205.142,95.4
2026-03-26 23:01:03,1782.25,2.0,HOLD,476,476,0,89.043,253.633,95.2
2026-03-26 23:01:06,1785.65,2.0,HOLD,476,476,0,75.765,196.925,95.2
2026-03-26 23:01:10,1789.0,2.0,HOLD,471,471,0,82.969,249.84,94.2
2026-03-26 23:01:13,1792.73,2.0,HOLD,477,477,0,87.323,263.231,95.4
2026-03-26 23:01:16,1796.26,2.0,HOLD,489,489,0,72.023,251.097,97.8
2026-03-26 23:01:20,1799.54,2.0,HOLD,482,482,0,74.83,262.635,96.4
2026-03-26 23:01:24,1803.21,2.0,HOLD,465,465,0,82.318,285.403,93.0
2026-03-26 23:01:27,1806.63,2.0,HOLD,469,469,0,72.672,239.531,93.8
2026-03-26 23:01:30,1810.03,2.0,HOLD,488,488,0,74.324,241.146,97.6
2026-03-26 23:01:34,1812.93,2.0,HOLD,483,483,0,68.418,245.579,96.6
2026-03-26 23:01:37,1816.81,2.0,HOLD,471,471,0,97.725,313.629,94.2
2026-03-26 23:01:41,1820.54,2.0,HOLD,491,491,0,65.034,234.046,98.2
2026-03-26 23:01:44,1824.1,2.0,HOLD,482,482,0,78.293,233.9,96.4
2026-03-26 23:01:48,1827.44,2.0,HOLD,484,484,0,73.694,221.645,96.8
2026-03-26 23:01:51,1830.9,2.0,HOLD,478,478,0,84.77,251.92,95.6
2026-03-26 23:01:55,1834.54,2.0,HOLD,481,481,0,101.138,302.377,96.2
2026-03-26 23:01:59,1838.22,2.0,HOLD,467,467,0,85.01,282.882,93.4
2026-03-26 23:02:02,1841.64,2.0,HOLD,470,470,0,80.79,234.006,94.0
2026-03-26 23:02:05,1844.95,2.0,HOLD,492,492,0,62.497,207.346,98.4
2026-03-26 23:02:09,1848.38,2.0,HOLD,491,491,0,73.439,232.872,98.2
2026-03-26 23:02:13,1852.07,2.0,HOLD,481,481,0,81.956,278.597,96.2
2026-03-26 23:02:16,1856.04,2.0,HOLD,484,484,0,75.439,253.643,96.8
2026-03-26 23:02:20,1859.35,2.0,HOLD,480,480,0,73.213,220.908,96.0
2026-03-26 23:02:23,1862.76,2.0,HOLD,491,491,0,68.113,212.146,98.2
2026-03-26 23:02:27,1866.34,2.0,HOLD,488,488,0,64.279,199.442,97.6
2026-03-26 23:02:29,1869.65,2.0,HOLD,493,493,0,67.437,213.71,98.6
2026-03-26 23:02:33,1872.45,2.0,HOLD,488,488,0,64.383,221.171,97.6
2026-03-26 23:02:37,1876.09,2.0,HOLD,466,466,0,84.847,282.098,93.2
2026-03-26 23:02:40,1880.12,2.0,HOLD,454,454,0,83.068,261.805,90.8
2026-03-26 23:02:44,1883.56,2.0,HOLD,468,468,0,69.805,226.396,93.6
2026-03-26 23:02:47,1886.88,2.0,HOLD,485,485,0,75.226,272.817,97.0
2026-03-26 23:02:51,1890.58,2.0,HOLD,480,480,0,75.966,257.449,96.0
2026-03-26 23:02:54,1893.73,2.0,HOLD,497,497,0,70.353,219.754,99.4
2026-03-26 23:02:57,1897.04,2.0,HOLD,478,478,0,78.544,288.981,95.6
2026-03-26 23:03:01,1900.5,2.0,HOLD,478,478,0,75.985,226.503,95.6
2026-03-26 23:03:04,1904.01,2.0,HOLD,476,476,0,76.583,259.53,95.2
2026-03-26 23:03:07,1907.29,2.0,HOLD,483,483,0,83.335,293.637,96.6
2026-03-26 23:03:10,1910.2,2.0,HOLD,480,480,0,82.578,273.438,96.0
2026-03-26 23:03:14,1913.59,2.0,HOLD,472,472,0,71.097,185.329,94.4
2026-03-26 23:03:17,1917.0,2.0,HOLD,467,467,0,71.779,205.145,93.4
2026-03-26 23:03:20,1919.95,2.0,HOLD,482,482,0,80.836,246.586,96.4
2026-03-26 23:03:24,1923.28,2.0,HOLD,492,492,0,73.846,271.481,98.4
2026-03-26 23:03:27,1926.78,2.0,HOLD,482,482,0,72.635,260.147,96.4
2026-03-26 23:03:31,1930.34,2.0,HOLD,487,487,0,73.048,240.543,97.4
2026-03-26 23:03:34,1933.84,2.0,HOLD,477,477,0,84.556,258.441,95.4
2026-03-26 23:03:38,1937.35,2.0,HOLD,472,472,0,79.358,258.112,94.4
2026-03-26 23:03:41,1941.02,2.0,HOLD,484,484,0,86.059,266.424,96.8
2026-03-26 23:03:44,1943.88,2.0,HOLD,472,472,0,79.849,216.827,94.4
2026-03-26 23:03:48,1947.58,2.0,HOLD,466,466,0,74.841,235.684,93.2
2026-03-26 23:03:52,1951.36,2.0,HOLD,478,478,0,79.232,255.302,95.6
2026-03-26 23:03:55,1954.9,2.0,HOLD,474,474,0,69.521,222.712,94.8
2026-03-26 23:03:59,1958.5,2.0,HOLD,466,466,0,67.903,205.513,93.2
2026-03-26 23:04:02,1961.95,2.0,HOLD,491,491,0,74.365,234.135,98.2
2026-03-26 23:04:06,1965.18,2.0,HOLD,479,479,0,90.286,271.773,95.8
2026-03-26 23:04:10,1969.35,2.0,HOLD,480,480,0,72.984,259.156,96.0
2026-03-26 23:04:13,1972.9,2.0,HOLD,483,483,0,69.638,178.403,96.6
2026-03-26 23:04:17,1976.54,2.0,HOLD,476,476,0,78.337,227.785,95.2
2026-03-26 23:04:20,1979.76,2.0,HOLD,490,490,0,79.211,250.812,98.0
2026-03-26 23:04:23,1982.78,2.0,HOLD,483,483,0,83.405,236.084,96.6
2026-03-26 23:04:27,1986.24,2.0,HOLD,482,482,0,67.616,209.193,96.4
2026-03-26 23:04:30,1989.83,2.0,HOLD,492,492,0,72.653,232.113,98.4
2026-03-26 23:04:34,1993.46,2.0,HOLD,486,486,0,75.387,286.257,97.2
2026-03-26 23:04:37,1997.09,2.0,HOLD,457,457,0,88.122,278.196,91.4
2026-03-26 23:04:41,2000.52,2.0,HOLD,461,461,0,90.836,270.616,92.2
2026-03-26 23:04:44,2003.98,2.0,HOLD,477,477,0,93.958,294.966,95.4
2026-03-26 23:04:48,2007.46,2.0,HOLD,496,496,0,74.198,237.277,99.2
2026-03-26 23:04:51,2010.89,2.0,HOLD,490,490,0,63.216,229.365,98.0
2026-03-26 23:04:55,2014.38,2.0,HOLD,477,477,0,73.259,217.487,95.4
2026-03-26 23:04:57,2017.75,2.0,HOLD,477,477,0,80.534,205.653,95.4
2026-03-26 23:05:00,2019.82,2.0,HOLD,474,474,0,79.943,219.539,94.8
2026-03-26 23:05:03,2023.24,2.0,HOLD,482,482,0,90.575,288.105,96.4
2026-03-26 23:05:07,2026.59,2.0,HOLD,483,483,0,71.741,232.251,96.6
2026-03-26 23:05:10,2030.04,2.0,HOLD,479,479,0,71.636,244.838,95.8
2026-03-26 23:05:13,2033.46,2.0,HOLD,477,477,0,84.315,248.3,95.4
2026-03-26 23:05:17,2036.15,2.0,HOLD,470,470,0,81.362,242.1,94.0
2026-03-26 23:05:20,2039.79,2.0,HOLD,478,478,0,71.607,230.03,95.6
2026-03-26 23:05:24,2043.21,2.0,HOLD,474,474,0,72.326,238.332,94.8
2026-03-26 23:05:27,2046.82,2.0,HOLD,470,470,0,87.624,321.476,94.0
2026-03-26 23:05:31,2050.48,2.0,HOLD,473,473,0,91.232,287.471,94.6
2026-03-26 23:05:34,2054.06,2.0,HOLD,493,493,0,75.901,250.817,98.6
2026-03-26 23:05:38,2057.37,2.0,HOLD,480,480,0,71.289,248.84,96.0
2026-03-26 23:05:41,2061.05,2.0,HOLD,474,474,0,60.272,199.969,94.8
2026-03-26 23:05:45,2064.44,2.0,HOLD,476,476,0,66.865,214.785,95.2
2026-03-26 23:05:48,2067.79,2.0,HOLD,470,470,0,85.496,279.671,94.0
2026-03-26 23:05:52,2071.3,2.0,HOLD,470,470,0,78.528,206.189,94.0
2026-03-26 23:05:55,2074.63,2.0,HOLD,482,482,0,86.055,229.263,96.4
2026-03-26 23:05:58,2077.97,2.0,HOLD,493,493,0,72.737,215.273,98.6
2026-03-26 23:06:02,2081.27,2.0,HOLD,483,483,0,73.33,251.32,96.6
2026-03-26 23:06:05,2084.98,2.0,HOLD,491,491,0,74.967,230.789,98.2
2026-03-26 23:06:09,2088.45,2.0,HOLD,487,487,0,63.461,195.636,97.4
2026-03-26 23:06:11,2091.83,2.0,HOLD,487,487,0,71.318,221.723,97.4
2026-03-26 23:06:15,2094.28,2.0,HOLD,474,474,0,72.784,194.465,94.8
2026-03-26 23:06:18,2097.83,2.0,HOLD,479,479,0,66.039,168.85,95.8
2026-03-26 23:06:21,2100.97,2.0,HOLD,481,481,0,62.764,168.701,96.2
2026-03-26 23:06:25,2104.45,2.0,HOLD,482,482,0,66.725,224.478,96.4
2026-03-26 23:06:28,2107.93,2.0,HOLD,483,483,0,71.569,200.636,96.6
2026-03-26 23:06:31,2111.03,2.0,HOLD,487,487,0,90.865,249.424,97.4
2026-03-26 23:06:35,2114.29,2.0,HOLD,498,498,0,83.476,236.086,99.6
2026-03-26 23:06:38,2117.7,2.0,HOLD,478,478,0,78.04,235.157,95.6
2026-03-26 23:06:42,2121.0,2.0,HOLD,475,475,0,93.297,284.243,95.0
2026-03-26 23:06:45,2124.7,2.0,HOLD,486,486,0,69.707,223.57,97.2
2026-03-26 23:06:49,2128.29,2.0,HOLD,480,480,0,72.396,247.381,96.0
2026-03-26 23:06:52,2131.9,2.0,HOLD,487,487,0,81.19,253.644,97.4
2026-03-26 23:06:56,2135.32,2.0,HOLD,489,489,0,79.447,237.507,97.8
2026-03-26 23:06:59,2138.69,2.0,HOLD,480,480,0,69.664,211.257,96.0
2026-03-26 23:07:03,2142.06,2.0,HOLD,485,485,0,68.572,193.822,97.0
2026-03-26 23:07:06,2145.74,2.0,HOLD,474,474,0,59.624,182.411,94.8
2026-03-26 23:07:09,2148.96,2.0,HOLD,490,490,0,67.391,238.05,98.0
2026-03-26 23:07:13,2152.47,2.0,HOLD,492,492,0,73.731,255.505,98.4
2026-03-26 23:07:17,2156.28,2.0,HOLD,484,484,0,71.544,232.257,96.8
2026-03-26 23:07:20,2159.72,2.0,HOLD,476,476,0,75.75,227.969,95.2
2026-03-26 23:07:23,2163.33,2.0,HOLD,479,479,0,69.901,173.949,95.8
2026-03-26 23:07:26,2166.27,2.0,HOLD,473,473,0,66.888,196.98,94.6
2026-03-26 23:07:30,2169.58,2.0,HOLD,477,477,0,71.71,252.499,95.4
2026-03-26 23:07:33,2172.8,2.0,HOLD,487,487,0,71.423,197.344,97.4
2026-03-26 23:07:37,2176.46,2.0,HOLD,472,472,0,65.233,165.279,94.4
2026-03-26 23:07:40,2179.98,2.0,HOLD,483,483,0,64.339,186.784,96.6
2026-03-26 23:07:44,2183.29,2.0,HOLD,478,478,0,59.791,197.595,95.6
2026-03-26 23:07:47,2186.89,2.0,HOLD,492,492,0,72.559,230.259,98.4
2026-03-26 23:07:51,2190.07,2.0,HOLD,493,493,0,64.848,221.761,98.6
2026-03-26 23:07:54,2193.81,2.0,HOLD,475,475,0,75.548,215.905,95.0
2026-03-26 23:07:58,2197.06,2.0,HOLD,481,481,0,83.484,242.61,96.2
2026-03-26 23:08:01,2200.64,2.0,HOLD,480,480,0,90.239,284.175,96.0
2026-03-26 23:08:05,2204.45,2.0,HOLD,484,484,0,80.373,232.188,96.8
2026-03-26 23:08:08,2207.87,2.0,HOLD,483,483,0,69.302,216.024,96.6
2026-03-26 23:08:12,2211.59,2.0,HOLD,470,470,0,79.773,253.573,94.0
2026-03-26 23:08:15,2215.02,2.0,HOLD,465,465,0,90.738,297.996,93.0
2026-03-26 23:08:19,2218.33,2.0,HOLD,485,485,0,84.298,268.095,97.0
2026-03-26 23:08:22,2221.83,2.0,HOLD,475,475,0,75.724,252.497,95.0
2026-03-26 23:08:26,2225.43,2.0,HOLD,480,480,0,77.744,266.813,96.0
2026-03-26 23:08:29,2228.94,2.0,HOLD,491,491,0,81.245,276.293,98.2
2026-03-26 23:08:32,2232.02,2.0,HOLD,486,486,0,62.228,192.95,97.2
2026-03-26 23:08:36,2235.59,2.0,HOLD,466,466,0,69.918,200.056,93.2
2026-03-26 23:08:40,2238.92,2.0,HOLD,484,484,0,70.153,227.869,96.8
2026-03-26 23:08:43,2242.65,2.0,HOLD,473,473,0,72.81,229.354,94.6
2026-03-26 23:08:46,2246.1,2.0,HOLD,485,485,0,73.065,212.026,97.0
2026-03-26 23:08:50,2249.54,2.0,HOLD,471,471,0,84.714,240.81,94.2
2026-03-26 23:08:54,2253.08,2.0,HOLD,484,484,0,88.499,246.093,96.8
2026-03-26 23:08:57,2256.94,2.0,HOLD,478,478,0,91.393,309.107,95.6
2026-03-26 23:09:01,2260.51,2.0,HOLD,487,487,0,78.149,257.775,97.4
2026-03-26 23:09:04,2263.9,2.0,HOLD,489,489,0,83.207,267.21,97.8
2026-03-26 23:09:08,2267.44,2.0,HOLD,485,485,0,75.918,256.437,97.0
2026-03-26 23:09:11,2270.75,2.0,HOLD,486,486,0,79.808,239.195,97.2
2026-03-26 23:09:15,2274.04,2.0,HOLD,470,470,0,82.982,225.265,94.0
2026-03-26 23:09:18,2277.66,2.0,HOLD,461,461,0,78.518,222.157,92.2
2026-03-26 23:09:22,2280.99,2.0,HOLD,470,470,0,86.25,291.178,94.0
2026-03-26 23:09:25,2284.67,2.0,HOLD,479,479,0,86.831,290.143,95.8
2026-03-26 23:09:29,2288.03,2.0,HOLD,480,480,0,64.637,206.297,96.0
2026-03-26 23:09:32,2291.78,2.0,HOLD,484,484,0,72.101,226.878,96.8
2026-03-26 23:09:36,2295.12,2.0,HOLD,485,485,0,67.995,208.543,97.0
2026-03-26 23:09:39,2298.98,2.0,HOLD,477,477,0,67.714,182.629,95.4
2026-03-26 23:09:43,2302.36,2.0,HOLD,480,480,0,73.231,217.413,96.0
2026-03-26 23:09:46,2305.81,2.0,HOLD,465,465,0,78.41,203.451,93.0
2026-03-26 23:09:49,2309.3,2.0,HOLD,460,460,0,76.109,199.006,92.0
2026-03-26 23:09:53,2312.6,2.0,HOLD,475,475,0,83.902,230.986,95.0
2026-03-26 23:09:57,2316.08,2.0,HOLD,464,464,0,87.271,294.548,92.8
2026-03-26 23:10:00,2319.97,2.0,HOLD,488,488,0,74.304,271.713,97.6
2026-03-26 23:10:04,2323.48,2.0,HOLD,481,481,0,70.692,243.48,96.2
2026-03-26 23:10:07,2326.78,2.0,HOLD,467,467,0,85.689,270.936,93.4
2026-03-26 23:10:10,2329.98,2.0,HOLD,471,471,0,79.817,233.922,94.2
2026-03-26 23:10:14,2333.6,2.0,HOLD,489,489,0,72.774,216.545,97.8
2026-03-26 23:10:17,2336.93,2.0,HOLD,481,481,0,75.58,208.565,96.2
2026-03-26 23:10:20,2339.88,2.0,HOLD,494,494,0,64.879,226.762,98.8
2026-03-26 23:10:24,2343.31,2.0,HOLD,484,484,0,60.243,197.144,96.8
2026-03-26 23:10:27,2346.65,2.0,HOLD,465,465,0,70.691,213.263,93.0
2026-03-26 23:10:30,2349.82,2.0,HOLD,465,465,0,81.379,254.502,93.0
2026-03-26 23:10:33,2353.23,2.0,HOLD,485,485,0,76.508,247.831,97.0
2026-03-26 23:10:36,2355.84,2.0,HOLD,486,486,0,64.767,202.485,97.2
2026-03-26 23:10:38,2359.11,2.0,HOLD,487,487,0,70.87,212.509,97.4
2026-03-26 23:10:42,2361.36,2.0,HOLD,479,479,0,73.505,222.064,95.8
2026-03-26 23:10:45,2365.01,2.0,HOLD,470,470,0,87.011,280.993,94.0
2026-03-26 23:10:49,2368.11,2.0,HOLD,484,484,0,80.712,265.406,96.8
2026-03-26 23:10:52,2371.65,2.0,HOLD,474,474,0,73.115,229.979,94.8
2026-03-26 23:10:55,2375.11,2.0,HOLD,491,491,0,72.118,236.519,98.2
2026-03-26 23:10:59,2378.32,2.0,HOLD,484,484,0,75.034,232.82,96.8
2026-03-26 23:11:02,2381.72,2.0,HOLD,486,486,0,82.618,215.822,97.2
2026-03-26 23:11:06,2385.32,2.0,HOLD,493,493,0,74.691,237.165,98.6
2026-03-26 23:11:09,2388.73,2.0,HOLD,485,485,0,77.101,237.859,97.0
2026-03-26 23:11:12,2391.78,2.0,HOLD,488,488,0,76.898,236.535,97.6
2026-03-26 23:11:15,2395.13,2.0,HOLD,489,489,0,76.929,257.609,97.8
2026-03-26 23:11:18,2398.47,2.0,HOLD,476,476,0,85.822,274.322,95.2
2026-03-26 23:11:22,2401.6,2.0,HOLD,488,488,0,85.675,281.178,97.6
2026-03-26 23:11:26,2405.31,2.0,HOLD,479,479,0,86.164,292.628,95.8
2026-03-26 23:11:28,2408.8,2.0,HOLD,492,492,0,87.362,299.79,98.4
2026-03-26 23:11:32,2411.41,2.0,HOLD,489,489,0,76.153,278.6,97.8
2026-03-26 23:11:35,2414.76,2.0,HOLD,477,477,0,70.219,253.248,95.4
2026-03-26 23:11:38,2418.59,2.0,HOLD,481,481,0,80.663,288.494,96.2
2026-03-26 23:11:42,2421.38,2.0,HOLD,485,485,0,82.508,243.143,97.0
2026-03-26 23:11:45,2424.86,2.0,HOLD,478,478,0,84.364,288.324,95.6
2026-03-26 23:11:48,2428.49,2.0,HOLD,483,483,0,84.134,300.6,96.6
2026-03-26 23:11:51,2431.12,2.0,HOLD,479,479,0,72.46,241.044,95.8
2026-03-26 23:11:55,2434.53,2.0,HOLD,476,476,0,86.347,257.745,95.2
2026-03-26 23:11:58,2437.97,2.0,HOLD,495,495,0,77.244,257.398,99.0
2026-03-26 23:12:01,2441.12,2.0,HOLD,489,489,0,73.836,197.519,97.8
2026-03-26 23:12:05,2444.42,2.0,HOLD,480,480,0,72.32,217.398,96.0
2026-03-26 23:12:08,2447.72,2.0,HOLD,476,476,0,76.44,242.598,95.2
2026-03-26 23:12:11,2450.73,2.0,HOLD,482,482,0,79.907,237.534,96.4
2026-03-26 23:12:14,2454.05,2.0,HOLD,480,480,0,69.825,235.013,96.0
2026-03-26 23:12:18,2457.48,2.0,HOLD,464,464,0,74.729,241.756,92.8
2026-03-26 23:12:21,2460.69,2.0,HOLD,480,480,0,80.677,260.098,96.0
2026-03-26 23:12:24,2464.15,2.0,HOLD,471,471,0,79.45,248.496,94.2
2026-03-26 23:12:27,2467.33,2.0,HOLD,468,468,0,78.545,236.287,93.6
2026-03-26 23:12:31,2470.24,2.0,HOLD,483,483,0,78.305,235.786,96.6
2026-03-26 23:12:34,2474.13,2.0,HOLD,472,472,0,70.339,207.337,94.4
2026-03-26 23:12:37,2477.37,2.0,HOLD,482,482,0,78.366,252.309,96.4
2026-03-26 23:12:40,2479.85,2.0,HOLD,475,475,0,77.122,230.129,95.0
2026-03-26 23:12:43,2483.15,2.0,HOLD,465,465,0,72.816,187.151,93.0
2026-03-26 23:12:47,2486.52,2.0,HOLD,465,465,0,78.371,229.19,93.0
2026-03-26 23:12:50,2489.64,2.0,HOLD,473,473,0,70.459,211.662,94.6
2026-03-26 23:12:53,2492.95,2.0,HOLD,471,471,0,79.233,244.501,94.2
2026-03-26 23:12:56,2496.26,2.0,HOLD,500,500,0,82.303,274.108,100.0
2026-03-26 23:12:59,2499.14,2.0,HOLD,475,475,0,78.003,272.635,95.0
2026-03-26 23:13:03,2502.59,2.0,HOLD,472,472,0,78.813,268.659,94.4
2026-03-26 23:13:05,2505.96,2.0,HOLD,487,487,0,68.246,174.893,97.4
2026-03-26 23:13:09,2508.58,2.0,HOLD,494,494,0,69.69,162.632,98.8
2026-03-26 23:13:12,2512.0,2.0,HOLD,482,482,0,70.516,188.924,96.4
2026-03-26 23:13:15,2515.28,2.0,HOLD,493,493,0,78.532,232.189,98.6
2026-03-26 23:13:18,2517.74,2.0,HOLD,479,479,0,77.231,237.064,95.8
2026-03-26 23:13:21,2520.95,2.0,HOLD,482,482,0,72.348,193.207,96.4
2026-03-26 23:13:23,2524.49,2.0,HOLD,497,497,0,78.568,263.604,99.4
2026-03-26 23:13:27,2526.57,2.0,HOLD,480,480,0,69.267,232.385,96.0
2026-03-26 23:13:30,2530.12,2.0,HOLD,481,481,0,73.123,232.385,96.2
2026-03-26 23:13:34,2533.57,2.0,HOLD,475,475,0,72.519,247.562,95.0
2026-03-26 23:13:37,2537.13,2.0,HOLD,477,477,0,67.283,199.664,95.4
2026-03-26 23:13:40,2539.88,2.0,HOLD,479,479,0,67.878,187.263,95.8
2026-03-26 23:13:44,2543.31,2.0,HOLD,486,486,0,78.36,228.884,97.2
2026-03-26 23:13:46,2546.74,2.0,HOLD,473,473,0,84.568,237.847,94.6
2026-03-26 23:13:50,2549.24,2.0,HOLD,483,483,0,85.372,240.719,96.6
2026-03-26 23:13:53,2552.76,2.0,HOLD,480,480,0,75.14,243.438,96.0
2026-03-26 23:13:57,2556.46,2.0,HOLD,476,476,0,69.607,224.204,95.2
2026-03-26 23:14:00,2560.03,2.0,HOLD,488,488,0,71.301,224.315,97.6
2026-03-26 23:14:03,2562.78,2.0,HOLD,477,477,0,82.014,247.47,95.4
2026-03-26 23:14:07,2566.34,2.0,HOLD,487,487,0,75.923,216.452,97.4
2026-03-26 23:14:10,2569.74,2.0,HOLD,467,467,0,74.299,217.078,93.4
2026-03-26 23:14:13,2573.22,2.0,HOLD,475,475,0,72.361,233.787,95.0
2026-03-26 23:14:17,2576.02,2.0,HOLD,472,472,0,73.26,241.47,94.4
2026-03-26 23:14:20,2579.67,2.0,HOLD,470,470,0,76.539,216.847,94.0
2026-03-26 23:14:24,2583.32,2.0,HOLD,472,472,0,85.75,267.988,94.4
2026-03-26 23:14:26,2586.89,2.0,HOLD,482,482,0,107.867,283.515,96.4
2026-03-26 23:14:30,2589.34,2.0,HOLD,480,480,0,99.978,273.019,96.0
2026-03-26 23:14:33,2592.95,2.0,HOLD,484,484,0,96.51,284.6,96.8
2026-03-26 23:14:37,2596.41,2.0,HOLD,486,486,0,84.579,283.446,97.2
2026-03-26 23:14:39,2599.8,2.0,HOLD,486,486,0,74.097,268.106,97.2
2026-03-26 23:14:43,2602.44,2.0,HOLD,477,477,0,89.926,286.311,95.4
2026-03-26 23:14:46,2605.79,2.0,HOLD,486,486,0,70.15,223.103,97.2
2026-03-26 23:14:50,2609.33,2.0,HOLD,472,472,0,67.16,230.298,94.4
2026-03-26 23:14:52,2612.85,2.0,HOLD,481,481,0,67.451,212.011,96.2
2026-03-26 23:14:56,2615.29,2.0,HOLD,485,485,0,70.771,189.105,97.0
2026-03-26 23:14:59,2618.81,2.0,HOLD,481,481,0,80.813,253.545,96.2
2026-03-26 23:15:02,2622.29,2.0,HOLD,491,491,0,90.507,283.429,98.2
2026-03-26 23:15:05,2625.55,2.0,HOLD,487,487,0,90.387,276.455,97.4
2026-03-26 23:15:08,2627.72,2.0,HOLD,485,485,0,84.222,253.067,97.0
2026-03-26 23:15:11,2631.01,2.0,HOLD,485,485,0,80.799,258.497,97.0
2026-03-26 23:15:15,2634.34,2.0,HOLD,486,486,0,82.229,294.765,97.2
2026-03-26 23:15:17,2637.63,2.0,HOLD,487,487,0,77.103,213.696,97.4
2026-03-26 23:15:20,2639.89,2.0,HOLD,475,475,0,88.395,271.075,95.0
2026-03-26 23:15:24,2643.4,2.0,HOLD,484,484,0,79.757,254.544,96.8
2026-03-26 23:15:28,2646.95,2.0,HOLD,471,471,0,82.304,222.457,94.2
2026-03-26 23:15:31,2650.64,2.0,HOLD,479,479,0,87.917,257.286,95.8
2026-03-26 23:15:34,2654.05,2.0,HOLD,482,482,0,67.17,185.753,96.4
2026-03-26 23:15:37,2657.5,2.0,HOLD,482,482,0,86.727,263.961,96.4
2026-03-26 23:15:40,2659.67,2.0,HOLD,478,478,0,98.189,320.921,95.6
2026-03-26 23:15:44,2663.29,2.0,HOLD,467,467,0,99.919,310.268,93.4
2026-03-26 23:15:47,2666.68,2.0,HOLD,471,471,0,80.673,260.333,94.2
2026-03-26 23:15:50,2670.14,2.0,HOLD,485,485,0,93.02,272.135,97.0
2026-03-26 23:15:53,2673.46,2.0,HOLD,477,477,0,82.844,251.197,95.4
2026-03-26 23:15:57,2675.98,2.0,HOLD,468,468,0,85.872,259.52,93.6
2026-03-26 23:16:00,2679.68,2.0,HOLD,481,481,0,83.848,284.559,96.2
2026-03-26 23:16:03,2683.21,2.0,HOLD,479,479,0,69.322,259.333,95.8
2026-03-26 23:16:07,2686.57,2.0,HOLD,488,488,0,71.146,191.652,97.6
2026-03-26 23:16:10,2689.89,2.0,HOLD,474,474,0,84.164,264.535,94.8
2026-03-26 23:16:13,2693.22,2.0,HOLD,486,486,0,86.936,282.185,97.2
2026-03-26 23:16:16,2696.44,2.0,HOLD,492,492,0,85.499,247.004,98.4
2026-03-26 23:16:19,2698.93,2.0,HOLD,481,481,0,78.979,271.351,96.2
2026-03-26 23:16:23,2702.51,2.0,HOLD,491,491,0,67.121,243.108,98.2
2026-03-26 23:16:26,2705.8,2.0,HOLD,485,485,0,78.836,249.125,97.0
2026-03-26 23:16:30,2709.16,2.0,HOLD,482,482,0,78.593,222.136,96.4
2026-03-26 23:16:33,2712.88,2.0,HOLD,478,478,0,80.571,267.496,95.6
2026-03-26 23:16:37,2716.26,2.0,HOLD,468,468,0,87.5,284.957,93.6
2026-03-26 23:16:40,2719.75,2.0,HOLD,472,472,0,87.27,256.191,94.4
2026-03-26 23:16:42,2723.13,2.0,HOLD,484,484,0,87.465,300.623,96.8
2026-03-26 23:16:46,2725.38,2.0,HOLD,482,482,0,82.865,302.396,96.4
2026-03-26 23:16:49,2728.96,2.0,HOLD,479,479,0,77.916,245.104,95.8
2026-03-26 23:16:53,2732.57,2.0,HOLD,476,476,0,83.776,292.485,95.2
2026-03-26 23:16:56,2736.13,2.0,HOLD,478,478,0,84.159,286.576,95.6
2026-03-26 23:16:59,2739.44,2.0,HOLD,473,473,0,82.212,238.603,94.6
2026-03-26 23:17:03,2742.61,2.0,HOLD,475,475,0,85.556,217.66,95.0
2026-03-26 23:17:06,2745.91,2.0,HOLD,465,465,0,86.393,260.595,93.0
2026-03-26 23:17:10,2749.34,2.0,HOLD,471,471,0,74.304,240.185,94.2
2026-03-26 23:17:13,2752.87,2.0,HOLD,480,480,0,73.713,232.704,96.0
2026-03-26 23:17:17,2756.51,2.0,HOLD,465,465,0,71.933,177.093,93.0
2026-03-26 23:17:21,2760.02,2.0,HOLD,466,466,0,89.011,297.12,93.2
2026-03-26 23:17:24,2763.62,2.0,HOLD,479,479,0,89.952,294.919,95.8
2026-03-26 23:17:28,2767.41,2.0,HOLD,485,485,0,71.634,248.458,97.0
2026-03-26 23:17:31,2770.8,2.0,HOLD,483,483,0,66.532,248.301,96.6
2026-03-26 23:17:34,2773.98,2.0,HOLD,481,481,0,95.423,312.719,96.2
2026-03-26 23:17:38,2777.52,2.0,HOLD,487,487,0,78.967,235.026,97.4
2026-03-26 23:17:41,2781.12,2.0,HOLD,470,470,0,70.973,211.539,94.0
2026-03-26 23:17:45,2784.59,2.0,HOLD,473,473,0,85.207,265.878,94.6
2026-03-26 23:17:48,2787.98,2.0,HOLD,493,493,0,69.223,207.619,98.6
2026-03-26 23:17:52,2791.49,2.0,HOLD,481,481,0,74.333,282.062,96.2
2026-03-26 23:17:55,2795.11,2.0,HOLD,484,484,0,73.577,243.198,96.8
2026-03-26 23:17:59,2798.3,2.0,HOLD,482,482,0,80.731,235.619,96.4
2026-03-26 23:18:02,2801.93,2.0,HOLD,485,485,0,83.171,285.201,97.0
2026-03-26 23:18:05,2805.17,2.0,HOLD,469,469,0,86.573,296.259,93.8
2026-03-26 23:18:09,2808.53,2.0,HOLD,474,474,0,97.38,288.683,94.8
2026-03-26 23:18:12,2811.7,2.0,HOLD,469,469,0,81.75,226.154,93.8
2026-03-26 23:18:15,2814.88,2.0,HOLD,462,462,0,82.586,242.249,92.4
2026-03-26 23:18:18,2818.16,2.0,HOLD,481,481,0,75.096,244.484,96.2
2026-03-26 23:18:22,2821.46,2.0,HOLD,483,483,0,64.89,218.111,96.6
2026-03-26 23:18:25,2824.77,2.0,HOLD,487,487,0,61.303,166.19,97.4
2026-03-26 23:18:28,2827.94,2.0,HOLD,488,488,0,72.067,195.544,97.6
2026-03-26 23:18:31,2830.96,2.0,HOLD,469,469,0,85.863,253.124,93.8
2026-03-26 23:18:34,2833.96,2.0,HOLD,485,485,0,77.298,261.61,97.0
2026-03-26 23:18:37,2837.19,2.0,HOLD,480,480,0,73.114,214.497,96.0
2026-03-26 23:18:40,2840.17,2.0,HOLD,471,471,0,85.709,264.659,94.2
2026-03-26 23:18:43,2843.02,2.0,HOLD,484,484,0,92.918,231.771,96.8
2026-03-26 23:18:46,2846.26,2.0,HOLD,487,487,0,77.71,217.893,97.4
2026-03-26 23:18:49,2849.04,2.0,HOLD,495,495,0,75.823,214.732,99.0
2026-03-26 23:18:52,2851.86,2.0,HOLD,484,484,0,74.432,219.784,96.8
2026-03-26 23:18:55,2854.91,2.0,HOLD,490,490,0,79.697,259.241,98.0
2026-03-26 23:18:57,2857.82,2.0,HOLD,489,489,0,80.467,228.031,97.8
2026-03-26 23:19:01,2860.6,2.0,HOLD,478,478,0,86.798,207.233,95.6
2026-03-26 23:19:04,2863.7,2.0,HOLD,471,471,0,89.002,257.754,94.2
2026-03-26 23:19:07,2866.8,2.0,HOLD,472,472,0,89.679,309.593,94.4
2026-03-26 23:19:09,2869.73,2.0,HOLD,463,463,0,91.135,309.593,92.6
2026-03-26 23:19:12,2872.25,2.0,HOLD,481,481,0,88.586,284.059,96.2
2026-03-26 23:19:15,2875.34,2.0,HOLD,495,495,0,82.593,265.827,99.0
2026-03-26 23:19:18,2878.35,2.0,HOLD,470,470,0,83.481,267.208,94.0
2026-03-26 23:19:21,2881.31,2.0,HOLD,485,485,0,81.531,276.66,97.0
2026-03-26 23:19:24,2884.3,2.0,HOLD,481,481,0,77.422,242.834,96.2
2026-03-26 23:19:26,2886.91,2.0,HOLD,494,494,0,79.633,242.834,98.8
2026-03-26 23:19:29,2889.47,2.0,HOLD,490,490,0,80.443,233.915,98.0
2026-03-26 23:19:32,2892.17,2.0,HOLD,464,464,0,79.614,219.335,92.8
2026-03-26 23:19:35,2895.09,2.0,HOLD,483,483,0,65.336,221.854,96.6
2026-03-26 23:19:38,2897.71,2.0,HOLD,475,475,0,74.298,267.637,95.0
2026-03-26 23:19:40,2900.62,2.0,HOLD,466,466,0,82.149,244.356,93.2
2026-03-26 23:19:43,2903.04,2.0,HOLD,481,481,0,81.581,222.15,96.2
2026-03-26 23:19:45,2905.83,2.0,HOLD,491,491,0,96.135,306.682,98.2
2026-03-26 23:19:48,2908.54,2.0,HOLD,483,483,0,103.584,312.79,96.6
2026-03-26 23:19:51,2911.38,2.0,HOLD,493,493,0,81.452,269.484,98.6
2026-03-26 23:19:53,2913.79,2.0,HOLD,489,489,0,78.066,225.42,97.8
2026-03-26 23:19:56,2916.46,2.0,HOLD,479,479,0,81.528,270.895,95.8
2026-03-26 23:19:58,2918.89,2.0,HOLD,489,489,0,78.286,269.364,97.8
2026-03-26 23:20:01,2921.19,2.0,HOLD,476,476,0,77.711,267.047,95.2
2026-03-26 23:20:03,2923.7,2.0,HOLD,474,474,0,74.922,284.293,94.8
2026-03-26 23:20:05,2925.98,2.0,HOLD,494,494,0,63.37,211.969,98.8
2026-03-26 23:20:08,2928.57,2.0,HOLD,479,479,0,71.987,199.13,95.8
2026-03-26 23:20:10,2931.11,2.0,HOLD,478,478,0,77.155,206.56,95.6
2026-03-26 23:20:13,2933.38,2.0,HOLD,476,476,0,84.829,261.33,95.2
2026-03-26 23:20:15,2936.03,2.0,HOLD,474,474,0,86.683,277.286,94.8
2026-03-26 23:20:18,2938.51,2.0,HOLD,485,485,0,79.079,243.678,97.0
2026-03-26 23:20:20,2940.66,2.0,HOLD,487,487,0,71.299,205.663,97.4
2026-03-26 23:20:22,2943.1,2.0,HOLD,480,480,0,67.187,172.323,96.0
2026-03-26 23:20:25,2945.38,2.0,HOLD,490,490,0,72.225,179.453,98.0
2026-03-26 23:20:27,2947.87,2.0,HOLD,488,488,0,80.538,205.87,97.6
2026-03-26 23:20:29,2950.03,2.0,HOLD,487,487,0,79.18,266.957,97.4
2026-03-26 23:20:32,2952.41,2.0,HOLD,486,486,0,73.756,269.346,97.2
2026-03-26 23:20:34,2954.87,2.0,HOLD,493,493,0,79.259,266.056,98.6
2026-03-26 23:20:36,2957.04,2.0,HOLD,501,501,0,69.201,232.834,100.2
2026-03-26 23:20:38,2959.15,2.0,HOLD,516,516,0,71.655,219.417,103.2
2026-03-26 23:20:41,2961.41,2.0,HOLD,482,482,0,79.672,199.444,96.4
2026-03-26 23:20:43,2963.76,2.0,HOLD,481,481,0,81.247,239.723,96.2
2026-03-26 23:20:45,2965.86,2.0,HOLD,489,489,0,68.86,205.659,97.8
2026-03-26 23:20:47,2967.91,2.0,HOLD,489,489,0,73.886,231.0,97.8
2026-03-26 23:20:49,2969.94,2.0,HOLD,480,480,0,78.987,220.589,96.0
2026-03-26 23:20:51,2972.15,2.0,HOLD,491,491,0,76.019,229.086,98.2
2026-03-26 23:20:53,2974.37,2.0,HOLD,496,496,0,63.041,212.059,99.2
2026-03-26 23:20:56,2976.57,2.0,HOLD,494,494,0,66.441,242.793,98.8
2026-03-26 23:20:59,2978.7,2.0,HOLD,480,480,0,78.583,249.783,96.0
2026-03-26 23:21:02,2982.18,2.0,HOLD,489,489,0,76.137,268.994,97.8
2026-03-26 23:21:05,2984.74,2.0,HOLD,484,484,0,76.364,246.29,96.8
2026-03-26 23:21:07,2987.93,2.0,HOLD,484,484,0,87.018,267.794,96.8
2026-03-26 23:21:11,2990.36,2.0,HOLD,482,482,0,73.686,273.241,96.4
2026-03-26 23:21:14,2993.95,2.0,HOLD,494,494,0,82.847,298.857,98.8
2026-03-26 23:21:17,2997.51,2.0,HOLD,480,480,0,70.384,208.984,96.0
2026-03-26 23:21:19,2999.77,2.0,HOLD,488,488,0,75.863,222.003,97.6
2026-03-26 23:21:22,3001.8,2.0,HOLD,470,470,0,75.833,282.687,94.0
2026-03-26 23:21:24,3005.42,2.0,HOLD,472,472,0,79.721,264.217,94.4
2026-03-26 23:21:28,3007.58,2.0,HOLD,468,468,0,80.929,257.318,93.6
2026-03-26 23:21:31,3011.04,2.0,HOLD,467,467,0,83.29,273.157,93.4
2026-03-26 23:21:34,3014.33,2.0,HOLD,492,492,0,72.436,240.572,98.4
2026-03-26 23:21:37,3017.59,2.0,HOLD,490,490,0,76.873,263.589,98.0
2026-03-26 23:21:40,3019.61,2.0,HOLD,483,483,0,76.172,265.998,96.6
2026-03-26 23:21:43,3022.72,2.0,HOLD,498,498,0,69.521,222.793,99.6
2026-03-26 23:21:46,3025.78,2.0,HOLD,483,483,0,97.253,272.882,96.6
2026-03-26 23:21:48,3028.8,2.0,HOLD,451,451,0,102.796,318.603,90.2
2026-03-26 23:21:50,3031.15,2.0,HOLD,469,469,0,92.862,246.456,93.8
2026-03-26 23:21:52,3033.29,2.0,HOLD,480,480,0,82.51,241.124,96.0
2026-03-26 23:21:54,3035.34,2.0,HOLD,490,490,0,82.35,256.135,98.0
2026-03-26 23:21:56,3037.38,2.0,HOLD,494,494,0,86.858,272.155,98.8
2026-03-26 23:21:59,3039.61,2.0,HOLD,484,484,0,87.281,272.915,96.8
2026-03-26 23:22:01,3041.77,2.0,HOLD,493,493,0,81.856,273.194,98.6
2026-03-26 23:22:03,3043.85,2.0,HOLD,496,496,0,69.621,207.562,99.2
2026-03-26 23:22:06,3045.95,2.0,HOLD,489,489,0,82.291,245.914,97.8
2026-03-26 23:22:08,3049.04,2.0,HOLD,492,492,0,90.903,271.583,98.4
2026-03-26 23:22:10,3051.19,2.0,HOLD,488,488,0,80.383,212.009,97.6
2026-03-26 23:22:13,3053.23,2.0,HOLD,496,496,0,80.688,242.631,99.2
2026-03-26 23:22:15,3056.09,2.0,HOLD,493,493,0,82.623,242.631,98.6
2026-03-26 23:22:18,3058.3,2.0,HOLD,488,488,0,89.235,291.769,97.6
2026-03-26 23:22:20,3061.2,2.0,HOLD,485,485,0,81.854,266.897,97.0
2026-03-26 23:22:22,3063.33,2.0,HOLD,491,491,0,78.454,249.254,98.2
2026-03-26 23:22:25,3065.37,2.0,HOLD,462,462,0,93.416,269.782,92.4
2026-03-26 23:22:27,3067.85,2.0,HOLD,433,433,0,105.294,345.815,86.6
2026-03-26 23:22:30,3070.1,2.0,HOLD,438,438,0,108.272,357.396,87.6
2026-03-26 23:22:33,3073.3,2.0,HOLD,476,476,0,94.561,270.651,95.2
2026-03-26 23:22:36,3076.3,2.0,HOLD,451,451,0,107.045,339.931,90.2
2026-03-26 23:22:38,3078.63,2.0,HOLD,441,441,0,105.702,339.398,88.2
2026-03-26 23:22:40,3080.72,2.0,HOLD,468,468,0,102.545,335.995,93.6
2026-03-26 23:22:42,3082.9,2.0,HOLD,457,457,0,110.156,336.996,91.4
2026-03-26 23:22:44,3085.33,2.0,HOLD,462,462,0,105.329,347.42,92.4
2026-03-26 23:22:47,3087.55,2.0,HOLD,460,460,0,84.699,335.233,92.0
2026-03-26 23:22:49,3089.92,2.0,HOLD,474,474,0,83.903,271.654,94.8
2026-03-26 23:22:51,3092.07,2.0,HOLD,477,477,0,92.353,287.962,95.4
2026-03-26 23:22:53,3094.21,2.0,HOLD,467,467,0,103.041,330.429,93.4
2026-03-26 23:22:55,3096.54,2.0,HOLD,460,460,0,102.182,287.867,92.0
2026-03-26 23:22:58,3098.58,2.0,HOLD,471,471,0,87.326,249.053,94.2
2026-03-26 23:23:00,3100.64,2.0,HOLD,459,459,0,86.084,257.266,91.8
2026-03-26 23:23:02,3103.1,2.0,HOLD,460,460,0,92.44,282.629,92.0
2026-03-26 23:23:04,3105.32,2.0,HOLD,479,479,0,91.744,282.768,95.8
2026-03-26 23:23:07,3107.59,2.0,HOLD,454,454,0,98.063,282.629,90.8
2026-03-26 23:23:09,3109.85,2.0,HOLD,458,458,0,95.067,282.196,91.6
2026-03-26 23:23:12,3112.08,2.0,HOLD,462,462,0,91.086,288.306,92.4
2026-03-26 23:23:14,3115.15,2.0,HOLD,454,454,0,91.303,287.462,90.8
2026-03-26 23:23:16,3117.48,2.0,HOLD,454,454,0,90.247,302.864,90.8
2026-03-26 23:23:19,3119.6,2.0,HOLD,465,465,0,77.338,285.062,93.0
2026-03-26 23:23:21,3121.75,2.0,HOLD,458,458,0,75.783,272.613,91.6
2026-03-26 23:23:23,3124.12,2.0,HOLD,456,456,0,79.431,256.53,91.2
2026-03-26 23:23:25,3126.31,2.0,HOLD,476,476,0,79.557,224.27,95.2
2026-03-26 23:23:28,3128.48,2.0,HOLD,473,473,0,90.052,247.025,94.6
2026-03-26 23:23:31,3130.61,2.0,HOLD,474,474,0,103.393,290.434,94.8
2026-03-26 23:23:33,3133.78,2.0,HOLD,460,460,0,91.176,262.563,92.0
2026-03-26 23:23:35,3136.03,2.0,HOLD,372,372,0,89.755,260.282,74.4
2026-03-26 23:23:37,3138.06,2.0,HOLD,190,190,0,87.269,251.71,38.0
2026-03-26 23:23:39,3140.09,2.0,HOLD,0,0,0,0.0,0.0,0.0
2026-03-26 23:23:41,3142.11,2.0,HOLD,0,0,0,0.0,0.0,0.0
2026-03-26 23:23:43,3144.14,2.0,HOLD,0,0,0,0.0,0.0,0.0
2026-03-26 23:23:45,3146.15,2.0,HOLD,0,0,0,0.0,0.0,0.0
