time_sec,target_rps,actual_sent,success_count,fail_count,avg_latency_ms,p95_latency_ms,scenario,phase
0,92,92,92,0,1658.74,2384.23,sale_event,normal
1,86,86,86,0,1709.09,2291.7,sale_event,normal
2,85,85,85,0,1766.22,2349.66,sale_event,normal
3,91,91,91,0,1806.56,2318.21,sale_event,normal
4,100,100,100,0,1880.25,2571.56,sale_event,normal
5,85,85,85,0,1717.52,2298.0,sale_event,normal
6,96,96,96,0,1887.66,2610.3,sale_event,normal
7,99,99,99,0,1794.94,2595.11,sale_event,normal
8,95,95,95,0,1936.42,2522.06,sale_event,normal
9,80,80,80,0,1702.38,2187.53,sale_event,normal
10,80,80,80,0,1645.34,2152.18,sale_event,normal
11,100,100,100,0,1934.25,2696.38,sale_event,normal
12,95,95,95,0,1867.39,2511.13,sale_event,normal
13,86,86,86,0,1589.81,2190.65,sale_event,normal
14,86,86,86,0,1734.37,2353.07,sale_event,normal
15,87,87,87,0,1712.24,2225.19,sale_event,normal
16,90,90,90,0,1847.12,2390.45,sale_event,normal
17,99,99,99,0,1836.63,2483.4,sale_event,normal
18,96,96,96,0,1907.03,2494.6,sale_event,normal
19,80,80,80,0,1607.35,2111.39,sale_event,normal
20,100,100,100,0,1965.49,2586.52,sale_event,normal
21,89,89,89,0,1750.8,2383.09,sale_event,normal
22,85,85,85,0,1738.7,2288.08,sale_event,normal
23,97,97,97,0,1841.56,2582.51,sale_event,normal
24,99,99,99,0,1850.83,2580.21,sale_event,normal
25,89,89,89,0,1769.92,2328.15,sale_event,normal
26,89,89,89,0,1788.45,2378.47,sale_event,normal
27,94,94,94,0,1883.9,2486.95,sale_event,normal
28,92,92,92,0,1798.4,2383.97,sale_event,normal
29,80,80,80,0,1723.63,2176.89,sale_event,normal
30,80,80,80,0,1644.9,2116.17,sale_event,normal
31,100,100,100,0,1927.91,2652.74,sale_event,normal
32,92,92,92,0,1816.37,2489.7,sale_event,normal
33,97,97,97,0,1915.58,2686.36,sale_event,normal
34,81,81,81,0,1696.34,2112.59,sale_event,normal
35,100,100,100,0,1892.96,2692.19,sale_event,normal
36,92,92,92,0,1855.83,2481.69,sale_event,normal
37,89,89,89,0,1769.29,2384.62,sale_event,normal
38,93,93,93,0,1835.51,2415.54,sale_event,normal
39,87,87,87,0,1793.31,2381.54,sale_event,normal
40,97,97,97,0,1833.79,2509.58,sale_event,normal
41,82,82,82,0,1671.86,2195.79,sale_event,normal
42,97,97,97,0,1811.08,2518.72,sale_event,normal
43,97,97,97,0,1776.37,2391.43,sale_event,normal
44,97,97,97,0,1955.09,2573.23,sale_event,normal
45,83,83,83,0,1682.71,2275.09,sale_event,normal
46,81,81,81,0,1567.67,2011.93,sale_event,normal
47,92,92,92,0,1721.99,2384.62,sale_event,normal
48,83,83,83,0,1783.38,2283.53,sale_event,normal
49,98,98,98,0,1905.84,2581.03,sale_event,normal
50,100,100,100,0,1941.29,2783.29,sale_event,normal
51,98,98,98,0,1857.62,2606.62,sale_event,normal
52,91,91,91,0,1788.03,2466.56,sale_event,normal
53,91,91,91,0,1777.95,2413.88,sale_event,normal
54,82,82,82,0,1839.11,2289.5,sale_event,normal
55,87,87,87,0,1809.75,2369.6,sale_event,normal
56,94,94,94,0,1805.33,2496.84,sale_event,normal
57,84,84,84,0,1664.91,2109.15,sale_event,normal
58,91,91,91,0,1891.22,2450.84,sale_event,normal
59,94,94,94,0,1874.31,2415.57,sale_event,normal
60,83,83,83,0,1740.91,2176.49,sale_event,normal
61,80,80,80,0,1641.42,2198.28,sale_event,normal
62,91,91,91,0,1942.46,2484.27,sale_event,normal
63,88,88,88,0,1765.66,2292.85,sale_event,normal
64,87,87,87,0,1775.04,2273.06,sale_event,normal
65,92,92,92,0,1870.52,2523.49,sale_event,normal
66,97,97,97,0,1907.54,2567.92,sale_event,normal
67,96,96,96,0,1920.25,2573.07,sale_event,normal
68,88,88,88,0,1778.96,2375.46,sale_event,normal
69,90,90,90,0,1749.32,2389.37,sale_event,normal
70,88,88,88,0,1729.44,2306.29,sale_event,normal
71,99,99,99,0,1959.98,2689.29,sale_event,normal
72,95,95,95,0,1850.4,2509.77,sale_event,normal
73,97,97,97,0,1910.08,2494.88,sale_event,normal
74,80,80,80,0,1710.48,2253.23,sale_event,normal
75,86,86,86,0,1769.71,2313.67,sale_event,normal
76,96,96,96,0,1854.12,2512.84,sale_event,normal
77,93,93,93,0,1754.01,2372.08,sale_event,normal
78,100,100,100,0,1936.15,2601.44,sale_event,normal
79,87,87,87,0,1725.71,2305.7,sale_event,normal
80,88,88,88,0,1661.65,2197.28,sale_event,normal
81,93,93,93,0,1661.98,2298.52,sale_event,normal
82,84,84,84,0,1702.22,2224.3,sale_event,normal
83,81,81,81,0,1745.58,2168.64,sale_event,normal
84,84,84,84,0,1736.68,2284.87,sale_event,normal
85,80,80,80,0,1737.3,2214.75,sale_event,normal
86,94,94,94,0,1763.72,2371.81,sale_event,normal
87,99,99,99,0,1978.0,2691.85,sale_event,normal
88,85,85,85,0,1704.54,2285.49,sale_event,normal
89,94,94,94,0,1843.04,2479.12,sale_event,normal
90,99,99,99,0,1910.51,2580.75,sale_event,normal
91,98,98,98,0,1843.64,2587.06,sale_event,normal
92,99,99,99,0,1926.2,2584.45,sale_event,normal
93,98,98,98,0,1857.66,2530.8,sale_event,normal
94,89,89,89,0,1826.78,2354.93,sale_event,normal
95,84,84,84,0,1720.57,2191.04,sale_event,normal
96,93,93,93,0,1894.96,2486.68,sale_event,normal
97,92,92,92,0,1856.35,2425.31,sale_event,normal
98,93,93,93,0,1919.43,2477.24,sale_event,normal
99,83,83,83,0,1716.95,2204.11,sale_event,normal
100,99,99,99,0,1829.32,2612.98,sale_event,normal
101,84,84,84,0,1713.9,2191.83,sale_event,normal
102,82,82,82,0,1646.5,2180.66,sale_event,normal
103,97,97,97,0,1945.28,2517.45,sale_event,normal
104,84,84,84,0,1740.82,2174.55,sale_event,normal
105,98,98,98,0,1972.42,2583.57,sale_event,normal
106,99,99,99,0,1904.8,2659.67,sale_event,normal
107,89,89,89,0,1741.12,2396.03,sale_event,normal
108,86,86,86,0,1768.57,2300.48,sale_event,normal
109,85,85,85,0,1759.13,2279.95,sale_event,normal
110,89,89,89,0,1761.82,2383.64,sale_event,normal
111,88,88,88,0,1732.29,2319.14,sale_event,normal
112,83,83,83,0,1763.48,2189.82,sale_event,normal
113,96,96,96,0,1819.61,2580.53,sale_event,normal
114,94,94,94,0,1781.01,2402.3,sale_event,normal
115,83,83,83,0,1658.96,2148.15,sale_event,normal
116,99,99,99,0,1888.35,2689.3,sale_event,normal
117,91,91,91,0,1853.97,2415.64,sale_event,normal
118,94,94,94,0,1833.32,2475.17,sale_event,normal
119,82,82,82,0,1671.46,2096.86,sale_event,normal
120,81,81,81,0,1605.64,2102.31,sale_event,normal
121,83,83,83,0,1699.11,2178.79,sale_event,normal
122,91,91,91,0,1818.94,2386.76,sale_event,normal
123,93,93,93,0,1783.6,2470.85,sale_event,normal
124,85,85,85,0,1687.08,2218.14,sale_event,normal
125,83,83,83,0,1756.85,2288.03,sale_event,normal
126,82,82,82,0,1725.13,2190.26,sale_event,normal
127,87,87,87,0,1711.74,2272.02,sale_event,normal
128,90,90,90,0,1788.78,2318.73,sale_event,normal
129,95,95,95,0,1925.0,2548.26,sale_event,normal
130,89,89,89,0,1713.4,2320.6,sale_event,normal
131,95,95,95,0,1872.18,2467.83,sale_event,normal
132,95,95,95,0,1840.84,2576.86,sale_event,normal
133,88,88,88,0,1840.9,2385.36,sale_event,normal
134,100,100,100,0,1970.59,2617.54,sale_event,normal
135,89,89,89,0,1810.72,2384.4,sale_event,normal
136,95,95,95,0,1859.46,2557.75,sale_event,normal
137,87,87,87,0,1697.32,2298.41,sale_event,normal
138,83,83,83,0,1700.84,2185.42,sale_event,normal
139,92,92,92,0,1786.22,2433.95,sale_event,normal
140,99,99,99,0,1885.14,2566.7,sale_event,normal
141,86,86,86,0,1751.34,2263.58,sale_event,normal
142,90,90,90,0,1778.39,2399.99,sale_event,normal
143,93,93,93,0,1860.01,2507.62,sale_event,normal
144,99,99,99,0,1957.52,2604.05,sale_event,normal
145,96,96,96,0,1946.15,2565.82,sale_event,normal
146,81,81,81,0,1660.23,2186.76,sale_event,normal
147,90,90,90,0,1802.04,2383.4,sale_event,normal
148,98,98,98,0,1872.3,2506.43,sale_event,normal
149,86,86,86,0,1733.83,2262.0,sale_event,normal
150,81,81,81,0,1518.14,2107.04,sale_event,normal
151,100,100,100,0,1930.9,2692.7,sale_event,normal
152,94,94,94,0,1855.24,2471.21,sale_event,normal
153,91,91,91,0,1914.77,2470.1,sale_event,normal
154,93,93,93,0,1829.5,2424.66,sale_event,normal
155,95,95,95,0,1890.75,2488.31,sale_event,normal
156,80,80,80,0,1606.25,2084.91,sale_event,normal
157,100,100,100,0,1975.1,2653.33,sale_event,normal
158,99,99,99,0,1960.68,2612.8,sale_event,normal
159,96,96,96,0,1945.31,2502.43,sale_event,normal
160,91,91,91,0,1892.64,2561.91,sale_event,normal
161,92,92,92,0,1949.16,2493.26,sale_event,normal
162,80,80,80,0,1708.96,2110.42,sale_event,normal
163,91,91,91,0,1774.42,2361.16,sale_event,normal
164,83,83,83,0,1631.07,2181.19,sale_event,normal
165,87,87,87,0,1705.3,2294.88,sale_event,normal
166,84,84,84,0,1759.55,2217.07,sale_event,normal
167,86,86,86,0,1765.11,2232.25,sale_event,normal
168,82,82,82,0,1662.24,2172.77,sale_event,normal
169,100,100,100,0,1929.31,2674.16,sale_event,normal
170,92,92,92,0,1926.56,2499.71,sale_event,normal
171,89,89,89,0,1740.28,2364.42,sale_event,normal
172,84,84,84,0,1712.03,2217.42,sale_event,normal
173,93,93,93,0,1923.92,2487.55,sale_event,normal
174,83,83,83,0,1864.45,2365.09,sale_event,normal
175,80,80,80,0,1650.04,2190.5,sale_event,normal
176,99,99,99,0,1875.75,2518.84,sale_event,normal
177,84,84,84,0,1624.56,2155.81,sale_event,normal
178,100,100,100,0,1872.34,2624.88,sale_event,normal
179,80,80,80,0,1717.37,2165.03,sale_event,normal
180,88,88,88,0,1766.7,2313.24,sale_event,normal
181,97,97,97,0,1846.23,2564.17,sale_event,normal
182,82,82,82,0,1650.81,2102.66,sale_event,normal
183,98,98,98,0,1952.5,2574.03,sale_event,normal
184,87,87,87,0,1703.18,2217.88,sale_event,normal
185,99,99,99,0,1916.98,2644.98,sale_event,normal
186,93,93,93,0,1843.78,2412.77,sale_event,normal
187,81,81,81,0,1730.74,2183.41,sale_event,normal
188,94,94,94,0,1885.57,2569.23,sale_event,normal
189,82,82,82,0,1661.55,2206.51,sale_event,normal
190,92,92,92,0,1850.37,2511.06,sale_event,normal
191,93,93,93,0,1891.01,2469.3,sale_event,normal
192,86,86,86,0,1767.29,2268.29,sale_event,normal
193,95,95,95,0,1866.5,2494.93,sale_event,normal
194,97,97,97,0,1827.6,2590.28,sale_event,normal
195,89,89,89,0,1706.38,2279.41,sale_event,normal
196,83,83,83,0,1739.54,2193.73,sale_event,normal
197,81,81,81,0,1593.33,2006.38,sale_event,normal
198,86,86,86,0,1709.15,2284.8,sale_event,normal
199,100,100,100,0,1875.36,2663.84,sale_event,normal
200,94,94,94,0,1830.31,2412.47,sale_event,normal
201,93,93,93,0,1794.1,2402.02,sale_event,ramp_up
202,97,97,97,0,1841.55,2465.25,sale_event,ramp_up
203,111,111,111,0,2096.59,2990.68,sale_event,ramp_up
204,110,110,110,0,2084.05,2907.34,sale_event,ramp_up
205,102,102,102,0,1904.99,2742.92,sale_event,ramp_up
206,109,109,109,0,1984.66,2806.27,sale_event,ramp_up
207,113,113,113,0,2105.53,3080.44,sale_event,ramp_up
208,114,114,114,0,2073.07,2997.77,sale_event,ramp_up
209,113,113,113,0,2104.44,3002.37,sale_event,ramp_up
210,96,96,96,0,1907.36,2559.69,sale_event,ramp_up
211,105,105,105,0,2052.99,2783.69,sale_event,ramp_up
212,99,99,99,0,1878.32,2608.36,sale_event,ramp_up
213,115,115,115,0,2118.36,2965.58,sale_event,ramp_up
214,119,119,119,0,2191.72,3213.89,sale_event,ramp_up
215,111,111,111,0,2121.89,2968.72,sale_event,ramp_up
216,110,110,110,0,2083.71,2910.89,sale_event,ramp_up
217,104,104,104,0,1981.29,2766.82,sale_event,ramp_up
218,115,115,115,0,2323.5,3090.9,sale_event,ramp_up
219,103,103,103,0,1875.11,2585.93,sale_event,ramp_up
220,121,121,121,0,2192.47,3195.49,sale_event,ramp_up
221,118,118,118,0,2569.42,3483.2,sale_event,ramp_up
222,106,106,106,0,2084.61,2880.55,sale_event,ramp_up
223,124,124,124,0,2282.21,3368.9,sale_event,ramp_up
224,116,116,116,0,2099.14,2909.81,sale_event,ramp_up
225,128,128,128,0,2330.77,3291.22,sale_event,ramp_up
226,110,110,110,0,2080.9,2868.51,sale_event,ramp_up
227,113,113,113,0,2036.57,3064.55,sale_event,ramp_up
228,111,111,111,0,1995.17,2796.77,sale_event,ramp_up
229,115,115,115,0,2177.97,3076.21,sale_event,ramp_up
230,111,111,111,0,2013.54,2899.36,sale_event,ramp_up
231,121,121,121,0,2225.14,3181.68,sale_event,ramp_up
232,115,115,115,0,2229.81,3014.26,sale_event,ramp_up
233,127,127,127,0,2298.92,3381.53,sale_event,ramp_up
234,114,114,114,0,2088.56,3088.87,sale_event,ramp_up
235,129,129,129,0,2417.63,3384.77,sale_event,ramp_up
236,116,116,116,0,2068.59,3052.41,sale_event,ramp_up
237,135,135,135,0,2383.59,3416.74,sale_event,ramp_up
238,119,119,119,0,2200.64,3167.07,sale_event,ramp_up
239,134,134,134,0,2444.48,3575.07,sale_event,ramp_up
240,124,124,124,0,2297.93,3400.37,sale_event,ramp_up
241,130,130,130,0,2277.66,3292.92,sale_event,ramp_up
242,121,121,121,0,2226.67,3162.48,sale_event,ramp_up
243,122,122,122,0,2221.46,3313.77,sale_event,ramp_up
244,134,134,134,0,2404.12,3572.9,sale_event,ramp_up
245,130,130,130,0,2379.58,3474.24,sale_event,ramp_up
246,132,132,132,0,2366.33,3495.87,sale_event,ramp_up
247,124,124,124,0,2231.09,3292.8,sale_event,ramp_up
248,125,125,125,0,2285.86,3310.59,sale_event,ramp_up
249,126,126,126,0,2325.59,3416.12,sale_event,ramp_up
250,141,141,141,0,2477.2,3646.25,sale_event,ramp_up
251,135,135,135,0,2377.06,3604.42,sale_event,ramp_up
252,135,135,135,0,2421.86,3571.61,sale_event,ramp_up
253,135,135,135,0,2442.8,3579.2,sale_event,ramp_up
254,141,141,141,0,2491.7,3719.33,sale_event,ramp_up
255,150,150,150,0,2640.91,3871.51,sale_event,ramp_up
256,149,149,149,0,2539.39,3955.1,sale_event,ramp_up
257,143,143,143,0,2527.78,3692.4,sale_event,ramp_up
258,145,145,145,0,2533.7,3808.48,sale_event,ramp_up
259,150,150,150,0,2658.57,3954.48,sale_event,ramp_up
260,136,136,136,0,2413.25,3520.59,sale_event,ramp_up
261,139,139,139,0,2386.32,3589.15,sale_event,ramp_up
262,149,149,149,0,2611.18,4060.96,sale_event,ramp_up
263,152,152,152,0,2611.55,3936.29,sale_event,ramp_up
264,156,156,156,0,2717.09,4007.78,sale_event,ramp_up
265,144,144,144,0,2555.42,3777.0,sale_event,ramp_up
266,148,148,148,0,2587.69,3892.81,sale_event,ramp_up
267,148,148,148,0,2669.18,3976.88,sale_event,ramp_up
268,141,141,141,0,2368.66,3595.03,sale_event,ramp_up
269,146,146,146,0,2504.58,3779.57,sale_event,ramp_up
270,149,149,149,0,2609.84,3892.71,sale_event,ramp_up
271,149,149,149,0,2562.04,3952.27,sale_event,ramp_up
272,156,156,156,0,2610.41,4023.57,sale_event,ramp_up
273,147,147,147,0,2556.99,3844.58,sale_event,ramp_up
274,149,149,149,0,2674.95,3944.05,sale_event,ramp_up
275,152,152,152,0,2656.16,4184.15,sale_event,ramp_up
276,161,161,161,0,2737.91,4348.77,sale_event,ramp_up
277,157,157,157,0,2730.93,4129.15,sale_event,ramp_up
278,158,158,158,0,2699.99,4098.57,sale_event,ramp_up
279,160,160,160,0,2755.62,4214.18,sale_event,ramp_up
280,156,156,156,0,2657.34,4173.88,sale_event,ramp_up
281,165,165,165,0,2913.24,4550.34,sale_event,ramp_up
282,161,161,161,0,2757.06,4287.51,sale_event,ramp_up
283,160,160,160,0,2794.99,4296.51,sale_event,ramp_up
284,164,164,164,0,2969.39,4500.21,sale_event,ramp_up
285,168,168,168,0,2912.28,4381.21,sale_event,ramp_up
286,160,160,160,0,2803.02,4295.88,sale_event,ramp_up
287,159,159,159,0,2760.84,4293.68,sale_event,ramp_up
288,158,158,158,0,2648.23,4188.74,sale_event,ramp_up
289,165,165,165,0,2898.3,4424.96,sale_event,ramp_up
290,175,175,175,0,3021.38,4615.78,sale_event,ramp_up
291,173,173,173,0,3004.15,4585.57,sale_event,ramp_up
292,178,178,178,0,2961.74,4658.54,sale_event,ramp_up
293,164,164,164,0,2893.59,4411.52,sale_event,ramp_up
294,166,166,166,0,2841.98,4330.68,sale_event,ramp_up
295,162,162,162,0,2898.69,4376.37,sale_event,ramp_up
296,175,175,175,0,3022.1,4691.3,sale_event,ramp_up
297,179,179,179,0,3048.72,4658.58,sale_event,ramp_up
298,167,167,167,0,2967.71,4475.59,sale_event,ramp_up
299,172,172,172,0,3010.23,4695.48,sale_event,ramp_up
300,169,169,169,0,2942.59,4581.54,sale_event,ramp_up
301,177,177,177,0,2960.71,4587.16,sale_event,ramp_up
302,183,183,183,0,3163.13,4956.78,sale_event,ramp_up
303,173,173,173,0,2971.54,4585.11,sale_event,ramp_up
304,182,182,182,0,3016.63,4706.57,sale_event,ramp_up
305,175,175,175,0,2982.16,4592.35,sale_event,ramp_up
306,183,183,183,0,3150.69,4883.86,sale_event,ramp_up
307,184,184,184,0,3081.45,4749.18,sale_event,ramp_up
308,179,179,179,0,3055.3,4900.53,sale_event,ramp_up
309,190,190,190,0,3131.95,5004.62,sale_event,ramp_up
310,172,172,172,0,2972.92,4545.56,sale_event,ramp_up
311,189,189,189,0,3244.76,4992.47,sale_event,ramp_up
312,182,182,182,0,3012.55,4764.51,sale_event,ramp_up
313,191,191,191,0,3145.58,5009.46,sale_event,ramp_up
314,190,190,190,0,3181.96,4883.64,sale_event,ramp_up
315,195,195,195,0,3333.09,5290.53,sale_event,ramp_up
316,181,181,181,0,3207.78,4962.86,sale_event,ramp_up
317,180,180,120,60,3245.14,5078.01,sale_event,ramp_up
318,186,186,186,0,3188.87,5007.39,sale_event,ramp_up
319,190,190,190,0,3155.03,4961.84,sale_event,ramp_up
320,192,192,192,0,3264.34,5178.84,sale_event,ramp_up
321,193,193,193,0,3234.72,5165.88,sale_event,ramp_up
322,187,187,187,0,3066.02,4815.38,sale_event,ramp_up
323,198,198,198,0,3386.81,5356.85,sale_event,ramp_up
324,187,187,187,0,3196.1,5068.54,sale_event,ramp_up
325,192,192,192,0,3126.95,4911.77,sale_event,ramp_up
326,191,191,191,0,3190.61,5143.08,sale_event,ramp_up
327,190,190,182,8,3196.02,4922.64,sale_event,ramp_up
328,205,205,205,0,3557.37,5692.91,sale_event,ramp_up
329,189,189,189,0,3195.43,4979.18,sale_event,ramp_up
330,200,200,164,36,3357.95,5278.81,sale_event,ramp_up
331,192,192,192,0,3287.71,4993.97,sale_event,ramp_up
332,196,196,196,0,3297.24,5239.63,sale_event,ramp_up
333,208,208,185,23,3452.82,5598.9,sale_event,ramp_up
334,197,197,197,0,3239.81,5165.34,sale_event,ramp_up
335,209,209,209,0,3513.96,5598.67,sale_event,ramp_up
336,200,200,164,36,3292.94,5177.79,sale_event,ramp_up
337,207,207,207,0,3411.13,5388.73,sale_event,ramp_up
338,211,211,177,34,3418.7,5410.41,sale_event,ramp_up
339,214,214,214,0,3556.64,5691.28,sale_event,ramp_up
340,210,210,181,29,3426.49,5214.98,sale_event,ramp_up
341,195,195,195,0,3610.48,5455.5,sale_event,ramp_up
342,196,196,196,0,3162.88,5200.37,sale_event,ramp_up
343,197,197,197,0,3242.52,5169.43,sale_event,ramp_up
344,206,206,160,46,3329.58,5110.36,sale_event,ramp_up
345,208,208,208,0,3579.08,5757.4,sale_event,ramp_up
346,206,206,160,46,3432.96,5211.05,sale_event,ramp_up
347,220,220,174,46,3828.0,5952.52,sale_event,ramp_up
348,207,207,207,0,3627.25,5615.09,sale_event,ramp_up
349,205,205,155,50,3314.56,5308.8,sale_event,ramp_up
350,208,208,208,0,3645.34,5681.59,sale_event,ramp_up
351,222,222,165,57,3585.82,5284.19,sale_event,ramp_up
352,211,211,160,51,4008.06,5982.69,sale_event,ramp_up
353,218,218,176,42,3828.16,5982.71,sale_event,ramp_up
354,209,209,209,0,3599.86,5669.16,sale_event,ramp_up
355,220,220,185,35,3478.55,5284.62,sale_event,ramp_up
356,208,208,171,37,3984.19,5982.98,sale_event,ramp_up
357,209,209,209,0,3609.74,5706.69,sale_event,ramp_up
358,213,213,161,52,3383.91,5203.05,sale_event,ramp_up
359,213,213,154,59,3991.46,5995.87,sale_event,ramp_up
360,229,229,160,69,3961.39,5973.81,sale_event,ramp_up
361,228,228,203,25,4234.1,5973.6,sale_event,ramp_up
362,223,223,181,42,4171.6,5977.73,sale_event,ramp_up
363,225,225,164,61,4332.57,5985.08,sale_event,ramp_up
364,227,227,160,67,4398.63,5972.4,sale_event,ramp_up
365,213,213,150,63,4285.28,5987.16,sale_event,ramp_up
366,231,231,159,72,4182.55,5977.22,sale_event,ramp_up
367,223,223,162,61,4463.62,5983.75,sale_event,ramp_up
368,231,231,161,70,4550.66,5974.06,sale_event,ramp_up
369,217,217,165,52,4440.84,5981.66,sale_event,ramp_up
370,227,227,163,64,4218.55,5964.21,sale_event,ramp_up
371,227,227,162,65,4229.89,5990.99,sale_event,ramp_up
372,229,229,182,47,4366.37,5981.99,sale_event,ramp_up
373,223,223,168,55,4473.59,5980.13,sale_event,ramp_up
374,232,232,179,53,4572.33,5990.23,sale_event,ramp_up
375,238,238,119,119,4773.69,5962.42,sale_event,ramp_up
376,241,241,161,80,4794.41,5990.45,sale_event,ramp_up
377,226,226,131,95,5029.04,5983.35,sale_event,ramp_up
378,223,223,128,95,5090.17,5976.42,sale_event,ramp_up
379,241,241,112,129,5202.69,5984.68,sale_event,ramp_up
380,240,240,122,118,5133.22,5992.63,sale_event,ramp_up
381,245,245,113,132,5238.95,5971.69,sale_event,ramp_up
382,240,240,145,95,4973.27,5979.11,sale_event,ramp_up
383,245,245,110,135,5230.88,5986.08,sale_event,ramp_up
384,233,233,122,111,5009.29,5984.49,sale_event,ramp_up
385,237,237,122,115,5002.24,5965.5,sale_event,ramp_up
386,246,246,116,130,5182.62,5996.1,sale_event,ramp_up
387,240,240,137,103,5153.85,5974.42,sale_event,ramp_up
388,238,238,88,150,5320.83,5971.9,sale_event,ramp_up
389,249,249,135,114,5032.22,5989.71,sale_event,ramp_up
390,244,244,138,106,5059.67,5970.92,sale_event,ramp_up
391,242,242,99,143,5363.98,5984.8,sale_event,ramp_up
392,235,235,139,96,5137.95,5979.34,sale_event,ramp_up
393,244,244,105,139,5399.56,5994.65,sale_event,ramp_up
394,244,244,94,150,5209.27,5974.36,sale_event,ramp_up
395,255,255,127,128,4946.92,5979.21,sale_event,ramp_up
396,241,241,128,113,5015.85,5988.14,sale_event,ramp_up
397,249,249,125,124,5282.22,5973.11,sale_event,ramp_up
398,249,249,117,132,5328.98,5997.3,sale_event,ramp_up
399,250,250,130,120,5213.62,5972.08,sale_event,ramp_up
400,251,251,100,151,5389.14,5997.15,sale_event,ramp_up
401,569,569,136,433,5547.07,5969.09,sale_event,peak
402,682,682,119,563,5720.03,5985.19,sale_event,peak
403,536,536,84,452,5689.74,5966.05,sale_event,peak
404,514,514,124,390,5532.55,5984.15,sale_event,peak
405,661,661,121,540,5632.86,5968.67,sale_event,peak
406,526,526,122,404,5502.4,5973.9,sale_event,peak
407,658,658,115,543,5611.93,5997.14,sale_event,peak
408,682,682,139,543,5580.14,5971.89,sale_event,peak
409,590,590,107,483,5663.58,5974.3,sale_event,peak
410,645,645,113,532,5779.15,5995.83,sale_event,peak
411,581,581,101,480,5726.54,5975.93,sale_event,peak
412,500,500,103,397,5629.74,5970.46,sale_event,peak
413,694,694,121,573,5702.66,5992.67,sale_event,peak
414,516,516,114,402,5581.77,5952.77,sale_event,peak
415,606,606,123,483,5634.06,5994.88,sale_event,peak
416,550,550,102,448,5590.32,5974.98,sale_event,peak
417,663,663,166,497,5514.38,5971.73,sale_event,peak
418,532,532,120,412,5687.47,5982.99,sale_event,peak
419,600,600,99,501,5712.55,5977.1,sale_event,peak
420,541,541,142,399,5524.22,5968.37,sale_event,peak
421,644,644,113,531,5677.08,5981.02,sale_event,peak
422,512,512,136,376,5571.89,5992.19,sale_event,peak
423,532,532,124,408,5672.59,5969.75,sale_event,peak
424,642,642,101,541,5736.76,5991.78,sale_event,peak
425,570,570,120,450,5606.87,5961.99,sale_event,peak
426,574,574,136,438,5616.58,5970.66,sale_event,peak
427,530,530,121,409,5665.26,5997.9,sale_event,peak
428,545,545,124,421,5658.09,5980.76,sale_event,peak
429,655,655,128,527,5683.52,5972.07,sale_event,peak
430,515,515,109,406,5648.75,5977.74,sale_event,peak
431,511,511,119,392,5628.85,5987.07,sale_event,peak
432,684,684,119,565,5734.35,5981.08,sale_event,peak
433,540,540,94,446,5659.9,5968.06,sale_event,peak
434,617,617,134,483,5575.25,5969.97,sale_event,peak
435,600,600,107,493,5641.78,6006.47,sale_event,peak
436,588,588,131,457,5496.36,5955.39,sale_event,peak
437,531,531,160,371,5533.26,5971.5,sale_event,peak
438,665,665,89,576,5793.43,5980.79,sale_event,peak
439,619,619,140,479,5697.19,5988.78,sale_event,peak
440,611,611,104,507,5750.22,5970.89,sale_event,peak
441,603,603,108,495,5677.78,5979.74,sale_event,peak
442,550,550,119,431,5589.04,5985.18,sale_event,peak
443,557,557,145,412,5512.24,5974.94,sale_event,peak
444,671,671,132,539,5723.83,5968.86,sale_event,peak
445,584,584,118,466,5748.26,5984.67,sale_event,peak
446,626,626,97,529,5710.34,5978.42,sale_event,peak
447,642,642,125,517,5589.51,5978.6,sale_event,peak
448,693,693,119,574,5651.53,5971.85,sale_event,peak
449,558,558,110,448,5556.23,5967.03,sale_event,peak
450,635,635,130,505,5678.88,5985.92,sale_event,peak
451,576,576,104,472,5690.6,5975.18,sale_event,peak
452,603,603,143,460,5598.39,5982.7,sale_event,peak
453,580,580,120,460,5692.58,5982.79,sale_event,peak
454,621,621,120,501,5681.05,5994.34,sale_event,peak
455,592,592,114,478,5626.41,5970.29,sale_event,peak
456,648,648,120,528,5673.93,5985.35,sale_event,peak
457,672,672,106,566,5667.0,5978.65,sale_event,peak
458,601,601,121,480,5608.77,5969.86,sale_event,peak
459,647,647,118,529,5645.25,5973.52,sale_event,peak
460,572,572,138,434,5532.65,5988.34,sale_event,peak
461,657,657,122,535,5627.8,5972.11,sale_event,peak
462,694,694,132,562,5609.59,5972.88,sale_event,peak
463,655,655,133,522,5621.85,5994.21,sale_event,peak
464,565,565,120,445,5601.34,5971.14,sale_event,peak
465,685,685,125,560,5629.57,5993.58,sale_event,peak
466,579,579,129,450,5538.22,5974.24,sale_event,peak
467,522,522,141,381,5519.52,5967.66,sale_event,peak
468,666,666,99,567,5754.9,5987.05,sale_event,peak
469,623,623,104,519,5626.05,5964.85,sale_event,peak
470,517,517,129,388,5501.86,5987.0,sale_event,peak
471,692,692,129,563,5663.13,5980.92,sale_event,peak
472,645,645,85,560,5782.63,5981.65,sale_event,peak
473,692,692,102,590,5648.95,5976.7,sale_event,peak
474,571,571,160,411,5489.76,5981.28,sale_event,peak
475,681,681,99,582,5742.23,5977.44,sale_event,peak
476,679,679,157,522,5614.79,5974.76,sale_event,peak
477,517,517,112,405,5659.35,5953.56,sale_event,peak
478,544,544,119,425,5626.32,6001.77,sale_event,peak
479,673,673,113,560,5653.52,5975.8,sale_event,peak
480,623,623,111,512,5607.43,5968.38,sale_event,peak
481,625,625,133,492,5563.92,5972.32,sale_event,peak
482,633,633,96,537,5650.9,5972.53,sale_event,peak
483,688,688,150,538,5570.31,5993.89,sale_event,peak
484,631,631,80,551,5742.58,5983.27,sale_event,peak
485,680,680,162,518,5532.41,5977.14,sale_event,peak
486,504,504,94,410,5655.86,5963.78,sale_event,peak
487,634,634,104,530,5626.15,5988.66,sale_event,peak
488,555,555,120,435,5486.38,5977.87,sale_event,peak
489,539,539,131,408,5538.26,5974.62,sale_event,peak
490,681,681,105,576,5664.16,5972.97,sale_event,peak
491,643,643,80,563,5728.21,5977.91,sale_event,peak
492,508,508,166,342,5444.09,5977.14,sale_event,peak
493,642,642,109,533,5774.61,5976.64,sale_event,peak
494,511,511,111,400,5680.19,5969.15,sale_event,peak
495,686,686,121,565,5774.52,5991.46,sale_event,peak
496,667,667,107,560,5771.1,5981.44,sale_event,peak
497,604,604,130,474,5671.98,5972.85,sale_event,peak
498,691,691,109,582,5762.47,5980.72,sale_event,peak
499,510,510,120,390,5604.63,5989.15,sale_event,peak
500,523,523,124,399,5558.46,5970.66,sale_event,peak
501,585,585,105,480,5666.85,5978.93,sale_event,peak
502,573,573,103,470,5595.84,5980.59,sale_event,peak
503,557,557,137,420,5470.38,5978.56,sale_event,peak
504,534,534,142,392,5541.3,5966.03,sale_event,peak
505,505,505,88,417,5682.68,5971.35,sale_event,peak
506,580,580,144,436,5578.07,5992.83,sale_event,peak
507,648,648,133,515,5719.12,5975.78,sale_event,peak
508,695,695,113,582,5779.75,5996.03,sale_event,peak
509,581,581,98,483,5669.81,5971.96,sale_event,peak
510,661,661,117,544,5570.89,5970.83,sale_event,peak
511,668,668,143,525,5602.73,5985.5,sale_event,peak
512,601,601,102,499,5704.82,5982.46,sale_event,peak
513,517,517,115,402,5546.93,5964.95,sale_event,peak
514,520,520,129,391,5553.0,5972.66,sale_event,peak
515,695,695,115,580,5698.72,5973.22,sale_event,peak
516,644,644,125,519,5674.31,5968.89,sale_event,peak
517,669,669,143,526,5707.43,5984.32,sale_event,peak
518,602,602,79,523,5773.71,5961.19,sale_event,peak
519,670,670,105,565,5667.97,5968.83,sale_event,peak
520,648,648,124,524,5633.43,5989.84,sale_event,peak
521,619,619,122,497,5656.05,5984.82,sale_event,peak
522,547,547,115,432,5692.65,5982.73,sale_event,peak
523,504,504,107,397,5685.09,5972.53,sale_event,peak
524,684,684,103,581,5678.83,5961.3,sale_event,peak
525,551,551,121,430,5565.97,5990.35,sale_event,peak
526,633,633,105,528,5664.66,5980.41,sale_event,peak
527,640,640,123,517,5673.1,5967.55,sale_event,peak
528,551,551,102,449,5653.21,5979.75,sale_event,peak
529,550,550,138,412,5548.34,5974.42,sale_event,peak
530,543,543,104,439,5691.59,5986.69,sale_event,peak
531,595,595,138,457,5589.63,5976.28,sale_event,peak
532,515,515,114,401,5717.52,5979.09,sale_event,peak
533,627,627,89,538,5762.16,5973.12,sale_event,peak
534,656,656,102,554,5661.98,5981.61,sale_event,peak
535,685,685,133,552,5608.11,5987.82,sale_event,peak
536,669,669,103,566,5688.43,5979.75,sale_event,peak
537,612,612,139,473,5633.21,5969.06,sale_event,peak
538,503,503,95,408,5728.3,5986.61,sale_event,peak
539,558,558,126,432,5549.98,5980.56,sale_event,peak
540,665,665,117,548,5673.54,5974.05,sale_event,peak
541,695,695,112,583,5648.93,5978.43,sale_event,peak
542,610,610,125,485,5633.47,5983.57,sale_event,peak
543,511,511,124,387,5689.61,5978.67,sale_event,peak
544,565,565,96,469,5764.26,5983.49,sale_event,peak
545,646,646,126,520,5653.01,5983.17,sale_event,peak
546,619,619,122,497,5614.82,5968.47,sale_event,peak
547,623,623,126,497,5663.06,5977.97,sale_event,peak
548,582,582,82,500,5697.03,5963.82,sale_event,peak
549,624,624,157,467,5519.47,5990.73,sale_event,peak
550,645,645,101,544,5710.08,5968.57,sale_event,peak
551,620,620,136,484,5605.82,5986.18,sale_event,peak
552,565,565,109,456,5678.44,5990.84,sale_event,peak
553,529,529,132,397,5631.37,5968.79,sale_event,peak
554,518,518,89,429,5737.54,5993.41,sale_event,peak
555,511,511,134,377,5499.66,5960.35,sale_event,peak
556,644,644,121,523,5713.91,5985.55,sale_event,peak
557,530,530,104,426,5611.76,5976.55,sale_event,peak
558,531,531,127,404,5550.41,5963.54,sale_event,peak
559,663,663,108,555,5765.98,5989.0,sale_event,peak
560,563,563,116,447,5621.5,5977.78,sale_event,peak
561,552,552,140,412,5549.18,5967.69,sale_event,peak
562,626,626,110,516,5708.33,5991.16,sale_event,peak
563,694,694,89,605,5684.39,5978.23,sale_event,peak
564,504,504,114,390,5411.67,5978.08,sale_event,peak
565,532,532,150,382,5383.07,5970.24,sale_event,peak
566,690,690,116,574,5726.99,5990.03,sale_event,peak
567,617,617,118,499,5689.89,5983.03,sale_event,peak
568,582,582,118,464,5671.53,5968.81,sale_event,peak
569,640,640,119,521,5674.94,5972.28,sale_event,peak
570,662,662,96,566,5709.03,5984.77,sale_event,peak
571,673,673,124,549,5614.22,5984.43,sale_event,peak
572,510,510,104,406,5522.58,5977.36,sale_event,peak
573,667,667,139,528,5557.87,5964.92,sale_event,peak
574,501,501,130,371,5528.69,5972.32,sale_event,peak
575,676,676,124,552,5724.81,5982.97,sale_event,peak
576,617,617,79,538,5715.91,5973.79,sale_event,peak
577,584,584,145,439,5510.86,5981.22,sale_event,peak
578,697,697,114,583,5663.81,5950.92,sale_event,peak
579,624,624,143,481,5624.6,5997.98,sale_event,peak
580,684,684,119,565,5704.34,5945.94,sale_event,peak
581,693,693,118,575,5754.07,5979.56,sale_event,peak
582,593,593,97,496,5740.81,5987.32,sale_event,peak
583,569,569,142,427,5510.58,5959.64,sale_event,peak
584,696,696,144,552,5699.68,5994.93,sale_event,peak
585,646,646,73,573,5760.48,5964.46,sale_event,peak
586,700,700,131,569,5581.29,5974.97,sale_event,peak
587,676,676,112,564,5637.09,5986.59,sale_event,peak
588,530,530,157,373,5404.3,5957.58,sale_event,peak
589,693,693,86,607,5752.73,5976.07,sale_event,peak
590,515,515,140,375,5554.87,5979.36,sale_event,peak
591,579,579,102,477,5775.92,5990.57,sale_event,peak
592,651,651,119,532,5726.04,5958.2,sale_event,peak
593,646,646,106,540,5709.5,5979.92,sale_event,peak
594,533,533,113,420,5608.19,5978.67,sale_event,peak
595,569,569,95,474,5634.54,5991.59,sale_event,peak
596,647,647,142,505,5517.14,5979.52,sale_event,peak
597,574,574,114,460,5580.95,5975.43,sale_event,peak
598,538,538,105,433,5563.02,5976.96,sale_event,peak
599,609,609,157,452,5502.4,5974.53,sale_event,peak
600,629,629,94,535,5743.01,5969.15,sale_event,peak
601,607,607,118,489,5614.23,5978.11,sale_event,peak
602,610,610,117,493,5644.42,5987.45,sale_event,peak
603,533,533,123,410,5570.53,5977.12,sale_event,peak
604,639,639,137,502,5650.87,5980.13,sale_event,peak
605,553,553,107,446,5687.58,5966.45,sale_event,peak
606,671,671,127,544,5741.69,6001.55,sale_event,peak
607,659,659,96,563,5725.91,5960.47,sale_event,peak
608,660,660,123,537,5634.67,5964.87,sale_event,peak
609,615,615,124,491,5702.14,5995.06,sale_event,peak
610,598,598,115,483,5677.14,5962.65,sale_event,peak
611,627,627,109,518,5701.79,5982.95,sale_event,peak
612,654,654,125,529,5660.56,5974.91,sale_event,peak
613,588,588,109,479,5764.65,5992.05,sale_event,peak
614,656,656,121,535,5704.83,5974.1,sale_event,peak
615,578,578,99,479,5748.12,5986.55,sale_event,peak
616,692,692,123,569,5687.64,5970.24,sale_event,peak
617,630,630,113,517,5673.51,5990.6,sale_event,peak
618,549,549,123,426,5556.87,5968.9,sale_event,peak
619,604,604,117,487,5601.29,5979.21,sale_event,peak
620,662,662,112,550,5670.84,5973.46,sale_event,peak
621,668,668,118,550,5698.45,5975.62,sale_event,peak
622,666,666,76,590,5752.6,5973.6,sale_event,peak
623,545,545,166,379,5496.19,5992.13,sale_event,peak
624,657,657,97,560,5761.18,5964.35,sale_event,peak
625,650,650,122,528,5699.24,5991.33,sale_event,peak
626,558,558,110,448,5624.8,5974.1,sale_event,peak
627,504,504,121,383,5494.43,5977.65,sale_event,peak
628,617,617,121,496,5603.7,5987.76,sale_event,peak
629,670,670,90,580,5700.61,5971.72,sale_event,peak
630,619,619,143,476,5514.37,5965.9,sale_event,peak
631,523,523,113,410,5593.71,5971.87,sale_event,peak
632,573,573,113,460,5639.11,5984.92,sale_event,peak
633,629,629,120,509,5666.02,5981.54,sale_event,peak
634,671,671,112,559,5676.83,5981.64,sale_event,peak
635,620,620,120,500,5631.64,5962.3,sale_event,peak
636,555,555,80,475,5669.17,5978.48,sale_event,peak
637,546,546,118,428,5529.82,5986.97,sale_event,peak
638,503,503,119,384,5480.99,5969.14,sale_event,peak
639,638,638,107,531,5616.61,5989.25,sale_event,peak
640,605,605,143,462,5511.67,5970.83,sale_event,peak
641,622,622,116,506,5670.28,5976.08,sale_event,peak
642,579,579,72,507,5756.2,5970.39,sale_event,peak
643,587,587,122,465,5548.26,5983.01,sale_event,peak
644,500,500,121,379,5464.98,5962.79,sale_event,peak
645,512,512,137,375,5562.3,5974.9,sale_event,peak
646,511,511,109,402,5672.02,5980.23,sale_event,peak
647,530,530,109,421,5633.48,5982.79,sale_event,peak
648,500,500,130,370,5593.26,5967.24,sale_event,peak
649,659,659,97,562,5747.75,5988.51,sale_event,peak
650,615,615,103,512,5705.34,5978.7,sale_event,peak
651,611,611,123,488,5594.05,5976.42,sale_event,peak
652,697,697,137,560,5650.47,5985.2,sale_event,peak
653,532,532,83,449,5658.59,5965.29,sale_event,peak
654,605,605,118,487,5525.03,5975.63,sale_event,peak
655,695,695,135,560,5629.53,5977.99,sale_event,peak
656,519,519,109,410,5637.95,5985.7,sale_event,peak
657,512,512,119,393,5591.45,5967.85,sale_event,peak
658,676,676,122,554,5665.4,5999.28,sale_event,peak
659,582,582,92,490,5601.96,5957.69,sale_event,peak
660,694,694,125,569,5605.33,5990.78,sale_event,peak
661,695,695,102,593,5657.86,5973.13,sale_event,peak
662,570,570,138,432,5493.55,5969.81,sale_event,peak
663,642,642,113,529,5692.8,5979.49,sale_event,peak
664,632,632,126,506,5638.52,5965.74,sale_event,peak
665,689,689,136,553,5661.16,5980.31,sale_event,peak
666,693,693,104,589,5736.59,5976.37,sale_event,peak
667,588,588,121,467,5582.05,5976.19,sale_event,peak
668,642,642,142,500,5626.7,5980.91,sale_event,peak
669,515,515,89,426,5696.09,5976.59,sale_event,peak
670,691,691,122,569,5595.64,5962.0,sale_event,peak
671,657,657,123,534,5622.79,5976.14,sale_event,peak
672,594,594,107,487,5654.33,5973.19,sale_event,peak
673,521,521,142,379,5521.51,5979.86,sale_event,peak
674,526,526,122,404,5652.47,5976.54,sale_event,peak
675,628,628,98,530,5714.84,5980.54,sale_event,peak
676,636,636,134,502,5585.97,5974.26,sale_event,peak
677,552,552,113,439,5608.03,5980.72,sale_event,peak
678,586,586,113,473,5584.15,5982.05,sale_event,peak
679,640,640,120,520,5597.19,5970.19,sale_event,peak
680,674,674,122,552,5642.89,5977.89,sale_event,peak
681,619,619,110,509,5654.13,5962.08,sale_event,peak
682,599,599,108,491,5646.94,5996.26,sale_event,peak
683,642,642,129,513,5648.58,5959.4,sale_event,peak
684,698,698,96,602,5780.07,5995.44,sale_event,peak
685,667,667,120,547,5642.84,5955.31,sale_event,peak
686,648,648,134,514,5677.79,5992.5,sale_event,peak
687,618,618,64,554,5751.08,5972.5,sale_event,peak
688,577,577,167,410,5442.53,5967.32,sale_event,peak
689,588,588,110,478,5712.22,5975.83,sale_event,peak
690,661,661,123,538,5701.43,5974.19,sale_event,peak
691,682,682,80,602,5744.81,5988.32,sale_event,peak
692,503,503,160,343,5373.59,5970.01,sale_event,peak
693,640,640,104,536,5696.76,5988.59,sale_event,peak
694,517,517,125,392,5553.98,5959.35,sale_event,peak
695,630,630,121,509,5714.81,5994.99,sale_event,peak
696,644,644,124,520,5694.37,5968.47,sale_event,peak
697,666,666,122,544,5695.47,5971.43,sale_event,peak
698,688,688,132,556,5702.57,5982.55,sale_event,peak
699,555,555,97,458,5667.22,5985.52,sale_event,peak
700,529,529,142,387,5491.35,5976.84,sale_event,peak
701,484,484,96,388,5511.26,5965.28,sale_event,cool_down
702,508,508,156,352,5384.01,5989.02,sale_event,cool_down
703,504,504,98,406,5592.94,5967.48,sale_event,cool_down
704,498,498,123,375,5528.83,5996.7,sale_event,cool_down
705,491,491,109,382,5580.41,5973.28,sale_event,cool_down
706,481,481,141,340,5520.28,5980.11,sale_event,cool_down
707,484,484,69,415,5711.54,5984.94,sale_event,cool_down
708,490,490,126,364,5415.33,5973.38,sale_event,cool_down
709,466,466,120,346,5505.44,5974.49,sale_event,cool_down
710,478,478,121,357,5515.16,5981.02,sale_event,cool_down
711,484,484,115,369,5569.37,5986.71,sale_event,cool_down
712,461,461,145,316,5463.3,5963.35,sale_event,cool_down
713,461,461,97,364,5655.83,5983.39,sale_event,cool_down
714,496,496,142,354,5560.45,6001.04,sale_event,cool_down
715,473,473,93,380,5668.56,5957.78,sale_event,cool_down
716,462,462,123,339,5541.67,5988.34,sale_event,cool_down
717,490,490,104,386,5624.01,5992.23,sale_event,cool_down
718,477,477,125,352,5484.34,5966.95,sale_event,cool_down
719,464,464,141,323,5456.32,5981.71,sale_event,cool_down
720,467,467,90,377,5672.46,5977.31,sale_event,cool_down
721,480,480,117,363,5553.45,5983.75,sale_event,cool_down
722,476,476,98,378,5555.46,5958.94,sale_event,cool_down
723,442,442,122,320,5518.9,5989.69,sale_event,cool_down
724,461,461,127,334,5540.17,5961.76,sale_event,cool_down
725,465,465,104,361,5620.2,5982.59,sale_event,cool_down
726,445,445,123,322,5415.15,5975.76,sale_event,cool_down
727,472,472,139,333,5497.32,5980.85,sale_event,cool_down
728,450,450,115,335,5581.64,5975.28,sale_event,cool_down
729,454,454,135,319,5591.8,5977.72,sale_event,cool_down
730,460,460,100,360,5669.9,5980.14,sale_event,cool_down
731,450,450,120,330,5508.39,5982.63,sale_event,cool_down
732,450,450,107,343,5588.97,5987.61,sale_event,cool_down
733,448,448,150,298,5429.16,5984.55,sale_event,cool_down
734,442,442,93,349,5620.62,5955.33,sale_event,cool_down
735,436,436,120,316,5498.08,5998.95,sale_event,cool_down
736,426,426,109,317,5514.99,5973.52,sale_event,cool_down
737,428,428,106,322,5453.12,5987.75,sale_event,cool_down
738,428,428,118,310,5413.8,5961.23,sale_event,cool_down
739,421,421,125,296,5586.81,5995.92,sale_event,cool_down
740,444,444,103,341,5618.24,5973.24,sale_event,cool_down
741,449,449,121,328,5510.31,5979.82,sale_event,cool_down
742,423,423,131,292,5484.97,5983.64,sale_event,cool_down
743,432,432,87,345,5621.83,5973.53,sale_event,cool_down
744,444,444,123,321,5456.82,5986.75,sale_event,cool_down
745,403,403,141,262,5443.28,5973.9,sale_event,cool_down
746,417,417,82,335,5694.03,5976.88,sale_event,cool_down
747,436,436,143,293,5428.29,5993.86,sale_event,cool_down
748,423,423,104,319,5589.08,5969.07,sale_event,cool_down
749,431,431,125,306,5483.82,5984.75,sale_event,cool_down
750,403,403,108,295,5502.22,5969.65,sale_event,cool_down
751,432,432,113,319,5508.17,5976.12,sale_event,cool_down
752,401,401,107,294,5585.57,6002.24,sale_event,cool_down
753,414,414,88,326,5627.42,5967.96,sale_event,cool_down
754,403,403,123,280,5376.31,5981.66,sale_event,cool_down
755,423,423,137,286,5440.24,5979.39,sale_event,cool_down
756,398,398,119,279,5597.84,5962.98,sale_event,cool_down
757,403,403,100,303,5677.52,5992.6,sale_event,cool_down
758,398,398,127,271,5569.43,5983.94,sale_event,cool_down
759,396,396,112,284,5648.05,5972.65,sale_event,cool_down
760,390,390,94,296,5641.98,5991.45,sale_event,cool_down
761,395,395,140,255,5480.47,5983.66,sale_event,cool_down
762,386,386,103,283,5586.94,5961.45,sale_event,cool_down
763,378,378,91,287,5613.42,5976.48,sale_event,cool_down
764,396,396,131,265,5379.77,5983.98,sale_event,cool_down
765,398,398,125,273,5448.89,5988.29,sale_event,cool_down
766,366,366,110,256,5425.64,5965.44,sale_event,cool_down
767,387,387,121,266,5455.45,5991.39,sale_event,cool_down
768,383,383,109,274,5438.95,5967.12,sale_event,cool_down
769,383,383,118,265,5361.72,5985.79,sale_event,cool_down
770,367,367,100,267,5460.68,5999.02,sale_event,cool_down
771,394,394,122,272,5456.7,5982.43,sale_event,cool_down
772,383,383,128,255,5464.53,5962.4,sale_event,cool_down
773,371,371,113,258,5567.4,5993.24,sale_event,cool_down
774,357,357,101,256,5495.25,5958.26,sale_event,cool_down
775,358,358,134,224,5409.74,5995.26,sale_event,cool_down
776,382,382,101,281,5553.59,5975.93,sale_event,cool_down
777,353,353,145,208,5278.15,5978.76,sale_event,cool_down
778,380,380,113,267,5514.01,5982.63,sale_event,cool_down
779,358,358,105,253,5501.32,5982.41,sale_event,cool_down
780,366,366,124,242,5358.09,5958.47,sale_event,cool_down
781,350,350,101,249,5471.5,6001.88,sale_event,cool_down
782,368,368,127,241,5455.75,5952.79,sale_event,cool_down
783,358,358,118,240,5474.51,5981.28,sale_event,cool_down
784,347,347,135,212,5442.31,5996.98,sale_event,cool_down
785,361,361,101,260,5588.98,5969.26,sale_event,cool_down
786,370,370,94,276,5572.16,5995.42,sale_event,cool_down
787,367,367,119,248,5335.69,5984.8,sale_event,cool_down
788,356,356,142,214,5281.16,5965.41,sale_event,cool_down
789,331,331,103,228,5408.72,5972.0,sale_event,cool_down
790,340,340,139,201,5310.72,5987.15,sale_event,cool_down
791,336,336,121,215,5455.48,5986.98,sale_event,cool_down
792,345,345,102,243,5484.06,5970.89,sale_event,cool_down
793,342,342,133,209,5284.39,5971.41,sale_event,cool_down
794,327,327,113,214,5357.92,5995.1,sale_event,cool_down
795,316,316,123,193,5280.45,5988.74,sale_event,cool_down
796,335,335,129,206,5400.37,5976.32,sale_event,cool_down
797,326,326,102,224,5469.51,5967.56,sale_event,cool_down
798,310,310,125,185,5280.43,5974.74,sale_event,cool_down
799,320,320,101,219,5422.76,6001.99,sale_event,cool_down
800,315,315,116,199,5185.63,5971.62,sale_event,cool_down
801,324,324,123,201,5274.45,5976.6,sale_event,cool_down
802,326,326,118,208,5392.05,5970.79,sale_event,cool_down
803,318,318,125,193,5411.81,5978.02,sale_event,cool_down
804,298,298,91,207,5377.65,5983.46,sale_event,cool_down
805,335,335,135,200,5226.42,5977.0,sale_event,cool_down
806,325,325,113,212,5407.75,5982.16,sale_event,cool_down
807,304,304,141,163,5376.03,5996.22,sale_event,cool_down
808,314,314,84,230,5615.02,5980.99,sale_event,cool_down
809,302,302,122,180,5265.83,5977.25,sale_event,cool_down
810,300,300,131,169,5285.88,5978.74,sale_event,cool_down
811,308,308,109,199,5386.41,5994.12,sale_event,cool_down
812,324,324,120,204,5465.87,5979.65,sale_event,cool_down
813,313,313,116,197,5462.97,5975.07,sale_event,cool_down
814,308,308,80,228,5530.92,5986.02,sale_event,cool_down
815,291,291,127,164,5054.36,5972.84,sale_event,cool_down
816,278,278,109,169,5125.53,5978.42,sale_event,cool_down
817,315,315,127,188,5158.23,5987.73,sale_event,cool_down
818,286,286,100,186,5252.19,5983.55,sale_event,cool_down
819,272,272,118,154,4977.54,5977.29,sale_event,cool_down
820,303,303,120,183,5192.83,5991.19,sale_event,cool_down
821,280,280,120,160,5222.04,5970.86,sale_event,cool_down
822,269,269,121,148,5258.54,5978.94,sale_event,cool_down
823,297,297,122,175,5472.96,5979.54,sale_event,cool_down
824,285,285,85,200,5574.47,5985.53,sale_event,cool_down
825,267,267,119,148,5109.28,5982.23,sale_event,cool_down
826,295,295,135,160,5183.7,5980.33,sale_event,cool_down
827,294,294,121,173,5222.85,5966.45,sale_event,cool_down
828,274,274,125,149,5199.66,5978.48,sale_event,cool_down
829,262,262,117,145,5202.78,5989.56,sale_event,cool_down
830,279,279,139,140,5139.0,5971.72,sale_event,cool_down
831,280,280,109,171,5375.05,6005.42,sale_event,cool_down
832,277,277,122,155,5180.03,5972.94,sale_event,cool_down
833,285,285,114,171,5336.29,5969.33,sale_event,cool_down
834,260,260,114,146,5257.74,5979.75,sale_event,cool_down
835,244,244,126,118,5174.2,5987.16,sale_event,cool_down
836,253,253,109,144,5268.03,5991.97,sale_event,cool_down
837,271,271,112,159,5195.25,5985.07,sale_event,cool_down
838,277,277,138,139,5310.15,5962.4,sale_event,cool_down
839,251,251,94,157,5490.26,5987.11,sale_event,cool_down
840,258,258,122,136,5280.11,5980.52,sale_event,cool_down
841,234,234,101,133,5222.19,5975.24,sale_event,cool_down
842,261,261,116,145,5227.11,5992.78,sale_event,cool_down
843,270,270,125,145,5302.54,5982.87,sale_event,cool_down
844,238,238,79,159,5383.49,5978.97,sale_event,cool_down
845,255,255,135,120,4847.14,5976.67,sale_event,cool_down
846,230,230,107,123,5150.08,5986.48,sale_event,cool_down
847,225,225,113,112,5150.27,5995.04,sale_event,cool_down
848,229,229,122,107,5049.05,5980.12,sale_event,cool_down
849,223,223,112,111,5158.17,5974.56,sale_event,cool_down
850,251,251,100,151,5318.13,5972.3,sale_event,cool_down
851,236,236,121,115,5013.08,5996.14,sale_event,cool_down
852,220,220,104,116,4931.48,5978.77,sale_event,cool_down
853,246,246,163,83,4864.69,5977.44,sale_event,cool_down
854,236,236,118,118,5179.13,5975.9,sale_event,cool_down
855,212,212,139,73,4950.54,5979.94,sale_event,cool_down
856,229,229,125,104,5197.48,5986.38,sale_event,cool_down
857,222,222,97,125,5280.64,5976.07,sale_event,cool_down
858,242,242,94,148,5237.7,5999.23,sale_event,cool_down
859,208,208,128,80,4652.89,5971.75,sale_event,cool_down
860,229,229,141,88,4648.44,5978.1,sale_event,cool_down
861,234,234,153,81,4719.55,5979.04,sale_event,cool_down
862,217,217,141,76,4749.71,5966.66,sale_event,cool_down
863,213,213,137,76,4587.28,5990.99,sale_event,cool_down
864,217,217,173,44,4460.91,5981.51,sale_event,cool_down
865,221,221,179,42,4268.06,5981.03,sale_event,cool_down
866,200,200,178,22,4027.03,5987.85,sale_event,cool_down
867,201,201,201,0,3399.21,5413.81,sale_event,cool_down
868,196,196,196,0,3316.0,5292.13,sale_event,cool_down
869,211,211,167,44,3494.62,5257.92,sale_event,cool_down
870,219,219,164,55,4027.27,5976.97,sale_event,cool_down
871,217,217,183,34,3849.48,5975.91,sale_event,cool_down
872,205,205,205,0,3444.13,5428.54,sale_event,cool_down
873,182,182,182,0,3036.97,4815.38,sale_event,cool_down
874,194,194,194,0,3218.81,5028.85,sale_event,cool_down
875,207,207,207,0,3329.49,5323.11,sale_event,cool_down
876,183,183,183,0,3009.57,4805.04,sale_event,cool_down
877,176,176,176,0,2949.05,4574.45,sale_event,cool_down
878,178,178,178,0,2918.03,4607.81,sale_event,cool_down
879,185,185,185,0,3054.96,4890.76,sale_event,cool_down
880,169,169,169,0,2975.55,4465.25,sale_event,cool_down
881,183,183,183,0,3137.06,4816.3,sale_event,cool_down
882,197,197,197,0,3129.0,5066.81,sale_event,cool_down
883,189,189,189,0,3163.21,4973.04,sale_event,cool_down
884,186,186,186,0,3036.49,4696.06,sale_event,cool_down
885,172,172,172,0,2936.2,4575.13,sale_event,cool_down
886,189,189,189,0,3021.52,4809.85,sale_event,cool_down
887,180,180,180,0,3076.66,4722.79,sale_event,cool_down
888,154,154,154,0,2715.96,4093.2,sale_event,cool_down
889,178,178,178,0,2967.88,4605.35,sale_event,cool_down
890,147,147,147,0,2511.11,3800.32,sale_event,cool_down
891,156,156,156,0,2724.05,4092.12,sale_event,cool_down
892,159,159,159,0,2796.36,4164.81,sale_event,cool_down
893,177,177,177,0,2994.17,4697.13,sale_event,cool_down
894,177,177,177,0,2959.61,4665.22,sale_event,cool_down
895,157,157,157,0,2741.7,4183.87,sale_event,cool_down
896,150,150,150,0,2707.8,3980.8,sale_event,cool_down
897,140,140,140,0,2581.21,3808.69,sale_event,cool_down
898,157,157,157,0,2807.85,4185.8,sale_event,cool_down
899,152,152,152,0,2555.81,3880.34,sale_event,cool_down
900,132,132,132,0,2371.83,3494.45,sale_event,cool_down
901,97,97,97,0,1843.8,2557.27,sale_event,stable
902,102,102,102,0,1919.32,2599.34,sale_event,stable
903,102,102,102,0,1910.97,2679.96,sale_event,stable
904,103,103,103,0,1897.64,2609.76,sale_event,stable
905,95,95,95,0,1878.07,2571.0,sale_event,stable
906,102,102,102,0,1885.65,2680.09,sale_event,stable
907,90,90,90,0,1796.35,2403.8,sale_event,stable
908,110,110,110,0,2112.07,2890.48,sale_event,stable
909,109,109,109,0,2053.69,2863.93,sale_event,stable
910,106,106,106,0,2006.36,2787.92,sale_event,stable
911,101,101,101,0,1908.3,2682.48,sale_event,stable
912,107,107,107,0,1979.71,2723.49,sale_event,stable
913,109,109,109,0,2061.63,2868.19,sale_event,stable
914,96,96,96,0,1851.76,2474.64,sale_event,stable
915,98,98,98,0,1794.84,2520.34,sale_event,stable
916,107,107,107,0,1984.16,2690.84,sale_event,stable
917,102,102,102,0,2005.89,2861.74,sale_event,stable
918,92,92,92,0,1870.17,2468.94,sale_event,stable
919,104,104,104,0,2014.28,2710.3,sale_event,stable
920,101,101,101,0,2004.89,2666.32,sale_event,stable
921,109,109,109,0,1942.63,2811.9,sale_event,stable
922,93,93,93,0,1862.28,2465.48,sale_event,stable
923,103,103,103,0,1913.06,2601.97,sale_event,stable
924,93,93,93,0,1829.49,2409.66,sale_event,stable
925,95,95,95,0,1763.21,2493.42,sale_event,stable
926,92,92,92,0,1884.03,2452.99,sale_event,stable
927,107,107,107,0,1907.74,2799.43,sale_event,stable
928,108,108,108,0,2031.9,2879.93,sale_event,stable
929,90,90,90,0,1794.24,2397.46,sale_event,stable
930,93,93,93,0,1826.59,2484.3,sale_event,stable
931,97,97,97,0,1820.21,2500.24,sale_event,stable
932,107,107,107,0,1995.62,2798.45,sale_event,stable
933,99,99,99,0,1879.26,2608.25,sale_event,stable
934,92,92,92,0,1774.41,2409.23,sale_event,stable
935,104,104,104,0,1912.31,2737.64,sale_event,stable
936,105,105,105,0,1986.83,2697.89,sale_event,stable
937,102,102,102,0,1942.14,2682.33,sale_event,stable
938,92,92,92,0,1840.33,2411.17,sale_event,stable
939,101,101,101,0,1985.98,2609.26,sale_event,stable
940,92,92,92,0,1768.4,2318.54,sale_event,stable
941,91,91,91,0,1761.14,2404.41,sale_event,stable
942,108,108,108,0,2065.45,2878.92,sale_event,stable
943,96,96,96,0,1904.64,2498.69,sale_event,stable
944,94,94,94,0,1826.14,2383.72,sale_event,stable
945,97,97,97,0,1796.22,2551.64,sale_event,stable
946,92,92,92,0,1780.41,2335.52,sale_event,stable
947,100,100,100,0,1925.87,2572.76,sale_event,stable
948,98,98,98,0,1882.93,2563.08,sale_event,stable
949,95,95,95,0,1797.08,2505.22,sale_event,stable
950,109,109,109,0,1979.84,2789.97,sale_event,stable
951,95,95,95,0,1868.33,2470.83,sale_event,stable
952,107,107,107,0,2023.0,2733.51,sale_event,stable
953,108,108,108,0,1986.96,2818.06,sale_event,stable
954,110,110,110,0,2001.89,2875.66,sale_event,stable
955,92,92,92,0,1776.47,2469.98,sale_event,stable
956,110,110,110,0,2006.24,2816.57,sale_event,stable
957,107,107,107,0,1990.07,2778.51,sale_event,stable
958,107,107,107,0,1961.05,2768.25,sale_event,stable
959,101,101,101,0,1941.41,2612.83,sale_event,stable
960,96,96,96,0,1852.24,2565.42,sale_event,stable
961,107,107,107,0,1985.6,2701.21,sale_event,stable
962,100,100,100,0,1847.62,2514.3,sale_event,stable
963,109,109,109,0,2000.89,2865.72,sale_event,stable
964,95,95,95,0,1888.33,2477.98,sale_event,stable
965,95,95,95,0,1819.23,2408.75,sale_event,stable
966,97,97,97,0,1793.05,2394.12,sale_event,stable
967,95,95,95,0,1853.7,2570.9,sale_event,stable
968,108,108,108,0,1995.92,2780.56,sale_event,stable
969,108,108,108,0,1994.0,2772.98,sale_event,stable
970,104,104,104,0,1859.98,2627.94,sale_event,stable
971,109,109,109,0,2091.61,2868.13,sale_event,stable
972,99,99,99,0,1927.78,2668.52,sale_event,stable
973,107,107,107,0,2019.61,2731.99,sale_event,stable
974,100,100,100,0,1924.59,2569.87,sale_event,stable
975,107,107,107,0,1912.14,2708.22,sale_event,stable
976,109,109,109,0,2002.03,2821.32,sale_event,stable
977,90,90,90,0,1736.52,2395.74,sale_event,stable
978,90,90,90,0,1705.86,2323.18,sale_event,stable
979,94,94,94,0,1892.54,2473.52,sale_event,stable
980,105,105,105,0,1914.98,2667.29,sale_event,stable
981,100,100,100,0,1804.78,2517.26,sale_event,stable
982,105,105,105,0,2000.79,2697.41,sale_event,stable
983,99,99,99,0,2015.45,2666.69,sale_event,stable
984,91,91,91,0,1689.36,2375.35,sale_event,stable
985,106,106,106,0,1979.67,2714.03,sale_event,stable
986,92,92,92,0,1826.28,2463.42,sale_event,stable
987,101,101,101,0,1835.36,2585.95,sale_event,stable
988,109,109,109,0,2000.86,2808.18,sale_event,stable
989,106,106,106,0,2081.65,2786.5,sale_event,stable
990,97,97,97,0,1832.99,2463.81,sale_event,stable
991,103,103,103,0,2019.03,2786.53,sale_event,stable
992,106,106,106,0,2006.54,2779.87,sale_event,stable
993,96,96,96,0,1798.32,2404.2,sale_event,stable
994,103,103,103,0,1833.22,2602.95,sale_event,stable
995,99,99,99,0,1918.87,2585.25,sale_event,stable
996,95,95,95,0,1826.52,2474.14,sale_event,stable
997,97,97,97,0,1937.75,2502.9,sale_event,stable
998,104,104,104,0,1928.81,2663.72,sale_event,stable
999,97,97,97,0,1809.72,2419.62,sale_event,stable
1000,95,95,95,0,1905.37,2476.32,sale_event,stable
