time_sec,actual_rps,predicted_rps,planned_cpu,planned_replicas,action,sim_avg_latency_ms,sim_p95_latency_ms,sim_fail_count,sim_sla_violation_count,reward
0,92.0,92.0,2.0,3,HOLD,303.973,442.032,0,0,-23.28956
1,86.0,86.0,2.0,3,HOLD,294.453,423.692,0,0,-22.302160000000004
2,85.0,85.0,2.0,3,HOLD,292.867,420.663,0,0,-22.138990000000003
3,91.0,91.0,2.0,3,HOLD,302.387,438.955,0,0,-23.12399
4,100.0,100.0,2.0,3,HOLD,316.667,466.939,0,0,-24.628790000000002
5,85.0,85.0,2.0,3,HOLD,292.867,420.663,0,0,-22.138990000000003
6,96.0,96.0,2.0,3,HOLD,310.32,454.421,0,0,-23.95595
7,99.0,99.0,2.0,3,HOLD,315.08,463.798,0,0,-24.46
8,95.0,95.0,2.0,3,HOLD,308.733,451.312,0,0,-23.788760000000003
9,80.0,80.0,2.0,3,HOLD,284.933,405.641,0,0,-21.32921
10,80.0,80.0,2.0,3,HOLD,284.933,405.641,0,0,-21.32921
11,100.0,100.0,2.0,3,HOLD,316.667,466.939,0,0,-24.628790000000002
12,95.0,95.0,2.0,3,HOLD,308.733,451.312,0,0,-23.788760000000003
13,86.0,86.0,2.0,3,HOLD,294.453,423.692,0,0,-22.302160000000004
14,86.0,86.0,2.0,3,HOLD,294.453,423.692,0,0,-22.302160000000004
15,87.0,87.0,2.0,3,HOLD,296.04,426.728,0,0,-22.465700000000002
16,90.0,90.0,2.0,3,HOLD,300.8,435.887,0,0,-22.95885
17,99.0,99.0,2.0,3,HOLD,315.08,463.798,0,0,-24.46
18,96.0,96.0,2.0,3,HOLD,310.32,454.421,0,0,-23.95595
19,80.0,80.0,2.0,3,HOLD,284.933,405.641,0,0,-21.32921
20,100.0,100.0,2.0,3,HOLD,316.667,466.939,0,0,-24.628790000000002
21,89.0,89.0,2.0,3,HOLD,299.213,432.826,0,0,-22.79406
22,85.0,85.0,2.0,3,HOLD,292.867,420.663,0,0,-22.138990000000003
23,97.0,97.0,2.0,3,HOLD,311.907,457.539,0,0,-24.12359
24,99.0,99.0,2.0,3,HOLD,315.08,463.798,0,0,-24.46
25,89.0,89.0,2.0,3,HOLD,299.213,432.826,0,0,-22.79406
26,89.0,89.0,2.0,3,HOLD,299.213,432.826,0,0,-22.79406
27,94.0,94.0,2.0,3,HOLD,307.147,448.211,0,0,-23.62199
28,92.0,92.0,2.0,3,HOLD,303.973,442.032,0,0,-23.28956
29,80.0,80.0,2.0,3,HOLD,284.933,405.641,0,0,-21.32921
30,80.0,80.0,2.0,3,HOLD,284.933,405.641,0,0,-21.32921
31,100.0,100.0,2.0,3,HOLD,316.667,466.939,0,0,-24.628790000000002
32,92.0,92.0,2.0,3,HOLD,303.973,442.032,0,0,-23.28956
33,97.0,97.0,2.0,3,HOLD,311.907,457.539,0,0,-24.12359
34,81.0,81.0,2.0,3,HOLD,286.52,408.63,0,0,-21.490399999999998
35,100.0,100.0,2.0,3,HOLD,316.667,466.939,0,0,-24.628790000000002
36,92.0,92.0,2.0,3,HOLD,303.973,442.032,0,0,-23.28956
37,89.0,89.0,2.0,3,HOLD,299.213,432.826,0,0,-22.79406
38,93.0,93.0,2.0,3,HOLD,305.56,445.118,0,0,-23.4556
39,87.0,87.0,2.0,3,HOLD,296.04,426.728,0,0,-22.465700000000002
40,97.0,97.0,2.0,3,HOLD,311.907,457.539,0,0,-24.12359
41,82.0,82.0,2.0,3,HOLD,288.107,411.626,0,0,-21.65194
42,97.0,97.0,2.0,3,HOLD,311.907,457.539,0,0,-24.12359
43,97.0,97.0,2.0,3,HOLD,311.907,457.539,0,0,-24.12359
44,97.0,97.0,2.0,3,HOLD,311.907,457.539,0,0,-24.12359
45,83.0,83.0,2.0,3,HOLD,289.693,414.63,0,0,-21.81386
46,81.0,81.0,2.0,3,HOLD,286.52,408.63,0,0,-21.490399999999998
47,92.0,92.0,2.0,3,HOLD,303.973,442.032,0,0,-23.28956
48,83.0,83.0,2.0,3,HOLD,289.693,414.63,0,0,-21.81386
49,98.0,98.0,2.0,3,HOLD,313.493,460.664,0,0,-24.29156
50,100.0,100.0,2.0,3,HOLD,316.667,466.939,0,0,-24.628790000000002
51,98.0,98.0,2.0,3,HOLD,313.493,460.664,0,0,-24.29156
52,91.0,91.0,2.0,3,HOLD,302.387,438.955,0,0,-23.12399
53,91.0,91.0,2.0,3,HOLD,302.387,438.955,0,0,-23.12399
54,82.0,82.0,2.0,3,HOLD,288.107,411.626,0,0,-21.65194
55,87.0,87.0,2.0,3,HOLD,296.04,426.728,0,0,-22.465700000000002
56,94.0,94.0,2.0,3,HOLD,307.147,448.211,0,0,-23.62199
57,84.0,84.0,2.0,3,HOLD,291.28,417.643,0,0,-21.976249999999997
58,91.0,91.0,2.0,3,HOLD,302.387,438.955,0,0,-23.12399
59,94.0,94.0,2.0,3,HOLD,307.147,448.211,0,0,-23.62199
60,83.0,83.0,2.0,3,HOLD,289.693,414.63,0,0,-21.81386
61,80.0,80.0,2.0,3,HOLD,284.933,405.641,0,0,-21.32921
62,91.0,91.0,2.0,3,HOLD,302.387,438.955,0,0,-23.12399
63,88.0,88.0,2.0,3,HOLD,297.627,429.773,0,0,-22.629690000000004
64,87.0,87.0,2.0,3,HOLD,296.04,426.728,0,0,-22.465700000000002
65,92.0,92.0,2.0,3,HOLD,303.973,442.032,0,0,-23.28956
66,97.0,97.0,2.0,3,HOLD,311.907,457.539,0,0,-24.12359
67,96.0,96.0,2.0,3,HOLD,310.32,454.421,0,0,-23.95595
68,88.0,88.0,2.0,3,HOLD,297.627,429.773,0,0,-22.629690000000004
69,90.0,90.0,2.0,3,HOLD,300.8,435.887,0,0,-22.95885
70,88.0,88.0,2.0,3,HOLD,297.627,429.773,0,0,-22.629690000000004
71,99.0,99.0,2.0,3,HOLD,315.08,463.798,0,0,-24.46
72,95.0,95.0,2.0,3,HOLD,308.733,451.312,0,0,-23.788760000000003
73,97.0,97.0,2.0,3,HOLD,311.907,457.539,0,0,-24.12359
74,80.0,80.0,2.0,3,HOLD,284.933,405.641,0,0,-21.32921
75,86.0,86.0,2.0,3,HOLD,294.453,423.692,0,0,-22.302160000000004
76,96.0,96.0,2.0,3,HOLD,310.32,454.421,0,0,-23.95595
77,93.0,93.0,2.0,3,HOLD,305.56,445.118,0,0,-23.4556
78,100.0,100.0,2.0,3,HOLD,316.667,466.939,0,0,-24.628790000000002
79,87.0,87.0,2.0,3,HOLD,295.96,426.613,0,0,-22.45835
80,88.0,88.0,2.0,3,HOLD,297.547,429.657,0,0,-22.62229
81,93.0,93.0,2.0,3,HOLD,305.48,445.001,0,0,-23.448150000000002
82,84.0,84.0,2.0,3,HOLD,291.2,417.528,0,0,-21.9689
83,81.0,81.0,2.0,3,HOLD,286.44,408.516,0,0,-21.4831
84,84.0,84.0,2.0,3,HOLD,291.2,417.528,0,0,-21.9689
85,80.0,80.0,2.0,3,HOLD,284.853,405.528,0,0,-21.32196
86,94.0,94.0,2.0,3,HOLD,307.067,448.094,0,0,-23.61454
87,99.0,99.0,2.0,3,HOLD,315.0,463.68,0,0,-24.4525
88,85.0,85.0,2.0,3,HOLD,292.787,420.548,0,0,-22.13164
89,94.0,94.0,2.0,3,HOLD,307.067,448.094,0,0,-23.61454
90,99.0,99.0,2.0,3,HOLD,315.0,463.68,0,0,-24.4525
91,98.0,98.0,2.0,3,HOLD,313.413,460.547,0,0,-24.284110000000002
92,99.0,99.0,2.0,3,HOLD,315.0,463.68,0,0,-24.4525
93,98.0,98.0,2.0,3,HOLD,313.413,460.547,0,0,-24.284110000000002
94,89.0,89.0,2.0,3,HOLD,299.133,432.71,0,0,-22.78666
95,84.0,84.0,2.0,3,HOLD,291.2,417.528,0,0,-21.9689
96,93.0,93.0,2.0,3,HOLD,305.48,445.001,0,0,-23.448150000000002
97,92.0,92.0,2.0,3,HOLD,303.893,441.916,0,0,-23.28216
98,93.0,93.0,2.0,3,HOLD,305.48,445.001,0,0,-23.448150000000002
99,83.0,83.0,2.0,3,HOLD,289.613,414.516,0,0,-21.80656
100,99.0,99.0,2.0,3,HOLD,315.0,463.68,0,0,-24.4525
101,84.0,84.0,2.0,3,HOLD,291.2,417.528,0,0,-21.9689
102,82.0,82.0,2.0,3,HOLD,288.027,411.512,0,0,-21.64464
103,97.0,97.0,2.0,3,HOLD,311.827,457.421,0,0,-24.11609
104,84.0,84.0,2.0,3,HOLD,291.2,417.528,0,0,-21.9689
105,98.0,98.0,2.0,3,HOLD,313.493,460.664,0,0,-24.29156
106,99.0,99.0,2.0,3,HOLD,315.08,463.798,0,0,-24.46
107,89.0,89.0,2.0,3,HOLD,299.213,432.826,0,0,-22.79406
108,86.0,86.0,2.0,3,HOLD,294.453,423.692,0,0,-22.302160000000004
109,85.0,85.0,2.0,3,HOLD,292.867,420.663,0,0,-22.138990000000003
110,89.0,89.0,2.0,3,HOLD,299.213,432.826,0,0,-22.79406
111,88.0,88.0,2.0,3,HOLD,297.627,429.773,0,0,-22.629690000000004
112,83.0,83.0,2.0,3,HOLD,289.693,414.63,0,0,-21.81386
113,96.0,96.0,2.0,3,HOLD,310.32,454.421,0,0,-23.95595
114,94.0,94.0,2.0,3,HOLD,307.147,448.211,0,0,-23.62199
115,83.0,83.0,2.0,3,HOLD,289.693,414.63,0,0,-21.81386
116,99.0,99.0,2.0,3,HOLD,315.08,463.798,0,0,-24.46
117,91.0,91.0,2.0,3,HOLD,302.387,438.955,0,0,-23.12399
118,94.0,94.0,2.0,3,HOLD,307.147,448.211,0,0,-23.62199
119,82.0,82.0,2.0,3,HOLD,288.107,411.626,0,0,-21.65194
120,81.0,81.0,2.0,3,HOLD,286.52,408.63,0,0,-21.490399999999998
121,83.0,83.0,2.0,3,HOLD,289.693,414.63,0,0,-21.81386
122,91.0,91.0,2.0,3,HOLD,302.387,438.955,0,0,-23.12399
123,93.0,93.0,2.0,3,HOLD,305.56,445.118,0,0,-23.4556
124,85.0,85.0,2.0,3,HOLD,292.867,420.663,0,0,-22.138990000000003
125,83.0,83.0,2.0,3,HOLD,289.693,414.63,0,0,-21.81386
126,82.0,82.0,2.0,3,HOLD,288.107,411.626,0,0,-21.65194
127,87.0,87.0,2.0,3,HOLD,296.04,426.728,0,0,-22.465700000000002
128,90.0,90.0,2.0,3,HOLD,300.8,435.887,0,0,-22.95885
129,95.0,95.0,2.0,3,HOLD,308.733,451.312,0,0,-23.788760000000003
130,89.0,89.0,2.0,3,HOLD,299.213,432.826,0,0,-22.79406
131,95.0,95.0,2.0,3,HOLD,308.733,451.312,0,0,-23.788760000000003
132,95.0,95.0,2.0,3,HOLD,308.733,451.312,0,0,-23.788760000000003
133,88.0,88.0,2.0,3,HOLD,297.627,429.773,0,0,-22.629690000000004
134,100.0,100.0,2.0,3,HOLD,316.667,466.939,0,0,-24.628790000000002
135,89.0,89.0,2.0,3,HOLD,299.213,432.826,0,0,-22.79406
136,95.0,95.0,2.0,3,HOLD,308.733,451.312,0,0,-23.788760000000003
137,87.0,87.0,2.0,3,HOLD,296.04,426.728,0,0,-22.465700000000002
138,83.0,83.0,2.0,3,HOLD,289.693,414.63,0,0,-21.81386
139,92.0,92.0,2.0,3,HOLD,303.973,442.032,0,0,-23.28956
140,99.0,99.0,2.0,3,HOLD,315.08,463.798,0,0,-24.46
141,86.0,86.0,2.0,3,HOLD,294.453,423.692,0,0,-22.302160000000004
142,90.0,90.0,2.0,3,HOLD,300.8,435.887,0,0,-22.95885
143,93.0,93.0,2.0,3,HOLD,305.56,445.118,0,0,-23.4556
144,99.0,99.0,2.0,3,HOLD,315.08,463.798,0,0,-24.46
145,96.0,96.0,2.0,3,HOLD,310.32,454.421,0,0,-23.95595
146,81.0,81.0,2.0,3,HOLD,286.52,408.63,0,0,-21.490399999999998
147,90.0,90.0,2.0,3,HOLD,300.8,435.887,0,0,-22.95885
148,98.0,98.0,2.0,3,HOLD,313.493,460.664,0,0,-24.29156
149,86.0,86.0,2.0,3,HOLD,294.453,423.692,0,0,-22.302160000000004
150,81.0,81.0,2.0,3,HOLD,286.52,408.63,0,0,-21.490399999999998
151,100.0,100.0,2.0,3,HOLD,316.667,466.939,0,0,-24.628790000000002
152,94.0,94.0,2.0,3,HOLD,307.147,448.211,0,0,-23.62199
153,91.0,91.0,2.0,3,HOLD,302.387,438.955,0,0,-23.12399
154,93.0,93.0,2.0,3,HOLD,305.56,445.118,0,0,-23.4556
155,95.0,95.0,2.0,3,HOLD,308.733,451.312,0,0,-23.788760000000003
156,80.0,80.0,2.0,3,HOLD,284.933,405.641,0,0,-21.32921
157,100.0,100.0,2.0,3,HOLD,316.667,466.939,0,0,-24.628790000000002
158,99.0,99.0,2.0,3,HOLD,315.08,463.798,0,0,-24.46
159,96.0,96.0,2.0,3,HOLD,310.32,454.421,0,0,-23.95595
160,91.0,91.0,2.0,3,HOLD,302.387,438.955,0,0,-23.12399
161,92.0,92.0,2.0,3,HOLD,303.973,442.032,0,0,-23.28956
162,80.0,80.0,2.0,3,HOLD,284.933,405.641,0,0,-21.32921
163,91.0,91.0,2.0,3,HOLD,302.387,438.955,0,0,-23.12399
164,83.0,83.0,2.0,3,HOLD,289.693,414.63,0,0,-21.81386
165,87.0,87.0,2.0,3,HOLD,296.04,426.728,0,0,-22.465700000000002
166,84.0,84.0,2.0,3,HOLD,291.28,417.643,0,0,-21.976249999999997
167,86.0,86.0,2.0,3,HOLD,294.453,423.692,0,0,-22.302160000000004
168,82.0,82.0,2.0,3,HOLD,288.107,411.626,0,0,-21.65194
169,100.0,100.0,2.0,3,HOLD,316.667,466.939,0,0,-24.628790000000002
170,92.0,92.0,2.0,3,HOLD,303.973,442.032,0,0,-23.28956
171,89.0,89.0,2.0,3,HOLD,299.213,432.826,0,0,-22.79406
172,84.0,84.0,2.0,3,HOLD,291.28,417.643,0,0,-21.976249999999997
173,93.0,93.0,2.0,3,HOLD,305.56,445.118,0,0,-23.4556
174,83.0,83.0,2.0,3,HOLD,289.693,414.63,0,0,-21.81386
175,80.0,80.0,2.0,3,HOLD,284.933,405.641,0,0,-21.32921
176,99.0,99.0,2.0,3,HOLD,315.08,463.798,0,0,-24.46
177,84.0,84.0,2.0,3,HOLD,291.28,417.643,0,0,-21.976249999999997
178,100.0,100.0,2.0,3,HOLD,316.667,466.939,0,0,-24.628790000000002
179,80.0,80.0,2.0,3,HOLD,283.37,403.416,0,0,-21.1867
180,88.0,78.26278686523438,2.0,3,HOLD,296.667,428.387,0,0,-22.54119
181,97.0,77.71734619140625,2.0,3,HOLD,311.667,457.187,0,0,-24.10119
182,82.0,77.75910949707031,2.0,3,HOLD,286.683,409.592,0,0,-21.52176
183,98.0,78.05364990234375,2.0,3,HOLD,313.333,460.429,0,0,-24.27661
184,87.0,77.71119689941406,2.0,3,HOLD,295.0,425.229,0,0,-22.36995
185,99.0,78.30517578125,2.0,3,HOLD,315.0,463.68,0,0,-24.4525
186,93.0,78.07986450195312,2.0,3,HOLD,305.0,444.302,0,0,-23.4036
187,81.0,78.49752807617188,2.0,3,HOLD,285.215,406.769,0,0,-21.37125
188,94.0,78.53207397460938,2.0,3,HOLD,306.667,447.51,0,0,-23.577340000000003
189,82.0,78.228515625,2.0,3,HOLD,286.827,409.798,0,0,-21.534940000000002
190,92.0,78.60531616210938,2.0,3,HOLD,303.333,441.102,0,0,-23.230259999999998
191,93.0,78.32748413085938,2.0,3,HOLD,305.0,444.302,0,0,-23.4036
192,86.0,78.4173583984375,2.0,3,HOLD,293.333,422.08,0,0,-22.19916
193,95.0,78.56089782714844,2.0,3,HOLD,308.333,450.727,0,0,-23.75151
194,97.0,78.37260437011719,2.0,3,HOLD,311.667,457.187,0,0,-24.10119
195,89.0,78.48335266113281,2.0,3,HOLD,298.333,431.553,0,0,-22.71281
196,83.0,78.8582763671875,2.0,3,HOLD,288.635,413.115,0,0,-21.71695
197,81.0,78.70127868652344,2.0,3,HOLD,285.48,407.146,0,0,-21.395400000000002
198,86.0,78.71015930175781,2.0,3,HOLD,293.485,422.298,0,0,-22.2131
199,100.0,78.51641845703125,2.0,3,HOLD,316.667,466.939,0,0,-24.628790000000002
200,94.0,78.34931945800781,2.0,3,HOLD,306.667,447.51,0,0,-23.577340000000003
201,93.0,78.75349426269531,2.0,3,HOLD,305.0,444.302,0,0,-23.4036
202,97.0,78.84262084960938,2.0,3,HOLD,311.667,457.187,0,0,-24.10119
203,111.0,78.73680114746094,2.0,3,HOLD,335.0,503.353,0,0,-26.59615
204,110.0,78.85115051269531,2.0,3,HOLD,333.333,500.0,0,0,-26.41516
205,102.0,79.40940856933594,2.0,3,HOLD,320.0,473.484,0,0,-24.982699999999998
206,109.0,79.89596557617188,2.0,3,HOLD,331.667,496.656,0,0,-26.234640000000002
207,113.0,80.11512756347656,2.0,3,HOLD,338.333,510.084,0,0,-26.95936
208,114.0,80.45841979980469,2.0,3,HOLD,340.0,513.462,0,0,-27.141600000000004
209,113.0,81.03729248046875,2.0,3,HOLD,338.333,510.084,0,0,-26.95936
210,96.0,81.73240661621094,2.0,3,HOLD,310.0,453.953,0,0,-23.92615
211,105.0,82.20391845703125,2.0,3,HOLD,325.0,483.364,0,0,-25.516699999999997
212,99.0,81.94096374511719,2.0,3,HOLD,315.0,463.68,0,0,-24.4525
213,115.0,82.62791442871094,2.0,3,HOLD,341.667,516.848,0,0,-27.324239999999996
214,119.0,82.61080932617188,2.0,3,HOLD,348.333,530.48,0,0,-28.059160000000006
215,111.0,83.16798400878906,2.0,3,HOLD,335.0,503.353,0,0,-26.59615
216,110.0,83.69184875488281,2.0,3,HOLD,333.333,500.0,0,0,-26.41516
217,104.0,83.95277404785156,2.0,3,HOLD,323.333,480.062,0,0,-25.338260000000002
218,115.0,84.0059814453125,2.0,3,HOLD,341.667,516.848,0,0,-27.324239999999996
219,103.0,84.23565673828125,2.0,3,HOLD,321.667,476.768,0,0,-25.160239999999998
220,121.0,84.83042907714844,2.0,3,HOLD,351.667,537.347,0,0,-28.429190000000006
221,118.0,84.75386047363281,2.0,3,HOLD,346.667,527.059,0,0,-27.874790000000004
222,106.0,85.47723388671875,2.0,3,HOLD,326.667,486.674,0,0,-25.695539999999998
223,124.0,85.96714782714844,2.0,3,HOLD,318.497,489.096,0,0,-25.29324
224,116.0,85.81120300292969,2.0,3,HOLD,343.333,520.244,0,0,-27.507360000000006
225,128.0,86.7650146484375,2.0,3,HOLD,351.548,543.43,0,0,-28.590960000000003
226,110.0,86.9959716796875,2.0,3,HOLD,333.333,500.0,0,0,-26.41516
227,113.0,87.89619445800781,2.0,3,HOLD,338.333,510.084,0,0,-28.90936
228,111.0,87.94276428222656,2.0,3,HOLD,335.0,503.353,0,0,-28.546150000000004
229,115.0,88.29617309570312,2.0,3,HOLD,341.667,516.848,0,0,-29.27424
230,111.0,88.48985290527344,2.0,3,HOLD,335.0,503.353,0,0,-28.546150000000004
231,121.0,88.90272521972656,2.0,3,HOLD,351.667,537.347,0,0,-30.37919000000001
232,115.0,89.0084228515625,2.0,3,HOLD,341.667,516.848,0,0,-29.27424
233,127.0,89.4625244140625,2.0,3,HOLD,342.761,528.973,0,0,-29.662370000000003
234,114.0,89.63392639160156,2.0,3,HOLD,340.0,513.462,0,0,-29.091600000000007
235,129.0,90.26277160644533,2.0,3,HOLD,361.386,559.558,0,0,-31.52412000000001
236,116.0,90.36624145507812,2.0,3,HOLD,343.333,520.244,0,0,-29.45736000000001
237,135.0,91.03343200683594,2.0,3,HOLD,415.514,649.712,0,0,-36.99438000000001
238,119.0,91.42401123046876,2.0,3,HOLD,348.333,530.48,0,0,-30.00916000000001
239,134.0,92.23078918457033,2.0,3,HOLD,405.326,632.75,0,0,-35.962520000000005
240,124.0,92.64973449707033,2.0,3,HOLD,312.197,479.421,0,0,-26.633490000000002
241,130.0,93.37530517578124,2.0,3,HOLD,367.024,569.221,0,0,-32.100030000000004
242,121.0,93.9480438232422,2.0,3,HOLD,351.667,537.347,0,0,-30.37919000000001
243,122.0,94.57969665527344,2.0,3,HOLD,353.333,540.793,0,0,-30.56481000000001
244,134.0,94.9232177734375,2.0,3,HOLD,404.276,631.111,0,0,-35.859570000000005
245,130.0,95.43556213378906,2.0,3,HOLD,364.924,565.964,0,0,-31.89518000000001
246,132.0,96.11686706542967,2.0,3,HOLD,383.2,596.259,0,0,-33.73545000000001
247,124.0,96.69735717773438,2.0,3,HOLD,312.197,479.421,0,0,-26.633490000000002
248,125.0,97.2324676513672,2.0,3,HOLD,321.335,494.271,0,0,-27.53875
249,126.0,97.670654296875,2.0,3,HOLD,330.123,508.629,0,0,-28.41241
250,141.0,98.23576354980467,2.0,3,HOLD,466.841,737.099,0,5,-84.27027
251,135.0,98.85052490234376,2.0,3,HOLD,408.864,639.314,0,0,-36.341480000000004
252,135.0,99.87278747558594,2.0,3,HOLD,408.864,639.314,0,0,-36.341480000000004
253,135.0,100.55482482910156,2.0,3,HOLD,408.864,639.314,0,0,-36.341480000000004
254,141.0,101.34336853027344,2.0,3,HOLD,463.691,732.126,0,4,-75.95862
255,150.0,102.28596496582033,2.0,3,HOLD,543.832,871.12,0,13,-156.33113999999998
256,149.0,103.40536499023438,2.0,3,HOLD,531.894,850.643,0,12,-147.08852999999996
257,143.0,104.7316436767578,2.0,3,HOLD,479.167,759.0,0,6,-93.57184
258,145.0,105.97901916503906,2.0,3,HOLD,497.442,790.481,0,8,-111.47139
259,150.0,107.1808624267578,2.0,3,HOLD,542.432,868.877,0,13,-156.19098999999997
260,136.0,108.57740783691406,2.0,3,HOLD,417.652,654.118,0,0,-37.237440000000014
261,139.0,109.928466796875,2.0,3,HOLD,445.065,700.452,0,2,-58.04240000000001
262,149.0,110.72427368164062,2.0,3,HOLD,535.394,856.241,0,12,-147.43842999999998
263,152.0,111.720458984375,2.0,3,HOLD,559.308,898.756,0,15,-173.98245999999997
264,156.0,112.91285705566406,2.0,3,HOLD,594.809,961.86,0,20,-219.26767999999996
265,144.0,114.04751586914062,2.0,3,HOLD,487.955,774.162,0,7,-102.4857
266,148.0,115.06398010253906,2.0,3,HOLD,524.506,837.493,0,11,-138.30327
267,148.0,115.73841857910156,2.0,3,HOLD,523.106,835.258,0,11,-138.16351999999998
268,141.0,116.57933044433594,2.0,3,HOLD,461.591,728.81,0,4,-75.75081999999999
269,146.0,117.296630859375,2.0,3,HOLD,507.28,807.406,0,9,-120.4944
270,149.0,117.93101501464844,2.0,3,HOLD,532.944,852.323,0,12,-147.19352999999998
271,149.0,118.6145477294922,2.0,3,HOLD,531.894,850.643,0,12,-147.08852999999996
272,156.0,119.35601806640624,2.0,3,HOLD,595.859,963.558,0,20,-219.37357999999998
273,147.0,120.13589477539062,2.0,3,HOLD,514.318,819.917,0,10,-129.24071
274,149.0,120.9925537109375,2.0,3,HOLD,532.594,851.763,0,12,-147.15852999999998
275,152.0,121.69247436523438,2.0,3,HOLD,559.308,898.756,0,15,-173.98245999999997
276,161.0,122.35275268554688,2.0,3,HOLD,688.861,1243.901,0,43,-419.15076999999997
277,157.0,123.098388671875,2.0,3,HOLD,619.195,1026.971,0,27,-279.44095000000004
278,158.0,123.90206909179688,2.0,3,HOLD,635.541,1077.79,0,30,-306.28882000000004
279,160.0,124.66036987304688,2.0,3,HOLD,668.115,1179.151,0,38,-375.96835000000004
280,156.0,125.41714477539062,2.0,3,HOLD,593.409,959.596,0,20,-219.57648
281,165.0,126.21449279785156,2.0,3,HOLD,751.953,1441.736,0,59,-558.67436
282,161.0,127.0558853149414,2.0,3,HOLD,682.245,1223.331,0,42,-410.43995
283,160.0,127.8015365600586,2.0,3,HOLD,665.701,1171.896,0,38,-375.55732000000006
284,164.0,128.5273895263672,2.0,3,HOLD,732.205,1379.844,0,54,-515.2048
285,168.0,129.26187133789062,2.0,3,HOLD,796.705,1582.64,0,71,-662.5546
286,160.0,130.14596557617188,2.0,3,HOLD,664.646,1168.89,0,37,-367.38592
287,159.0,130.93548583984375,2.0,3,HOLD,648.084,1117.485,0,33,-332.50443
288,158.0,131.51296997070312,2.0,3,HOLD,631.616,1066.437,0,30,-305.64267
289,165.0,132.22933959960938,2.0,3,HOLD,748.247,1430.749,0,58,-550.05089
290,175.0,133.00430297851562,2.0,3,HOLD,911.474,1947.298,5,100,-1015.04288
291,173.0,133.94573974609375,2.0,3,HOLD,873.635,1826.577,1,92,-864.2100499999999
292,178.0,135.01657104492188,2.0,3,HOLD,956.691,2091.908,6,112,-1139.13772
293,164.0,136.264892578125,2.0,3,HOLD,726.723,1363.412,0,53,-506.27356000000003
294,166.0,137.58242797851562,2.0,3,HOLD,759.545,1466.636,0,61,-576.0512
295,162.0,138.5400848388672,2.0,3,HOLD,693.284,1259.14,0,45,-436.43118
296,175.0,139.51683044433594,2.0,3,HOLD,910.043,1943.733,5,100,-1014.83601
297,179.0,140.47708129882812,2.0,3,HOLD,969.941,2135.111,6,116,-1173.54287
298,167.0,141.64517211914062,2.0,3,HOLD,772.925,1509.113,0,65,-610.4226499999999
299,172.0,142.88653564453125,2.0,3,HOLD,855.904,1771.673,1,87,-821.13023
300,169.0,143.54965209960938,2.0,3,HOLD,804.483,1608.814,0,73,-679.9988599999999
301,177.0,144.69174194335938,2.0,3,HOLD,937.63,2032.341,6,107,-1095.79815
302,183.0,145.54586791992188,2.0,3,HOLD,1062.482,2445.641,8,149,-1494.88019
303,173.0,146.78684997558594,2.0,3,HOLD,867.857,1809.92,1,90,-847.2616399999998
304,182.0,148.01397705078125,2.0,3,HOLD,1033.386,2335.06,8,136,-1384.78922
305,175.0,149.0107421875,2.0,3,HOLD,899.271,1910.171,4,98,-976.92247
306,183.0,150.41983032226562,2.0,3,HOLD,1060.864,2441.835,8,148,-1486.6575300000002
307,184.0,151.47735595703125,2.0,3,HOLD,1084.666,2538.483,8,159,-1579.9459700000002
308,179.0,152.8831329345703,2.0,3,HOLD,962.359,2112.382,6,115,-1164.2547800000002
309,190.0,154.2188720703125,2.0,3,HOLD,1268.78,3234.869,12,178,-1850.4075500000001
310,172.0,155.56552124023438,2.0,3,HOLD,847.699,1747.096,1,85,-803.7372799999999
311,189.0,157.18087768554688,2.0,3,HOLD,1241.667,3128.744,12,177,-1836.57904
312,182.0,158.2017364501953,2.0,3,HOLD,1021.059,2301.508,7,133,-1338.84508
313,191.0,159.72308349609375,2.0,3,HOLD,1293.529,3335.641,12,179,-1863.9211300000002
314,190.0,160.85269165039062,2.0,3,HOLD,1256.505,3201.506,11,179,-1836.4739000000002
315,195.0,162.22702026367188,2.0,3,HOLD,1407.78,3780.105,13,182,-1932.3693500000002
316,181.0,163.50778198242188,2.0,3,HOLD,989.993,2202.619,7,122,-1245.29931
317,180.0,164.84280395507812,2.0,3,HOLD,973.184,2148.79,6,118,-1190.27168
318,186.0,165.61074829101562,2.0,3,HOLD,1139.818,2753.517,9,177,-1755.7807100000002
319,190.0,166.46246337890625,2.0,3,HOLD,1256.345,3201.348,11,179,-1836.4628000000002
320,192.0,167.52386474609375,2.0,3,HOLD,1313.556,3423.207,12,180,-1877.12997
321,193.0,168.65328979492188,2.0,3,HOLD,1341.773,3533.36,12,181,-1891.18196
322,187.0,169.695068359375,2.0,3,HOLD,1162.715,2848.149,9,178,-1769.40025
323,198.0,170.76168823242188,2.0,3,HOLD,1496.217,4123.26,15,183,-1999.7258399999998
324,187.0,171.67308044433594,2.0,3,HOLD,1161.692,2845.327,9,178,-1769.2386900000001
325,192.0,172.85299682617188,2.0,3,HOLD,1312.874,3421.51,12,180,-1877.03148
326,191.0,173.6499786376953,2.0,3,HOLD,1279.116,3296.19,11,180,-1850.09032
327,190.0,174.569091796875,2.0,3,HOLD,1248.996,3181.171,11,179,-1835.75697
328,205.0,175.52786254882812,2.0,3,HOLD,1704.077,4932.16,30,175,-2280.4880399999997
329,189.0,176.5128173828125,2.0,3,HOLD,1218.333,3064.818,10,179,-1809.3260599999999
330,200.0,177.8701171875,2.0,3,HOLD,1551.635,4342.677,26,174,-2159.98505
331,192.0,178.71878051757812,2.0,3,HOLD,1305.962,3402.474,12,180,-1875.94144
332,196.0,180.00839233398438,2.0,3,HOLD,1426.702,3865.578,14,182,-1957.47144
333,208.0,180.9175262451172,2.0,3,HOLD,1787.714,5257.995,31,177,-2334.41253
334,197.0,182.0828857421875,2.0,3,HOLD,1452.257,3968.804,14,183,-1971.1238399999997
335,209.0,183.42495727539065,2.0,3,HOLD,1815.962,5365.853,32,177,-2360.3703899999996
336,200.0,184.41082763671875,2.0,3,HOLD,1539.864,4309.927,24,176,-2134.07213
337,207.0,185.80479431152344,2.0,3,HOLD,1751.702,5128.524,30,177,-2307.21874
338,211.0,186.8989105224609,2.0,3,HOLD,1867.291,5566.999,32,179,-2387.4142699999998
339,214.0,188.1777801513672,2.0,3,HOLD,1954.744,5897.933,34,180,-2453.69003
340,210.0,189.4411773681641,2.0,3,HOLD,1833.289,5443.123,31,179,-2360.5404299999996
341,195.0,190.7095184326172,2.0,3,HOLD,1388.282,3726.975,13,182,-1929.7728900000002
342,196.0,191.7131500244141,2.0,3,HOLD,1418.09,3841.937,14,182,-1956.11715
343,197.0,192.3846435546875,2.0,3,HOLD,1447.387,3955.556,14,183,-1970.36404
344,206.0,193.14942932128903,2.0,3,HOLD,1719.601,5009.028,30,176,-2292.62192
345,208.0,193.8394775390625,2.0,3,HOLD,1773.242,5217.636,30,178,-2320.08514
346,206.0,194.7377014160156,2.0,3,HOLD,1712.004,4987.703,28,178,-2267.36373
347,220.0,195.63255310058597,2.0,3,HOLD,2136.736,6579.873,40,180,-2611.42687
348,207.0,196.43649291992188,2.0,3,HOLD,1740.79,5098.034,29,178,-2293.456
349,205.0,197.76641845703125,2.0,3,HOLD,1680.822,4867.422,28,177,-2252.74604
350,208.0,198.43356323242188,2.0,3,HOLD,1771.582,5213.011,30,178,-2319.8206899999996
351,222.0,199.22506713867188,2.0,3,HOLD,2194.11,6797.902,42,180,-2663.4758
352,211.0,200.18821716308597,2.0,3,HOLD,1857.323,5539.097,32,179,-2385.81981
353,218.0,201.41490173339844,2.0,3,HOLD,2069.245,6333.432,38,180,-2557.755
354,209.0,202.19662475585935,2.0,3,HOLD,1797.052,5312.931,30,179,-2333.30609
355,220.0,203.2923126220703,2.0,3,HOLD,2130.538,6562.445,40,180,-2610.43151
356,208.0,204.1135406494141,2.0,3,HOLD,1766.471,5198.57,30,178,-2318.99642
357,209.0,205.2821350097656,2.0,3,HOLD,1796.172,5310.499,30,179,-2333.16689
358,213.0,205.9535980224609,2.0,3,HOLD,1916.604,5762.458,34,179,-2438.17348
359,213.0,206.82107543945312,2.0,3,HOLD,1913.194,5752.832,33,180,-2425.60398
360,229.0,207.62454223632807,2.0,3,HOLD,2398.702,7571.504,47,182,-2822.20774
361,228.0,208.40879821777344,2.0,3,HOLD,2356.698,7425.031,44,184,-2770.00401
362,223.0,209.6762542724609,2.0,3,HOLD,2207.912,6864.982,40,183,-2651.04584
363,225.0,210.7612152099609,2.0,3,HOLD,2268.069,7090.848,42,183,-2703.5422799999997
364,227.0,211.8162841796875,2.0,3,HOLD,2326.728,7312.515,43,184,-2743.7788100000002
365,213.0,212.90890502929688,2.0,3,HOLD,1909.901,5743.737,33,180,-2425.08337
366,231.0,214.1446075439453,2.0,3,HOLD,2455.906,7789.226,48,183,-2862.21792
367,223.0,214.6923675537109,2.0,3,HOLD,2205.165,6857.43,40,183,-2651.0633000000007
368,231.0,216.1234130859375,2.0,3,HOLD,2447.347,7765.203,47,184,-2849.27559
369,217.0,216.9535217285156,2.0,3,HOLD,2026.165,6184.168,36,181,-2517.8602
370,227.0,218.05191040039065,2.0,3,HOLD,2329.28,7319.94,44,183,-2756.6711
371,227.0,218.79183959960935,2.0,3,HOLD,2321.399,7297.78,43,184,-2743.3854800000004
372,229.0,219.7364196777344,2.0,3,HOLD,2381.632,7523.856,45,184,-2795.8939400000004
373,223.0,220.754150390625,2.0,3,HOLD,2201.858,6848.326,40,183,-2650.54196
374,232.0,221.57501220703125,2.0,3,HOLD,2476.168,7873.24,48,184,-2875.2538600000003
375,238.0,222.3021240234375,2.0,3,HOLD,2652.707,8538.166,51,187,-2995.9709400000006
376,241.0,223.3109436035156,2.0,3,HOLD,2739.617,8866.7,53,188,-3062.11584
377,226.0,224.54672241210935,2.0,3,HOLD,2293.474,7185.942,42,184,-2717.6850799999997
378,223.0,225.6977386474609,2.0,3,HOLD,2207.542,6857.01,40,183,-2651.53984
379,241.0,226.3719024658203,2.0,3,HOLD,2752.963,8900.305,55,186,-3088.5530099999996
380,240.0,227.20001220703125,2.0,3,HOLD,2711.018,8752.312,52,188,-3036.72446
381,245.0,228.61448669433597,2.0,3,HOLD,2863.534,9321.395,56,189,-3156.2089300000007
382,240.0,229.634521484375,2.0,3,HOLD,2712.051,8752.776,52,188,-3036.76832
383,245.0,230.9157257080078,2.0,3,HOLD,2864.434,9321.698,56,189,-3156.242080000001
384,233.0,231.90008544921875,2.0,3,HOLD,2505.579,7971.629,47,186,-2877.62153
385,237.0,233.3017425537109,2.0,3,HOLD,2626.614,8425.04,51,186,-2982.71278
386,246.0,234.0463714599609,2.0,3,HOLD,2898.032,9441.75,58,188,-3195.3866399999997
387,240.0,235.1665802001953,2.0,3,HOLD,2713.033,8751.447,52,188,-3037.1715099999997
388,238.0,236.45416259765625,2.0,3,HOLD,2653.949,8527.748,51,187,-2996.8248800000006
389,249.0,237.25059509277344,2.0,3,HOLD,2987.916,9778.267,60,189,-3261.99017
390,244.0,238.30067443847656,2.0,3,HOLD,2831.924,9196.964,55,189,-3130.2551800000006
391,242.0,239.48634338378903,2.0,3,HOLD,2772.101,8972.032,53,189,-3077.8121200000005
392,235.0,240.4942626953125,2.0,3,HOLD,2568.398,8199.43,49,186,-2931.16796
393,244.0,241.3482208251953,2.0,3,HOLD,2837.819,9212.773,56,188,-3143.18353
394,244.0,241.98779296875,2.0,3,HOLD,2831.436,9194.084,55,189,-3130.101420000001
395,255.0,243.08018493652344,2.0,3,HOLD,3164.806,10443.397,64,191,-3395.194470000001
396,241.0,243.7671813964844,2.0,3,HOLD,2743.35,8861.085,53,188,-3063.7097500000004
397,249.0,244.9792938232422,2.0,3,HOLD,2984.368,9765.424,60,189,-3261.7270600000006
398,249.0,245.3949737548828,2.0,3,HOLD,2978.135,9747.919,58,191,-3236.6871500000007
399,250.0,246.39727783203125,2.0,3,HOLD,3008.136,9860.463,59,191,-3262.9143700000004
400,251.0,247.2291259765625,2.0,3,HOLD,3037.229,9970.717,60,191,-3289.008930000001
401,569.0,248.10775756835935,2.0,3,HOLD,12709.807,46164.656,330,239,-11075.19744
402,682.0,249.04605102539065,2.0,3,HOLD,15916.17,58368.908,378,304,-13228.237299999999
403,536.0,261.5877990722656,2.0,3,HOLD,11481.095,41780.589,259,277,-9714.659849999998
404,514.0,274.39434814453125,2.0,3,HOLD,10818.471,39298.5,244,270,-9221.44292
405,661.0,282.3347473144531,2.0,3,HOLD,15295.473,56035.861,369,292,-12823.41101
406,526.0,292.5332946777344,2.0,3,HOLD,11163.572,40610.051,252,274,-9485.84249
407,658.0,308.5811462402344,2.0,3,HOLD,15177.94,55624.499,364,294,-12716.452249999998
408,682.0,316.3797607421875,2.0,3,HOLD,15805.653,58067.823,365,317,-13054.712709999998
409,590.0,330.6641845703125,2.0,3,HOLD,13042.205,47703.706,297,293,-10929.717899999998
410,645.0,343.84246826171875,2.0,3,HOLD,14710.639,53948.792,344,301,-12279.180879999998
411,581.0,352.46343994140625,2.0,3,HOLD,12760.367,46660.414,291,290,-10727.976539999998
412,500.0,363.80126953125,2.0,3,HOLD,10343.984,37582.131,234,266,-8894.21473
413,694.0,372.0205383300781,2.0,3,HOLD,16253.878,59674.699,399,295,-13648.461009999999
414,516.0,375.8756713867188,2.0,3,HOLD,10811.99,39351.263,245,271,-9251.931449999998
415,606.0,388.90716552734375,2.0,3,HOLD,13547.701,49584.867,322,284,-11462.065869999999
416,550.0,390.6128540039063,2.0,3,HOLD,11813.602,43129.064,269,281,-10020.65374
417,663.0,398.89599609375,2.0,3,HOLD,15253.69,55991.529,365,298,-12788.23875
418,532.0,402.2733459472656,2.0,3,HOLD,11270.686,41096.272,256,276,-9608.255819999998
419,600.0,410.9826049804688,2.0,3,HOLD,13338.407,48830.243,314,286,-11276.108789999998
420,541.0,412.5589599609375,2.0,3,HOLD,11531.668,42085.525,263,278,-9818.898109999998
421,644.0,418.6202087402344,2.0,3,HOLD,14668.292,53812.226,350,294,-12335.645639999999
422,512.0,420.35943603515625,2.0,3,HOLD,10664.112,38828.974,242,270,-9154.87944
423,532.0,426.8863525390625,2.0,3,HOLD,11269.688,41096.993,259,273,-9645.23191
424,642.0,426.6212768554688,2.0,3,HOLD,14608.86,53589.828,350,292,-12308.277100000001
425,570.0,428.0059814453125,2.0,3,HOLD,12384.114,45302.922,283,287,-10469.53688
426,574.0,433.31781005859375,2.0,3,HOLD,12502.625,45749.777,286,288,-10561.56385
427,530.0,433.6285400390625,2.0,3,HOLD,11190.823,40819.779,255,275,-9565.087910000002
428,545.0,435.9710388183594,2.0,3,HOLD,11646.664,42525.092,268,277,-9935.430380000002
429,655.0,436.0777587890625,2.0,3,HOLD,14989.345,55027.844,359,296,-12599.0416
430,515.0,436.5095520019531,2.0,3,HOLD,10744.103,39139.508,244,271,-9220.219960000002
431,511.0,441.1007690429688,2.0,3,HOLD,10623.068,38686.001,242,269,-9139.163910000001
432,684.0,439.3279113769531,2.0,3,HOLD,15896.969,58398.635,389,295,-13377.753630000001
433,540.0,438.3018798828125,2.0,3,HOLD,11485.195,41930.326,262,278,-9790.442700000001
434,617.0,444.502197265625,2.0,3,HOLD,13828.964,50694.077,327,290,-11671.265630000002
435,600.0,442.0760803222656,2.0,3,HOLD,13267.196,48634.479,304,296,-11144.93037
436,588.0,445.2119140625,2.0,3,HOLD,12908.267,47287.095,296,292,-10878.462590000001
437,531.0,446.7312927246094,2.0,3,HOLD,11213.767,40912.554,256,275,-9590.185540000002
438,665.0,448.5390930175781,2.0,3,HOLD,15296.654,56175.885,370,295,-12874.609830000003
439,619.0,447.49847412109375,2.0,3,HOLD,13828.749,50750.341,317,302,-11569.83453
440,611.0,452.322509765625,2.0,3,HOLD,13587.686,49847.481,312,299,-11395.930270000003
441,603.0,453.8559875488281,2.0,3,HOLD,13348.762,48950.164,306,297,-11210.325940000002
442,550.0,456.0159301757813,2.0,3,HOLD,11771.09,43018.909,269,281,-10014.529750000002
443,557.0,458.861328125,2.0,3,HOLD,11982.677,43811.771,275,282,-10186.384590000001
444,671.0,459.7586059570313,2.0,3,HOLD,15452.807,56785.864,371,300,-12968.131840000002
445,584.0,461.085205078125,2.0,3,HOLD,12778.986,46812.993,293,291,-10784.191870000002
446,626.0,466.9097290039063,2.0,3,HOLD,14055.818,51589.108,329,297,-11816.414260000003
447,642.0,467.8929138183594,2.0,3,HOLD,14511.533,53322.093,336,306,-12123.99781
448,693.0,472.26995849609375,2.0,3,HOLD,16051.725,59092.461,377,316,-13343.120050000001
449,558.0,476.4147644042969,2.0,3,HOLD,11995.758,43879.287,275,283,-10198.002010000002
450,635.0,482.08544921875,2.0,3,HOLD,14339.872,52643.931,340,295,-12078.876490000002
451,576.0,483.3997192382813,2.0,3,HOLD,12526.554,45880.676,287,289,-10596.56738
452,603.0,489.2175903320313,2.0,3,HOLD,13346.027,48947.542,310,293,-11258.22014
453,580.0,493.043701171875,2.0,3,HOLD,12639.249,46311.8,290,290,-10688.35748
454,621.0,498.2056274414063,2.0,3,HOLD,13886.021,50975.08,325,296,-11694.336920000002
455,592.0,502.68408203125,2.0,3,HOLD,12989.874,47637.665,298,294,-10953.58323
456,648.0,508.5011596679688,2.0,3,HOLD,14693.583,54009.1,346,302,-12330.069160000001
457,672.0,513.26123046875,2.0,3,HOLD,15380.271,56617.807,358,314,-12809.998270000002
458,601.0,519.13916015625,2.0,3,HOLD,13246.846,48616.527,305,296,-11163.625770000002
459,647.0,525.5508422851562,2.0,3,HOLD,14645.26,53847.455,344,303,-12289.00045
460,572.0,529.1585693359375,2.0,3,HOLD,12377.847,45356.239,284,288,-10499.39139
461,657.0,534.0888671875,2.0,3,HOLD,14966.37,55033.734,357,300,-12590.796600000001
462,694.0,533.062744140625,2.0,3,HOLD,16031.45,59072.39,375,319,-13325.651000000002
463,655.0,537.6756591796875,2.0,3,HOLD,14840.806,54624.766,343,312,-12383.596920000002
464,565.0,543.3236083984375,2.0,3,HOLD,12160.453,44549.489,280,285,-10350.766010000001
465,685.0,545.3323974609375,2.0,3,HOLD,15818.057,58220.175,382,303,-13291.092390000002
466,579.0,543.1251220703125,2.0,3,HOLD,12576.955,46115.609,289,290,-10657.302050000002
467,522.0,548.1323852539062,2.0,3,HOLD,10899.041,39782.463,249,273,-9371.426470000002
468,666.0,546.2155151367188,2.0,3,HOLD,15270.405,56144.302,372,294,-12904.525700000002
469,623.0,544.9047241210938,2.0,3,HOLD,13884.398,51033.652,320,303,-11653.09306
470,517.0,548.0137939453125,2.0,3,HOLD,10754.206,39232.757,246,271,-9265.084470000002
471,692.0,547.510986328125,2.0,3,HOLD,16066.077,59115.379,395,297,-13552.932990000003
472,645.0,545.39794921875,2.0,3,HOLD,14538.378,53493.341,336,309,-12157.037110000001
473,692.0,548.476806640625,2.0,3,HOLD,15969.449,58843.833,375,317,-13297.023130000001
474,571.0,546.0821533203125,2.0,3,HOLD,12337.106,45215.894,284,287,-10483.579320000003
475,681.0,550.4932861328125,2.0,3,HOLD,15688.238,57743.028,377,304,-13172.618660000002
476,679.0,547.1353759765625,2.0,3,HOLD,15548.439,57293.037,359,320,-12915.003130000001
477,517.0,549.9591064453125,2.0,3,HOLD,10754.386,39233.071,246,271,-9265.103770000002
478,544.0,550.086669921875,2.0,3,HOLD,11556.851,42258.608,269,275,-9924.34992
479,673.0,549.4637451171875,2.0,3,HOLD,15465.23,56890.093,374,299,-13025.611750000002
480,623.0,547.13720703125,2.0,3,HOLD,13882.947,51029.892,320,303,-11652.87604
481,625.0,549.7738647460938,2.0,3,HOLD,13942.215,51253.352,322,303,-11705.234400000001
482,633.0,547.801025390625,2.0,3,HOLD,14185.925,52164.062,328,305,-11891.604100000002
483,688.0,549.5270385742188,2.0,3,HOLD,15855.803,58411.566,374,314,-13229.196860000004
484,631.0,548.6431884765625,2.0,3,HOLD,14119.896,51922.09,326,305,-11838.18492
485,680.0,549.340087890625,2.0,3,HOLD,15613.497,57504.494,367,313,-13031.017140000002
486,504.0,549.8424682617188,2.0,3,HOLD,10377.764,37803.744,237,267,-8974.18498
487,634.0,551.889404296875,2.0,3,HOLD,14304.508,52526.285,347,287,-12148.446910000002
488,555.0,549.32763671875,2.0,3,HOLD,11859.142,43420.958,273,282,-10124.37324
489,539.0,551.0419921875,2.0,3,HOLD,11391.746,41651.931,261,278,-9754.653970000001
490,681.0,549.258544921875,2.0,3,HOLD,15713.041,57812.587,382,299,-13236.69267
491,643.0,549.50048828125,2.0,3,HOLD,14476.229,53262.748,334,309,-12104.26448
492,508.0,551.2393798828125,2.0,3,HOLD,10493.692,38243.614,240,268,-9066.477040000002
493,642.0,550.4625244140625,2.0,3,HOLD,14546.363,53431.858,354,288,-12346.542660000001
494,511.0,549.6478271484375,2.0,3,HOLD,10580.605,38573.458,242,269,-9132.687500000002
495,686.0,551.0216064453125,2.0,3,HOLD,15885.35,58438.416,390,296,-13407.490300000001
496,667.0,548.4764404296875,2.0,3,HOLD,15190.677,55948.676,351,316,-12648.709840000001
497,604.0,550.7857666015625,2.0,3,HOLD,13315.498,48898.752,307,297,-11227.090060000002
498,691.0,552.052001953125,2.0,3,HOLD,15967.384,58810.319,381,310,-13359.446130000002
499,510.0,549.6314697265625,2.0,3,HOLD,10551.634,38463.51,241,269,-9106.610680000002
500,523.0,553.5524291992188,2.0,3,HOLD,10938.006,39920.25,252,271,-9423.13512
501,585.0,551.219482421875,2.0,3,HOLD,12796.639,46903.769,303,282,-10917.26373
502,573.0,550.6961669921875,2.0,3,HOLD,12393.588,45431.806,285,288,-10523.48456
503,557.0,551.580078125,2.0,3,HOLD,11917.159,43640.848,274,283,-10164.508080000001
504,534.0,550.8182373046875,2.0,3,HOLD,11246.936,41102.266,258,276,-9648.314520000002
505,505.0,549.3663330078125,2.0,3,HOLD,10406.779,37913.769,237,268,-8988.246530000002
506,580.0,549.84814453125,2.0,3,HOLD,12658.576,46374.283,301,279,-10824.08817
507,648.0,547.3882446289062,2.0,3,HOLD,14677.307,53968.909,348,300,-12351.774090000003
508,695.0,547.20849609375,2.0,3,HOLD,16059.496,59181.494,378,317,-13375.707120000003
509,581.0,547.1632080078125,2.0,3,HOLD,12633.812,46332.491,291,290,-10709.283290000001
510,661.0,550.40869140625,2.0,3,HOLD,15070.975,55443.071,359,302,-12669.315550000001
511,668.0,547.603271484375,2.0,3,HOLD,15226.235,56076.75,353,315,-12687.844700000001
512,601.0,550.1209716796875,2.0,3,HOLD,13226.708,48564.346,305,296,-11160.61396
513,517.0,551.1272583007812,2.0,3,HOLD,10754.43,39233.147,246,271,-9265.108450000002
514,520.0,551.929443359375,2.0,3,HOLD,10843.593,39569.318,248,272,-9331.680260000001
515,695.0,550.51416015625,2.0,3,HOLD,16153.348,59445.847,397,298,-13619.181810000002
516,644.0,549.5285034179688,2.0,3,HOLD,14505.952,53374.542,335,309,-12130.44864
517,669.0,551.6908569335938,2.0,3,HOLD,15266.819,56219.665,356,313,-12739.84213
518,602.0,551.3504638671875,2.0,3,HOLD,13255.649,48674.117,305,297,-11174.661330000003
519,670.0,553.2672119140625,2.0,3,HOLD,15327.785,56419.528,363,307,-12843.174600000002
520,648.0,551.695068359375,2.0,3,HOLD,14623.507,53818.261,338,310,-12222.96569
521,619.0,553.9177856445312,2.0,3,HOLD,13759.576,50571.104,317,302,-11559.489220000001
522,547.0,553.1852416992188,2.0,3,HOLD,11623.519,42531.526,267,280,-9939.22918
523,504.0,553.6002197265625,2.0,3,HOLD,10377.77,37803.754,237,267,-8974.1856
524,684.0,553.2318115234375,2.0,3,HOLD,15828.181,58221.553,390,294,-13379.54377
525,551.0,551.4373779296875,2.0,3,HOLD,11739.341,42971.211,270,281,-10031.509870000002
526,633.0,552.941650390625,2.0,3,HOLD,14238.083,52311.451,339,294,-12032.236710000001
527,640.0,551.9776611328125,2.0,3,HOLD,14390.646,52937.811,333,307,-12050.345970000002
528,551.0,553.0394287109375,2.0,3,HOLD,11739.341,42971.211,270,281,-10031.509870000002
529,550.0,552.7423095703125,2.0,3,HOLD,11710.37,42861.263,269,281,-10005.433050000001
530,543.0,552.5798950195312,2.0,3,HOLD,11507.574,42091.626,264,279,-9846.935280000002
531,595.0,553.0858764648438,2.0,3,HOLD,13085.335,47997.956,308,287,-11117.647000000003
532,515.0,550.2744140625,2.0,3,HOLD,10696.372,39013.047,244,271,-9212.94229
533,627.0,551.86767578125,2.0,3,HOLD,14082.836,51705.472,340,287,-11962.972820000003
534,656.0,548.6873779296875,2.0,3,HOLD,14885.14,54779.215,348,308,-12460.28605
535,685.0,550.7421875,2.0,3,HOLD,15746.29,58019.167,368,317,-13111.326650000003
536,669.0,549.315185546875,2.0,3,HOLD,15249.613,56170.947,352,317,-12688.98211
537,612.0,550.7279663085938,2.0,3,HOLD,13553.463,49793.584,312,300,-11400.530960000002
538,503.0,552.9464111328125,2.0,3,HOLD,10348.721,37693.669,236,267,-8948.100370000002
539,558.0,552.4970703125,2.0,3,HOLD,11987.554,43867.127,283,275,-10293.389930000001
540,665.0,549.43408203125,2.0,3,HOLD,15210.822,55949.016,366,299,-12813.469740000002
541,695.0,549.82861328125,2.0,3,HOLD,16045.043,59141.233,375,320,-13337.345010000001
542,610.0,550.7042846679688,2.0,3,HOLD,13493.997,49569.94,311,299,-11360.179440000004
543,511.0,551.6834716796875,2.0,3,HOLD,10580.337,38572.99,242,269,-9132.65874
544,565.0,550.5782470703125,2.0,3,HOLD,12196.238,44651.143,288,277,-10452.724410000003
545,646.0,549.0501708984375,2.0,3,HOLD,14626.495,53769.84,348,298,-12324.844400000002
546,619.0,547.779052734375,2.0,3,HOLD,13763.566,50581.443,317,302,-11560.08597
547,623.0,550.3441162109375,2.0,3,HOLD,13883.863,51032.925,321,302,-11665.06601
548,582.0,547.8121337890625,2.0,3,HOLD,12663.131,46443.24,291,291,-10723.387120000001
549,624.0,549.4063720703125,2.0,3,HOLD,13942.713,51226.479,327,297,-11756.020710000003
550,645.0,548.2918701171875,2.0,3,HOLD,14552.247,53532.751,339,306,-12195.344990000001
551,620.0,547.6373291015625,2.0,3,HOLD,13793.399,50693.524,318,302,-11586.28668
552,565.0,549.272216796875,2.0,3,HOLD,12156.587,44539.47,280,285,-10350.187740000001
553,529.0,550.5823974609375,2.0,3,HOLD,11101.718,40551.891,254,275,-9529.91141
554,518.0,548.27392578125,2.0,3,HOLD,10783.207,39342.756,247,271,-9291.16444
555,511.0,548.7994384765625,2.0,3,HOLD,10580.41,38573.119,242,269,-9132.666650000001
556,644.0,545.549072265625,2.0,3,HOLD,14608.289,53661.709,355,289,-12387.253730000002
557,530.0,544.3480224609375,2.0,3,HOLD,11130.957,40662.308,255,275,-9556.01704
558,531.0,546.2564697265625,2.0,3,HOLD,11160.678,40774.365,256,275,-9582.214310000001
559,663.0,543.0278930664062,2.0,3,HOLD,15174.255,55788.841,368,295,-12812.809650000001
560,563.0,543.20947265625,2.0,3,HOLD,12101.046,44325.997,278,285,-10298.403270000003
561,552.0,544.5441284179688,2.0,3,HOLD,11773.463,43094.248,270,282,-10046.32416
562,626.0,542.9631958007812,2.0,3,HOLD,14030.383,51528.495,333,293,-11860.95491
563,694.0,542.7633666992188,2.0,3,HOLD,16048.395,59121.423,380,314,-13388.541550000002
564,504.0,544.2201538085938,2.0,3,HOLD,10378.094,37804.32,237,267,-8974.22038
565,532.0,547.5919799804688,2.0,3,HOLD,11210.28,40941.914,261,271,-9659.663800000002
566,690.0,545.6544799804688,2.0,3,HOLD,15995.052,58858.974,391,299,-13474.652240000003
567,617.0,544.3013916015625,2.0,3,HOLD,13706.345,50363.617,316,301,-11520.07025
568,582.0,547.20703125,2.0,3,HOLD,12663.525,46444.259,291,291,-10723.445950000001
569,640.0,546.954345703125,2.0,3,HOLD,14432.161,53053.818,341,299,-12153.136620000001
570,662.0,547.556640625,2.0,3,HOLD,15059.07,55437.409,351,311,-12580.61435
571,673.0,547.26611328125,2.0,3,HOLD,15378.159,56644.962,357,316,-12807.273780000001
572,510.0,548.20751953125,2.0,3,HOLD,10551.92,38464.009,241,269,-9106.641350000002
573,667.0,550.566650390625,2.0,3,HOLD,15307.068,56276.23,374,293,-12943.87536
574,501.0,548.09033203125,2.0,3,HOLD,10291.182,37474.475,235,266,-8908.009890000001
575,676.0,550.8902587890625,2.0,3,HOLD,15588.026,57320.219,383,293,-13181.69397
576,617.0,545.9373168945312,2.0,3,HOLD,13705.282,50360.862,316,301,-11519.911240000001
577,584.0,549.822509765625,2.0,3,HOLD,12721.306,46663.538,293,291,-10775.565520000002
578,697.0,549.1353759765625,2.0,3,HOLD,16167.226,59541.11,389,308,-13544.022520000002
579,624.0,548.4307861328125,2.0,3,HOLD,13911.847,51139.555,321,303,-11678.93719
580,684.0,549.4993896484375,2.0,3,HOLD,15740.607,57974.789,372,312,-13149.094090000002
581,693.0,548.8643188476562,2.0,3,HOLD,15970.438,58874.889,370,323,-13246.475710000002
582,593.0,550.1824951171875,2.0,3,HOLD,12988.74,47669.508,299,294,-10975.152699999999
583,569.0,552.2974853515625,2.0,3,HOLD,12273.584,44981.742,282,287,-10430.60128
584,696.0,551.5447998046875,2.0,3,HOLD,16146.419,59454.733,390,306,-13543.327530000002
585,646.0,548.729736328125,2.0,3,HOLD,14565.953,53599.571,336,310,-12170.88011
586,700.0,553.127197265625,2.0,3,HOLD,16209.604,59745.496,382,318,-13494.88938
587,676.0,551.4447021484375,2.0,3,HOLD,15456.415,56950.253,357,319,-12848.043450000001
588,530.0,553.4496459960938,2.0,3,HOLD,11131.338,40662.973,255,275,-9556.057910000001
589,693.0,555.6234130859375,2.0,3,HOLD,16081.545,59188.253,394,299,-13552.846050000002
590,515.0,552.6766357421875,2.0,3,HOLD,10696.774,39013.75,244,271,-9212.985480000001
591,579.0,556.3008422851562,2.0,3,HOLD,12616.391,46228.377,299,280,-10783.929170000001
592,651.0,553.2066650390625,2.0,3,HOLD,14765.747,54303.07,351,300,-12430.250940000002
593,646.0,554.201171875,2.0,3,HOLD,14562.397,53590.356,336,310,-12170.34824
594,533.0,553.8592529296875,2.0,3,HOLD,11218.055,40992.475,257,276,-9622.247350000001
595,569.0,554.6693725585938,2.0,3,HOLD,12299.042,45053.662,288,281,-10506.82644
596,647.0,552.3357543945312,2.0,3,HOLD,14651.85,53869.822,349,298,-12350.350600000002
597,574.0,551.921875,2.0,3,HOLD,12422.533,45541.584,286,288,-10549.552360000001
598,538.0,553.3131103515625,2.0,3,HOLD,11362.951,41542.288,261,277,-9740.615920000002
599,609.0,552.6748657226562,2.0,3,HOLD,13516.225,49604.5,321,288,-11474.572000000002
600,629.0,549.9097900390625,2.0,3,HOLD,14074.59,51738.448,327,302,-11824.1567
601,607.0,549.3948974609375,2.0,3,HOLD,13405.625,49236.62,309,298,-11293.766000000001
602,610.0,549.7633056640625,2.0,3,HOLD,13496.858,49577.851,311,299,-11360.632210000002
603,533.0,550.25830078125,2.0,3,HOLD,11218.126,40992.599,257,276,-9622.25497
604,639.0,551.0115966796875,2.0,3,HOLD,14435.783,53036.363,347,292,-12216.476310000002
605,553.0,547.686767578125,2.0,3,HOLD,11800.998,43200.512,271,282,-10072.18806
606,671.0,548.5516357421875,2.0,3,HOLD,15398.091,56644.749,371,300,-12959.981770000002
607,659.0,546.7618408203125,2.0,3,HOLD,14953.864,55056.83,345,314,-12463.421280000002
608,660.0,548.0083618164062,2.0,3,HOLD,14983.545,55168.681,346,314,-12489.607450000001
609,615.0,548.2274169921875,2.0,3,HOLD,13644.311,50133.321,315,300,-11479.334770000001
610,598.0,547.8743896484375,2.0,3,HOLD,13138.945,48232.604,303,295,-11094.2916
611,627.0,547.40673828125,2.0,3,HOLD,14023.486,51537.959,327,300,-11797.15017
612,654.0,547.210205078125,2.0,3,HOLD,14825.118,54553.802,346,308,-12407.814960000002
613,588.0,547.879638671875,2.0,3,HOLD,12841.533,47114.177,296,292,-10868.482010000002
614,656.0,549.0126342773438,2.0,3,HOLD,14914.178,54860.908,353,303,-12525.05146
615,578.0,547.944580078125,2.0,3,HOLD,12544.081,45995.65,289,289,-10642.66662
616,692.0,549.9005126953125,2.0,3,HOLD,16018.774,58982.721,386,306,-13437.174030000002
617,630.0,547.5703735351562,2.0,3,HOLD,14090.852,51812.055,325,305,-11812.10229
618,549.0,551.9100952148438,2.0,3,HOLD,11681.739,42751.907,268,281,-9979.392630000002
619,604.0,552.0120849609375,2.0,3,HOLD,13355.951,49012.668,315,289,-11329.754920000003
620,662.0,549.8256225585938,2.0,3,HOLD,15084.595,55509.502,356,306,-12644.829500000002
621,668.0,551.7581787109375,2.0,3,HOLD,15222.784,56067.643,352,316,-12675.30033
622,666.0,552.6776733398438,2.0,3,HOLD,15158.205,55829.759,350,316,-12622.114550000002
623,545.0,552.7902221679688,2.0,3,HOLD,11565.855,42312.115,266,279,-9899.125350000002
624,657.0,553.97705078125,2.0,3,HOLD,14973.692,55057.174,361,296,-12640.195040000002
625,650.0,554.1226806640625,2.0,3,HOLD,14681.411,54037.856,339,311,-12263.08352
626,558.0,555.0127563476562,2.0,3,HOLD,11944.669,43746.909,275,283,-10190.361330000002
627,504.0,554.7792358398438,2.0,3,HOLD,10378.048,37804.24,237,267,-8974.215460000001
628,617.0,555.26123046875,2.0,3,HOLD,13783.971,50583.447,333,284,-11736.954270000002
629,670.0,553.530517578125,2.0,3,HOLD,15316.364,56387.453,361,309,-12817.30243
630,619.0,553.6679077148438,2.0,3,HOLD,13759.739,50571.525,317,302,-11559.51353
631,523.0,554.6820068359375,2.0,3,HOLD,10928.495,39893.255,250,273,-9397.555150000002
632,573.0,554.83349609375,2.0,3,HOLD,12428.399,45530.275,293,280,-10625.26423
633,629.0,554.6178588867188,2.0,3,HOLD,14098.53,51806.433,333,296,-11900.154750000002
634,671.0,552.6112060546875,2.0,3,HOLD,15338.453,56477.647,360,311,-12818.21391
635,620.0,555.1632080078125,2.0,3,HOLD,13788.508,50680.848,318,302,-11585.55506
636,555.0,554.28173828125,2.0,3,HOLD,11856.031,43412.806,273,282,-10123.90342
637,546.0,555.916748046875,2.0,3,HOLD,11594.826,42422.063,266,280,-9913.182170000002
638,503.0,555.0323486328125,2.0,3,HOLD,10348.971,37694.106,236,267,-8948.12722
639,638.0,553.7847900390625,2.0,3,HOLD,14425.99,52981.004,351,287,-12253.612500000001
640,605.0,552.3788452148438,2.0,3,HOLD,13344.204,49007.911,308,297,-11253.122130000003
641,622.0,552.79638671875,2.0,3,HOLD,13862.278,50944.367,322,300,-11664.24641
642,579.0,552.000244140625,2.0,3,HOLD,12571.186,46100.661,289,290,-10656.43927
643,587.0,552.8193969726562,2.0,3,HOLD,12814.581,47010.886,296,291,-10854.798420000001
644,500.0,551.4884033203125,2.0,3,HOLD,10262.155,37364.43,234,266,-8881.9271
645,512.0,550.1719970703125,2.0,3,HOLD,10618.806,38709.113,244,268,-9172.254270000001
646,511.0,548.769287109375,2.0,3,HOLD,10580.835,38573.86,242,269,-9132.712200000002
647,530.0,546.8698120117188,2.0,3,HOLD,11145.532,40702.942,258,272,-9594.400240000003
648,500.0,545.706298828125,2.0,3,HOLD,10262.155,37364.43,234,266,-8881.9271
649,659.0,545.599853515625,2.0,3,HOLD,15073.869,55394.078,369,290,-12771.163780000003
650,615.0,540.6466064453125,2.0,3,HOLD,13649.239,50146.089,315,300,-11480.071730000001
651,611.0,544.5890502929688,2.0,3,HOLD,13527.713,49692.081,312,299,-11386.960810000002
652,697.0,542.643310546875,2.0,3,HOLD,16151.195,59495.108,385,312,-13493.321800000002
653,532.0,542.0028686523438,2.0,3,HOLD,11189.224,40882.772,256,276,-9596.185580000001
654,605.0,545.22265625,2.0,3,HOLD,13403.605,49173.902,318,287,-11382.809700000002
655,695.0,544.1268310546875,2.0,3,HOLD,16093.749,59277.361,384,311,-13453.305530000001
656,519.0,543.99853515625,2.0,3,HOLD,10812.602,39453.445,247,272,-9305.266790000001
657,512.0,546.51708984375,2.0,3,HOLD,10609.806,38683.808,242,270,-9146.769020000002
658,676.0,545.537841796875,2.0,3,HOLD,15583.255,57306.037,382,294,-13168.86945
659,582.0,544.3958129882812,2.0,3,HOLD,12665.352,46448.994,291,291,-10723.719240000002
660,694.0,546.840087890625,2.0,3,HOLD,16078.745,59207.342,387,307,-13477.5845
661,695.0,545.3790283203125,2.0,3,HOLD,16026.185,59087.573,371,324,-13286.204850000002
662,570.0,548.0667724609375,2.0,3,HOLD,12306.075,45100.709,283,287,-10457.19945
663,642.0,550.173583984375,2.0,3,HOLD,14500.051,53301.602,344,298,-12218.903620000001
664,632.0,549.5052490234375,2.0,3,HOLD,14149.076,52032.48,326,306,-11852.268020000001
665,689.0,550.1613159179688,2.0,3,HOLD,15886.632,58526.558,375,314,-13255.563040000003
666,693.0,551.701416015625,2.0,3,HOLD,15964.844,58859.567,370,323,-13245.597730000001
667,588.0,552.0291137695312,2.0,3,HOLD,12838.836,47107.189,296,292,-10868.07867
668,642.0,554.591796875,2.0,3,HOLD,14483.679,53256.203,342,300,-12192.266230000001
669,515.0,553.4488525390625,2.0,3,HOLD,10696.719,39013.653,244,271,-9212.97953
670,691.0,555.8370361328125,2.0,3,HOLD,16031.674,58991.623,394,297,-13526.057130000003
671,657.0,552.7576904296875,2.0,3,HOLD,14890.485,54823.047,344,313,-12422.484550000001
672,594.0,554.984130859375,2.0,3,HOLD,13015.36,47773.262,300,294,-11000.8728
673,521.0,555.2418212890625,2.0,3,HOLD,10870.522,39673.304,249,272,-9357.418140000002
674,526.0,555.6558837890625,2.0,3,HOLD,11019.127,40233.589,253,273,-9476.38449
675,628.0,553.4581298828125,2.0,3,HOLD,14104.043,51793.547,339,289,-11963.760710000002
676,636.0,552.9351806640625,2.0,3,HOLD,14271.81,52490.94,330,306,-11957.645700000003
677,552.0,552.2852783203125,2.0,3,HOLD,11768.392,43081.298,270,282,-10045.575240000002
678,586.0,553.75,2.0,3,HOLD,12803.735,46952.304,299,287,-10879.7324
679,640.0,552.3101196289062,2.0,3,HOLD,14425.68,53036.363,340,300,-12140.114250000002
680,674.0,551.0592651367188,2.0,3,HOLD,15422.684,56798.916,361,313,-12871.921980000001
681,619.0,550.846923828125,2.0,3,HOLD,13761.572,50576.276,317,302,-11559.78774
682,599.0,551.8155517578125,2.0,3,HOLD,13166.124,48337.808,303,296,-11108.075380000002
683,642.0,551.3297119140625,2.0,3,HOLD,14477.549,53238.501,340,302,-12167.21853
684,698.0,551.5367431640625,2.0,3,HOLD,16152.656,59528.709,381,317,-13454.931070000002
685,667.0,549.97900390625,2.0,3,HOLD,15189.7,55946.146,351,316,-12648.563800000002
686,648.0,551.6575927734375,2.0,3,HOLD,14623.532,53818.324,338,310,-12222.96934
687,618.0,552.5286865234375,2.0,3,HOLD,13730.738,50461.602,317,301,-11545.45736
688,577.0,552.9591064453125,2.0,3,HOLD,12511.081,45875.362,288,289,-10615.99222
689,588.0,551.6259765625,2.0,3,HOLD,12847.348,47131.064,297,291,-10881.462660000001
690,661.0,550.8031005859375,2.0,3,HOLD,15065.469,55427.645,358,303,-12656.414130000001
691,682.0,550.7945556640625,2.0,3,HOLD,15651.034,57666.683,365,317,-13031.797330000001
692,503.0,552.0089721679688,2.0,3,HOLD,10348.638,37693.525,236,267,-8948.09151
693,640.0,552.2548828125,2.0,3,HOLD,14487.966,53211.482,353,287,-12306.37592
694,517.0,547.9845581054688,2.0,3,HOLD,10753.93,39232.274,246,271,-9265.054800000002
695,630.0,549.7470703125,2.0,3,HOLD,14174.187,52046.677,342,288,-12029.840090000002
696,644.0,547.387939453125,2.0,3,HOLD,14517.843,53407.67,337,307,-12156.382860000002
697,666.0,548.3460693359375,2.0,3,HOLD,15177.521,55883.447,354,312,-12673.265270000002
698,688.0,547.894287109375,2.0,3,HOLD,15832.114,58344.728,369,319,-13165.28118
699,555.0,548.3104248046875,2.0,3,HOLD,11859.803,43422.671,273,282,-10124.47211
700,529.0,548.49365234375,2.0,3,HOLD,11101.43,40551.39,254,275,-9529.8806
701,484.0,547.9794921875,2.0,3,HOLD,9797.678,35603.614,223,261,-8524.69676
702,508.0,547.1974487304688,2.0,3,HOLD,10510.886,38292.816,243,265,-9105.34102
703,504.0,546.10693359375,2.0,3,HOLD,10376.871,37802.185,237,267,-8974.089170000001
704,498.0,544.953369140625,2.0,3,HOLD,10202.907,37142.255,233,265,-8841.653390000001
705,491.0,544.7108154296875,2.0,3,HOLD,10000.082,36372.567,228,263,-8683.152490000002
706,481.0,543.201171875,2.0,3,HOLD,9710.191,35272.769,221,260,-8458.424770000001
707,484.0,542.39599609375,2.0,3,HOLD,9799.258,35608.771,223,261,-8524.986210000001
708,490.0,541.201171875,2.0,3,HOLD,9975.19,36274.536,228,262,-8669.773100000002
709,466.0,540.6921997070312,2.0,3,HOLD,9275.327,33623.021,210,256,-8115.320090000001
710,478.0,538.48583984375,2.0,3,HOLD,9631.713,34967.242,220,258,-8405.61886
711,484.0,538.004638671875,2.0,3,HOLD,9800.981,35614.178,224,260,-8537.311020000001
712,461.0,536.6234741210938,2.0,3,HOLD,9129.984,33072.428,207,254,-8008.923580000001
713,461.0,534.82568359375,2.0,3,HOLD,9129.768,33072.052,207,254,-8008.900460000001
714,496.0,534.6272583007812,2.0,3,HOLD,10169.976,36994.002,236,260,-8853.682120000001
715,473.0,531.7105712890625,2.0,3,HOLD,9477.045,34390.777,215,258,-8273.702250000002
716,462.0,530.703369140625,2.0,3,HOLD,9158.286,33181.209,207,255,-8022.90867
717,490.0,531.0513916015625,2.0,3,HOLD,9990.472,36318.803,231,259,-8708.35209
718,477.0,529.0735473632812,2.0,3,HOLD,9592.612,34830.018,218,259,-8365.95564
719,464.0,527.1326904296875,2.0,3,HOLD,9215.77,33400.306,209,255,-8075.0132
720,467.0,527.2308959960938,2.0,3,HOLD,9304.932,33736.476,211,256,-8141.584940000001
721,480.0,524.711669921875,2.0,3,HOLD,9688.752,35186.363,222,258,-8457.71569
722,476.0,523.9205322265625,2.0,3,HOLD,9563.023,34718.991,217,259,-8339.812510000002
723,442.0,523.6707153320312,2.0,3,HOLD,8577.982,30980.7,193,249,-7573.397140000001
724,461.0,521.3934326171875,2.0,3,HOLD,9142.406,33109.305,210,251,-8047.07587
725,465.0,519.5062255859375,2.0,3,HOLD,9246.813,33517.071,210,255,-8101.47231
726,445.0,517.6898193359375,2.0,3,HOLD,8664.177,31309.292,196,249,-7651.550640000001
727,472.0,516.724365234375,2.0,3,HOLD,9466.526,34334.627,218,254,-8298.76437
728,450.0,515.6495361328125,2.0,3,HOLD,8808.787,31858.606,199,251,-7757.8685399999995
729,454.0,513.9930419921875,2.0,3,HOLD,8927.472,32306.487,202,252,-7850.61629
730,460.0,513.6502685546875,2.0,3,HOLD,9102.756,32970.322,207,253,-7995.29372
731,450.0,510.6852416992188,2.0,3,HOLD,8808.246,31857.663,199,251,-7757.810570000001
732,450.0,511.1448974609375,2.0,3,HOLD,8808.246,31857.663,199,251,-7757.810570000001
733,448.0,510.66705322265625,2.0,3,HOLD,8750.247,31637.666,198,250,-7717.6707400000005
734,442.0,510.5714416503906,2.0,3,HOLD,8576.41,30977.957,193,249,-7573.228550000001
735,436.0,509.621337890625,2.0,3,HOLD,8402.471,30318.069,189,247,-7440.79537
736,426.0,508.3272705078125,2.0,3,HOLD,8112.611,29218.324,182,244,-7216.070920000001
737,428.0,508.2764892578125,2.0,3,HOLD,8172.052,29442.438,184,244,-7268.46544
738,428.0,508.361572265625,2.0,3,HOLD,8170.552,29438.22,184,244,-7268.22454
739,421.0,507.1000671386719,2.0,3,HOLD,7967.605,28668.319,179,242,-7109.710550000001
740,444.0,505.9071044921875,2.0,3,HOLD,8651.042,31245.378,198,246,-7664.15224
741,449.0,504.6238403320313,2.0,3,HOLD,8782.247,31756.899,199,250,-7744.272390000001
742,423.0,504.6539306640625,2.0,3,HOLD,8025.253,28887.703,180,243,-7149.81271
743,432.0,503.8400268554688,2.0,3,HOLD,8292.644,29896.045,188,244,-7373.55763
744,444.0,501.79339599609375,2.0,3,HOLD,8642.299,31221.321,197,247,-7650.75453
745,403.0,500.3616027832031,2.0,3,HOLD,7445.32,26687.841,166,237,-6700.340950000001
746,417.0,500.0952758789063,2.0,3,HOLD,7861.381,28256.582,178,239,-7043.059219999999
747,436.0,498.0460815429688,2.0,3,HOLD,8415.332,30355.712,192,244,-7478.99474
748,423.0,496.7752380371094,2.0,3,HOLD,8024.308,28886.053,180,243,-7149.71131
749,431.0,495.8430480957031,2.0,3,HOLD,8261.963,29782.313,187,244,-7347.25741
750,403.0,493.9030456542969,2.0,3,HOLD,7444.545,26686.488,166,237,-6700.257800000001
751,432.0,492.2674560546875,2.0,3,HOLD,8306.255,29935.796,191,241,-7411.8774
752,401.0,490.3834838867188,2.0,3,HOLD,7386.268,26466.007,165,236,-6660.088210000002
753,414.0,491.1104736328125,2.0,3,HOLD,7772.64,27922.747,176,238,-6976.61265
754,403.0,486.9800415039063,2.0,3,HOLD,7443.714,26685.038,166,237,-6699.718680000001
755,423.0,486.8214721679688,2.0,3,HOLD,8038.113,28926.144,183,240,-7187.601960000001
756,398.0,482.9476318359375,2.0,3,HOLD,7298.376,26134.453,163,235,-6593.322670000001
757,403.0,481.6547546386719,2.0,3,HOLD,7446.825,26694.467,167,236,-6712.272350000001
758,398.0,478.6202392578125,2.0,3,HOLD,7297.856,26133.547,163,235,-6593.266970000001
759,396.0,476.1594543457031,2.0,3,HOLD,7239.619,25913.135,161,235,-6541.081630000001
760,390.0,474.7384033203125,2.0,3,HOLD,7065.623,25253.149,157,233,-6408.64241
761,395.0,471.8294677734375,2.0,3,HOLD,7213.879,25812.824,161,234,-6527.57128
762,386.0,469.6076965332031,2.0,3,HOLD,6949.124,24812.282,154,232,-6316.2890800000005
763,378.0,467.1633911132813,2.0,3,HOLD,6717.063,23932.184,149,229,-6143.7029600000005
764,396.0,465.3870849609375,2.0,3,HOLD,7251.826,25948.837,164,232,-6579.170870000001
765,398.0,463.4341735839844,2.0,3,HOLD,7297.534,26134.585,163,235,-6593.312430000001
766,366.0,462.1625061035156,2.0,3,HOLD,6368.812,22611.759,140,226,-5866.77669
767,387.0,460.8860778808594,2.0,3,HOLD,6992.798,24964.687,158,229,-6380.84281
768,383.0,458.6204223632813,2.0,3,HOLD,6860.893,24480.136,152,231,-6249.93716
769,383.0,457.4017333984375,2.0,3,HOLD,6860.746,24479.881,152,231,-6249.921470000001
770,367.0,456.1390380859375,2.0,3,HOLD,6397.06,22720.446,141,226,-5892.776
771,394.0,454.5925903320313,2.0,3,HOLD,7199.339,25745.659,164,230,-6552.00223
772,383.0,452.7897338867188,2.0,3,HOLD,6860.193,24478.915,152,231,-6249.86211
773,371.0,452.1923828125,2.0,3,HOLD,6512.47,23159.412,144,227,-5985.012500000001
774,357.0,450.7845764160156,2.0,3,HOLD,6106.709,21619.843,134,223,-5667.99883
775,358.0,449.0377807617188,2.0,3,HOLD,6136.22,21731.534,135,223,-5694.839599999999
776,382.0,447.7442626953125,2.0,3,HOLD,6848.617,24418.521,155,227,-6275.35689
777,353.0,446.1802368164063,2.0,3,HOLD,5990.273,21179.086,131,222,-5576.318259999999
778,380.0,445.0050048828125,2.0,3,HOLD,6792.596,24204.377,154,226,-6235.5492699999995
779,358.0,443.1939697265625,2.0,3,HOLD,6134.769,21728.202,135,223,-5694.64398
780,366.0,442.4495849609375,2.0,3,HOLD,6372.447,22624.501,141,225,-5880.17249
781,350.0,440.69036865234375,2.0,3,HOLD,5902.701,20848.092,129,221,-5510.037119999999
782,368.0,439.4030151367188,2.0,3,HOLD,6437.523,22864.847,144,224,-5945.511310000001
783,358.0,437.8119812011719,2.0,3,HOLD,6134.123,21727.075,135,223,-5694.57471
784,347.0,437.1419677734375,2.0,3,HOLD,5815.362,20517.505,127,220,-5443.78099
785,361.0,435.4440307617188,2.0,3,HOLD,6231.251,22085.946,139,222,-5786.48082
786,370.0,433.8726196289063,2.0,3,HOLD,6488.051,23064.607,144,226,-5972.469869999999
787,367.0,432.9917602539063,2.0,3,HOLD,6394.283,22715.599,141,226,-5893.144109999999
788,356.0,431.7142333984375,2.0,3,HOLD,6075.449,21505.902,133,223,-5642.3425799999995
789,331.0,430.9440307617188,2.0,3,HOLD,5351.084,18757.036,116,215,-5086.57198
790,340.0,429.6129150390625,2.0,3,HOLD,5618.413,19765.269,123,217,-5298.29021
791,336.0,427.8331909179688,2.0,3,HOLD,5495.565,19306.125,119,217,-5192.876049999999
792,345.0,426.6297607421875,2.0,3,HOLD,5762.909,20314.386,127,218,-5416.615979999999
793,342.0,424.9791259765625,2.0,3,HOLD,5669.048,19965.217,123,219,-5325.26031
794,327.0,423.65625,2.0,3,HOLD,5234.326,18315.717,113,214,-4994.190869999999
795,316.0,422.2891845703125,2.0,3,HOLD,4915.482,17106.001,105,211,-4743.38819
796,335.0,420.64251708984375,2.0,3,HOLD,5479.982,19234.738,121,214,-5205.055039999999
797,326.0,418.8707885742188,2.0,3,HOLD,5204.781,18204.767,112,214,-4968.05247
798,310.0,417.6282653808594,2.0,3,HOLD,4741.097,16445.336,101,209,-4610.90724
799,320.0,416.0065002441406,2.0,3,HOLD,5038.112,17565.566,110,210,-4860.83904
800,315.0,414.0892333984375,2.0,3,HOLD,4885.527,16994.336,105,210,-4729.22584
801,324.0,412.3302307128906,2.0,3,HOLD,5152.804,18002.48,112,212,-4940.93858
802,326.0,410.5198974609375,2.0,3,HOLD,5205.279,18207.236,112,214,-4968.185879999999
803,318.0,409.19287109375,2.0,3,HOLD,4971.852,17323.155,107,211,-4795.3732899999995
804,298.0,407.4464111328125,2.0,3,HOLD,4392.224,15123.826,93,205,-4345.9342799999995
805,335.0,405.6583251953125,2.0,3,HOLD,5491.684,19269.557,124,211,-5243.09003
806,325.0,403.8772583007813,2.0,3,HOLD,5174.011,18091.679,112,213,-4953.802669999999
807,304.0,402.697265625,2.0,3,HOLD,4565.48,15782.52,97,207,-4478.294099999999
808,314.0,401.1325378417969,2.0,3,HOLD,4862.501,16902.762,105,209,-4716.20662
809,302.0,399.4165954589844,2.0,3,HOLD,4507.145,15561.937,95,207,-4425.1982499999995
810,300.0,398.05224609375,2.0,3,HOLD,4449.039,15341.755,94,206,-4385.04703
811,308.0,396.5794982910156,2.0,3,HOLD,4686.63,16237.902,101,207,-4582.5862
812,324.0,394.3877868652344,2.0,3,HOLD,5155.901,18013.484,113,211,-4952.67072
813,313.0,393.280517578125,2.0,3,HOLD,4825.088,16770.082,103,210,-4675.90436
814,308.0,391.88720703125,2.0,3,HOLD,4680.066,16220.049,100,208,-4569.542270000001
815,291.0,390.5916137695313,2.0,3,HOLD,4187.406,14350.659,88,203,-4186.319570000001
816,278.0,389.0222778320313,2.0,3,HOLD,3810.595,12921.004,79,199,-3895.3806
817,315.0,387.7292785644531,2.0,3,HOLD,4910.114,17066.84,110,205,-4792.54278
818,286.0,385.5146484375,2.0,3,HOLD,4041.942,13799.855,84,202,-4068.34009
819,272.0,384.84283447265625,2.0,3,HOLD,3636.268,12260.44,74,198,-3751.33586
820,303.0,382.8717041015625,2.0,3,HOLD,4557.38,15733.792,101,202,-4515.3457
821,280.0,380.8363342285156,2.0,3,HOLD,3867.555,13139.186,80,200,-3935.8589
822,269.0,379.8567810058594,2.0,3,HOLD,3548.757,11929.551,72,197,-3685.0611900000004
823,297.0,378.0480346679688,2.0,3,HOLD,4380.726,15066.766,96,201,-4370.48132
824,285.0,376.0019836425781,2.0,3,HOLD,4011.829,13687.915,84,201,-4054.1608300000007
825,267.0,374.7613830566406,2.0,3,HOLD,3490.204,11708.588,71,196,-3644.86198
826,295.0,373.2024841308594,2.0,3,HOLD,4322.202,14845.855,95,200,-4330.28529
827,294.0,371.4432067871094,2.0,3,HOLD,4272.02,14676.494,90,204,-4252.7336000000005
828,274.0,370.1050109863281,2.0,3,HOLD,3692.442,12477.25,76,198,-3803.2998400000006
829,262.0,368.9944152832031,2.0,3,HOLD,3344.658,11157.639,67,195,-3526.4236100000003
830,279.0,367.2731323242188,2.0,3,HOLD,3849.706,13062.247,82,197,-3947.71497
831,280.0,365.62506103515625,2.0,3,HOLD,3866.48,13138.11,80,200,-3935.7836
832,277.0,364.0411987304688,2.0,3,HOLD,3778.627,12805.825,78,199,-3869.4322900000006
833,285.0,362.8762817382813,2.0,3,HOLD,4016.254,13702.036,85,200,-4066.9753800000003
834,260.0,361.474609375,2.0,3,HOLD,3285.813,10936.168,66,194,-3486.1931600000003
835,244.0,360.5379943847656,2.0,3,HOLD,2822.166,9176.802,55,189,-3129.0519200000003
836,253.0,358.38555908203125,2.0,3,HOLD,3089.396,10184.863,62,191,-3340.7595700000006
837,271.0,355.80029296875,2.0,3,HOLD,3617.312,12182.368,76,195,-3763.11314
838,277.0,354.1913757324219,2.0,3,HOLD,3781.945,12816.415,79,198,-3882.04815
839,251.0,352.25714111328125,2.0,3,HOLD,3023.969,9944.705,60,191,-3287.443130000001
840,258.0,351.1222229003906,2.0,3,HOLD,3231.879,10728.866,66,192,-3458.78938
841,234.0,348.439208984375,2.0,3,HOLD,2531.005,8074.786,48,186,-2904.1879000000004
842,261.0,347.09588623046875,2.0,3,HOLD,3333.309,11100.042,71,190,-3563.4167800000005
843,270.0,344.0203552246094,2.0,3,HOLD,3580.178,12050.974,74,196,-3723.78076
844,238.0,342.6619567871094,2.0,3,HOLD,2646.196,8513.369,51,187,-2996.400870000001
845,255.0,341.3192138671875,2.0,3,HOLD,3151.29,10418.056,65,190,-3405.6771000000003
846,230.0,338.31201171875,2.0,3,HOLD,2413.907,7632.873,45,185,-2811.7702900000004
847,225.0,336.7901306152344,2.0,3,HOLD,2268.869,7082.813,42,183,-2705.4065300000007
848,229.0,334.0000305175781,2.0,3,HOLD,2387.418,7530.457,45,184,-2798.139710000001
849,223.0,331.1204833984375,2.0,3,HOLD,2210.247,6861.73,40,183,-2653.1799400000004
850,251.0,328.5835266113281,2.0,3,HOLD,3042.128,9998.793,64,187,-3337.6907100000008
851,236.0,325.3775939941406,2.0,3,HOLD,2586.18,8289.854,49,187,-2943.1248000000005
852,220.0,323.73486328125,2.0,3,HOLD,2122.448,6530.339,38,182,-2585.5244100000004
853,246.0,320.9536437988281,2.0,3,HOLD,2894.858,9443.236,60,186,-3218.53746
854,236.0,318.05499267578125,2.0,3,HOLD,2585.301,8288.32,49,187,-2942.5805200000004
855,212.0,316.6083374023437,2.0,3,HOLD,1889.826,5649.261,32,180,-2400.8580699999998
856,229.0,314.3546142578125,2.0,3,HOLD,2394.811,7553.757,47,182,-2822.1425700000004
857,222.0,311.2209777832031,2.0,3,HOLD,2178.888,6747.615,39,183,-2625.4970100000005
858,242.0,309.6166687011719,2.0,3,HOLD,2773.114,8988.417,56,186,-3113.36163
859,208.0,307.3747863769531,2.0,3,HOLD,1772.834,5207.535,30,178,-2320.4719299999997
860,229.0,305.8685913085937,2.0,3,HOLD,2396.792,7560.415,47,182,-2822.5150900000003
861,234.0,303.0370178222656,2.0,3,HOLD,2529.307,8075.823,49,185,-2914.87579
862,217.0,301.5021057128906,2.0,3,HOLD,2032.868,6195.839,36,181,-2519.02781
863,213.0,299.91717529296875,2.0,3,HOLD,1916.794,5755.714,33,180,-2426.72008
864,217.0,297.57305908203125,2.0,3,HOLD,2035.396,6203.451,37,180,-2531.4789699999997
865,221.0,295.6423645019531,2.0,3,HOLD,2151.048,6642.839,39,182,-2611.72141
866,200.0,293.3300170898437,2.0,3,HOLD,1539.381,4300.518,24,176,-2134.49202
867,201.0,291.6687927246094,2.0,3,HOLD,1568.903,4415.751,25,176,-2160.84411
868,196.0,289.09326171875,2.0,3,HOLD,1422.989,3847.201,13,183,-1945.8083299999998
869,211.0,286.6983642578125,2.0,3,HOLD,1868.516,5564.681,34,177,-2412.7128700000003
870,219.0,284.3791809082031,2.0,3,HOLD,2094.755,6429.019,39,180,-2584.3945500000004
871,217.0,282.544677734375,2.0,3,HOLD,2030.593,6191.869,36,181,-2519.23381
872,205.0,280.80181884765625,2.0,3,HOLD,1682.733,4866.772,28,177,-2254.10176
873,182.0,278.8359375,2.0,3,HOLD,1016.166,2280.181,7,131,-1323.48087
874,194.0,276.7823486328125,2.0,3,HOLD,1372.57,3644.36,14,180,-1930.7179
875,207.0,273.87860107421875,2.0,3,HOLD,1749.594,5117.986,31,176,-2320.0196800000003
876,183.0,271.98455810546875,2.0,3,HOLD,1044.315,2389.615,8,142,-1437.5155499999998
877,176.0,270.34423828125,2.0,3,HOLD,903.333,1926.76,4,99,-987.6131599999998
878,178.0,267.138427734375,2.0,3,HOLD,935.848,2030.996,6,108,-1105.47526
879,185.0,264.9392395019531,2.0,3,HOLD,1106.661,2624.742,9,168,-1678.49882
880,169.0,262.5899658203125,2.0,3,HOLD,793.03,1575.917,0,71,-663.9249499999999
881,183.0,260.0352478027344,2.0,3,HOLD,1053.381,2416.099,9,145,-1483.04107
882,197.0,257.3566589355469,2.0,3,HOLD,1458.652,3982.809,15,182,-1985.3219900000001
883,189.0,255.31002807617188,2.0,3,HOLD,1216.139,3054.218,10,179,-1810.10218
884,186.0,253.3011932373047,2.0,3,HOLD,1128.985,2719.158,9,177,-1755.6461000000002
885,172.0,251.24620056152344,2.0,3,HOLD,840.303,1725.797,1,83,-788.32441
886,189.0,249.2364044189453,2.0,3,HOLD,1228.16,3088.267,12,177,-1836.0850500000001
887,180.0,246.30088806152344,2.0,3,HOLD,966.364,2129.007,6,117,-1182.04613
888,154.0,244.6928253173828,2.0,3,HOLD,575.833,928.243,0,17,-194.59731
889,178.0,242.40475463867188,2.0,3,HOLD,946.848,2067.0,7,110,-1142.1654599999997
890,147.0,239.18435668945312,2.0,3,HOLD,514.318,819.917,0,10,-130.14071
891,156.0,237.28196716308597,2.0,3,HOLD,596.559,964.69,0,20,-220.34418
892,159.0,233.71774291992188,2.0,3,HOLD,636.955,1086.368,0,31,-315.17600000000004
893,177.0,231.03823852539065,2.0,3,HOLD,928.091,2006.636,6,105,-1078.7721199999999
894,177.0,228.16909790039065,2.0,3,HOLD,919.091,1977.201,5,103,-1041.1003699999997
895,157.0,226.3056182861328,2.0,3,HOLD,603.939,983.617,0,21,-229.41813
896,150.0,224.1259307861328,2.0,3,HOLD,540.682,866.074,0,13,-156.91584
897,140.0,221.22384643554688,2.0,3,HOLD,452.803,713.782,0,3,-67.74365999999999
898,157.0,218.5518798828125,2.0,3,HOLD,612.439,1010.984,0,25,-262.95648000000006
899,152.0,215.5985412597656,2.0,3,HOLD,558.258,897.069,0,15,-174.77711
900,132.0,213.67120361328125,2.0,3,HOLD,382.5,595.17,0,0,-34.567
901,97.0,210.7541046142578,2.0,3,HOLD,320.767,470.536,0,0,-27.800640000000005
902,102.0,207.65826416015625,2.0,3,HOLD,328.453,485.991,0,0,-28.627109999999995
903,102.0,202.9084014892578,2.0,3,HOLD,328.073,485.428,0,0,-28.591359999999995
904,103.0,199.2168731689453,2.0,3,HOLD,329.364,488.177,0,0,-28.734629999999996
905,95.0,195.4252471923828,2.0,3,HOLD,316.367,462.472,0,0,-26.89944
906,102.0,190.95184326171875,2.0,3,HOLD,327.116,484.013,0,0,-28.05147
907,90.0,186.83990478515625,2.0,3,HOLD,307.747,445.954,0,0,-26.001140000000003
908,110.0,182.97268676757807,2.0,3,HOLD,339.171,508.757,0,0,-29.369770000000003
909,109.0,178.71755981445312,2.0,3,HOLD,337.244,505.008,0,0,-29.163780000000003
910,106.0,175.77310180664062,2.0,3,HOLD,332.249,494.99,0,0,-28.62298
911,101.0,172.157958984375,2.0,3,HOLD,324.026,478.616,0,0,-27.739819999999998
912,107.0,169.08901977539062,2.0,3,HOLD,333.3,497.405,0,0,-28.744749999999996
913,109.0,165.91778564453125,2.0,3,HOLD,336.22,503.474,0,0,-29.0666
914,96.0,162.78768920898438,2.0,3,HOLD,315.343,461.777,0,0,-26.824209999999997
915,98.0,160.14492797851562,2.0,3,HOLD,318.305,467.735,0,0,-27.14135
916,107.0,157.0877685546875,2.0,3,HOLD,332.34,495.973,0,0,-28.653950000000002
917,102.0,154.11904907226562,2.0,3,HOLD,324.17,479.653,0,0,-27.77455
918,92.0,151.96585083007812,2.0,3,HOLD,308.131,448.078,0,0,-26.07502
919,104.0,149.0390625,2.0,3,HOLD,326.936,485.411,0,0,-27.627769999999998
920,101.0,146.5867156982422,2.0,3,HOLD,321.98,475.594,0,0,-27.0978
921,109.0,144.07884216308594,2.0,3,HOLD,334.473,500.858,0,0,-28.450860000000002
922,93.0,141.6686553955078,2.0,3,HOLD,308.893,449.974,0,0,-25.715059999999998
923,103.0,139.825927734375,2.0,3,HOLD,324.613,481.135,0,0,-27.38751
924,93.0,137.11474609375,2.0,3,HOLD,308.529,449.443,0,0,-25.68123
925,95.0,135.24588012695312,2.0,3,HOLD,311.553,455.434,0,0,-26.001260000000002
926,92.0,133.2969970703125,2.0,3,HOLD,306.637,445.906,0,0,-25.486539999999998
927,107.0,131.71475219726562,2.0,3,HOLD,330.311,492.943,0,0,-28.01187
928,108.0,129.97329711914062,2.0,3,HOLD,331.758,495.948,0,0,-28.171059999999997
929,90.0,128.89413452148438,2.0,3,HOLD,303.112,439.236,0,0,-25.12254
930,93.0,127.53772735595705,2.0,3,HOLD,307.763,448.327,0,0,-25.61011
931,97.0,125.72476959228516,2.0,3,HOLD,313.965,460.558,0,0,-26.265700000000002
932,107.0,124.3397216796875,2.0,3,HOLD,329.721,492.063,0,0,-27.956069999999997
933,99.0,123.04747009277344,2.0,3,HOLD,316.924,466.512,0,0,-26.58258
934,92.0,122.02735900878906,2.0,3,HOLD,305.736,444.595,0,0,-25.402970000000003
935,104.0,120.54811096191406,2.0,3,HOLD,324.657,482.027,0,0,-27.412989999999997
936,105.0,119.21299743652344,2.0,3,HOLD,326.137,485.055,0,0,-27.573990000000002
937,102.0,118.59361267089844,2.0,3,HOLD,321.327,475.448,0,0,-27.05744
938,92.0,117.66357421875,2.0,3,HOLD,305.386,444.087,0,0,-25.37057
939,101.0,116.67317199707033,2.0,3,HOLD,319.587,472.059,0,0,-26.87319
940,92.0,115.45941162109376,2.0,3,HOLD,305.21,443.831,0,0,-25.35425
941,91.0,114.7887725830078,2.0,3,HOLD,303.57,440.673,0,0,-25.18355
942,108.0,113.3780517578125,2.0,3,HOLD,330.43,493.963,0,0,-28.04525
943,96.0,112.09072875976562,2.0,3,HOLD,311.287,455.838,0,0,-25.99614
944,94.0,111.34075927734376,2.0,3,HOLD,308.054,449.535,0,0,-25.65633
945,97.0,109.79583740234376,2.0,3,HOLD,312.69,458.688,0,0,-26.1467
946,92.0,108.40280151367188,2.0,3,HOLD,304.646,443.01,0,0,-25.30192
947,100.0,107.05657958984376,2.0,3,HOLD,317.231,467.772,0,0,-26.631719999999998
948,98.0,105.56686401367188,2.0,3,HOLD,313.939,461.319,0,0,-26.28323
949,95.0,104.3674774169922,2.0,3,HOLD,309.083,451.823,0,0,-25.77131
950,109.0,103.02940368652344,2.0,3,HOLD,331.667,496.656,0,0,-26.234640000000002
951,95.0,102.24293518066406,2.0,3,HOLD,308.913,451.574,0,0,-23.80546
952,107.0,101.65313720703124,2.0,3,HOLD,328.333,489.993,0,0,-25.87481
953,108.0,100.60719299316406,2.0,3,HOLD,330.0,493.32,0,0,-26.0545
954,110.0,100.05084228515624,2.0,3,HOLD,333.333,500.0,0,0,-26.41516
955,92.0,99.51882934570312,2.0,3,HOLD,303.935,441.977,0,0,-23.28605
956,110.0,98.84230041503906,2.0,3,HOLD,333.333,500.0,0,0,-26.41516
957,107.0,97.20768737792967,2.0,3,HOLD,328.333,489.993,0,0,-25.87481
958,107.0,96.01736450195312,2.0,3,HOLD,328.333,489.993,0,0,-25.87481
959,101.0,94.73863220214844,2.0,3,HOLD,318.333,470.207,0,0,-24.80551
960,96.0,93.6633758544922,2.0,3,HOLD,310.0,453.953,0,0,-23.92615
961,107.0,92.550048828125,2.0,3,HOLD,328.333,489.993,0,0,-25.87481
962,100.0,91.48460388183594,2.0,3,HOLD,316.667,466.939,0,0,-24.628790000000002
963,109.0,90.8446807861328,2.0,3,HOLD,331.667,496.656,0,0,-26.234640000000002
964,95.0,90.31944274902344,2.0,3,HOLD,308.333,450.727,0,0,-23.75151
965,95.0,90.1038818359375,2.0,3,HOLD,308.333,450.727,0,0,-23.75151
966,97.0,89.58001708984375,2.0,3,HOLD,311.667,457.187,0,0,-24.10119
967,95.0,89.17710876464844,2.0,3,HOLD,308.333,450.727,0,0,-23.75151
968,108.0,88.78575134277344,2.0,3,HOLD,330.0,493.32,0,0,-26.0545
969,108.0,88.34828186035156,2.0,3,HOLD,330.0,493.32,0,0,-26.0545
970,104.0,88.31289672851562,2.0,3,HOLD,323.333,480.062,0,0,-25.338260000000002
971,109.0,88.11529541015625,2.0,3,HOLD,331.667,496.656,0,0,-26.234640000000002
972,99.0,87.878173828125,2.0,3,HOLD,315.0,463.68,0,0,-24.4525
973,107.0,87.82603454589844,2.0,3,HOLD,328.333,489.993,0,0,-25.87481
974,100.0,87.62539672851562,2.0,3,HOLD,316.667,466.939,0,0,-24.628790000000002
975,107.0,87.61676025390625,2.0,3,HOLD,328.333,489.993,0,0,-25.87481
976,109.0,87.4154052734375,2.0,3,HOLD,331.667,496.656,0,0,-26.234640000000002
977,90.0,87.51821899414062,2.0,3,HOLD,300.0,434.727,0,0,-22.88485
978,90.0,87.59848022460938,2.0,3,HOLD,300.0,434.727,0,0,-22.88485
979,94.0,87.12371826171875,2.0,3,HOLD,306.667,447.51,0,0,-23.577340000000003
980,105.0,86.81770324707031,2.0,3,HOLD,325.0,483.364,0,0,-25.516699999999997
981,100.0,86.61198425292969,2.0,3,HOLD,316.667,466.939,0,0,-24.628790000000002
982,105.0,86.58946228027344,2.0,3,HOLD,325.0,483.364,0,0,-25.516699999999997
983,99.0,86.45899963378906,2.0,3,HOLD,315.0,463.68,0,0,-24.4525
984,91.0,86.39480590820312,2.0,3,HOLD,301.667,437.91,0,0,-23.05734
985,106.0,86.33668518066406,2.0,3,HOLD,326.667,486.674,0,0,-25.695539999999998
986,92.0,85.92686462402344,2.0,3,HOLD,303.333,441.102,0,0,-23.230259999999998
987,101.0,86.16973876953125,2.0,3,HOLD,318.333,470.207,0,0,-24.80551
988,109.0,85.69508361816406,2.0,3,HOLD,331.667,496.656,0,0,-26.234640000000002
989,106.0,85.85655212402344,2.0,3,HOLD,326.667,486.674,0,0,-25.695539999999998
990,97.0,86.19619750976562,2.0,3,HOLD,311.667,457.187,0,0,-24.10119
991,103.0,86.09577941894531,2.0,3,HOLD,321.667,476.768,0,0,-25.160239999999998
992,106.0,85.86856079101562,2.0,3,HOLD,326.667,486.674,0,0,-25.695539999999998
993,96.0,86.013671875,2.0,3,HOLD,310.0,453.953,0,0,-23.92615
994,103.0,86.27511596679688,2.0,3,HOLD,321.667,476.768,0,0,-25.160239999999998
995,99.0,85.98057556152344,2.0,3,HOLD,315.0,463.68,0,0,-24.4525
996,95.0,85.99601745605469,2.0,3,HOLD,308.333,450.727,0,0,-23.75151
997,97.0,85.94918823242188,2.0,3,HOLD,311.667,457.187,0,0,-24.10119
998,104.0,85.82508850097656,2.0,3,HOLD,323.333,480.062,0,0,-25.338260000000002
999,97.0,85.82203674316406,2.0,3,HOLD,311.667,457.187,0,0,-24.10119
1000,95.0,85.9327392578125,2.0,3,HOLD,308.333,450.727,0,0,-23.75151
