time_sec,target_rps,day_of_week,is_event,is_weekend
0,92,0,1,0
1,95,0,1,0
2,80,0,1,0
3,83,0,1,0
4,83,0,1,0
5,87,0,1,0
6,89,0,1,0
7,99,0,1,0
8,98,0,1,0
9,84,0,1,0
10,86,0,1,0
11,92,0,1,0
12,81,0,1,0
13,86,0,1,0
14,87,0,1,0
15,94,0,1,0
16,97,0,1,0
17,85,0,1,0
18,93,0,1,0
19,88,0,1,0
20,89,0,1,0
21,100,0,1,0
22,99,0,1,0
23,96,0,1,0
24,99,0,1,0
25,85,0,1,0
26,95,0,1,0
27,95,0,1,0
28,80,0,1,0
29,98,0,1,0
30,83,0,1,0
31,97,0,1,0
32,99,0,1,0
33,99,0,1,0
34,99,0,1,0
35,94,0,1,0
36,87,0,1,0
37,80,0,1,0
38,81,0,1,0
39,89,0,1,0
40,80,0,1,0
41,90,0,1,0
42,100,0,1,0
43,83,0,1,0
44,91,0,1,0
45,98,0,1,0
46,82,0,1,0
47,80,0,1,0
48,80,0,1,0
49,84,0,1,0
50,85,0,1,0
51,86,0,1,0
52,88,0,1,0
53,100,0,1,0
54,97,0,1,0
55,95,0,1,0
56,84,0,1,0
57,89,0,1,0
58,90,0,1,0
59,81,0,1,0
60,81,0,1,0
61,87,0,1,0
62,89,0,1,0
63,83,0,1,0
64,86,0,1,0
65,91,0,1,0
66,94,0,1,0
67,98,0,1,0
68,80,0,1,0
69,94,0,1,0
70,83,0,1,0
71,92,0,1,0
72,90,0,1,0
73,100,0,1,0
74,91,0,1,0
75,84,0,1,0
76,86,0,1,0
77,84,0,1,0
78,95,0,1,0
79,100,0,1,0
80,83,0,1,0
81,92,0,1,0
82,84,0,1,0
83,100,0,1,0
84,88,0,1,0
85,94,0,1,0
86,95,0,1,0
87,100,0,1,0
88,83,0,1,0
89,95,0,1,0
90,93,0,1,0
91,96,0,1,0
92,97,0,1,0
93,85,0,1,0
94,89,0,1,0
95,83,0,1,0
96,80,0,1,0
97,85,0,1,0
98,80,0,1,0
99,97,0,1,0
100,98,0,1,0
101,84,0,1,0
102,82,0,1,0
103,96,0,1,0
104,83,0,1,0
105,82,0,1,0
106,90,0,1,0
107,93,0,1,0
108,96,0,1,0
109,87,0,1,0
110,89,0,1,0
111,80,0,1,0
112,90,0,1,0
113,98,0,1,0
114,91,0,1,0
115,82,0,1,0
116,82,0,1,0
117,83,0,1,0
118,83,0,1,0
119,98,0,1,0
120,94,0,1,0
121,83,0,1,0
122,100,0,1,0
123,97,0,1,0
124,98,0,1,0
125,94,0,1,0
126,89,0,1,0
127,81,0,1,0
128,84,0,1,0
129,90,0,1,0
130,91,0,1,0
131,88,0,1,0
132,91,0,1,0
133,82,0,1,0
134,99,0,1,0
135,96,0,1,0
136,80,0,1,0
137,80,0,1,0
138,86,0,1,0
139,99,0,1,0
140,94,0,1,0
141,90,0,1,0
142,99,0,1,0
143,88,0,1,0
144,93,0,1,0
145,82,0,1,0
146,83,0,1,0
147,82,0,1,0
148,91,0,1,0
149,93,0,1,0
150,96,0,1,0
151,88,0,1,0
152,88,0,1,0
153,99,0,1,0
154,88,0,1,0
155,82,0,1,0
156,100,0,1,0
157,83,0,1,0
158,92,0,1,0
159,94,0,1,0
160,80,0,1,0
161,84,0,1,0
162,83,0,1,0
163,93,0,1,0
164,91,0,1,0
165,93,0,1,0
166,93,0,1,0
167,91,0,1,0
168,96,0,1,0
169,94,0,1,0
170,96,0,1,0
171,99,0,1,0
172,81,0,1,0
173,88,0,1,0
174,80,0,1,0
175,84,0,1,0
176,86,0,1,0
177,93,0,1,0
178,87,0,1,0
179,95,0,1,0
180,89,0,1,0
181,98,0,1,0
182,88,0,1,0
183,95,0,1,0
184,91,0,1,0
185,86,0,1,0
186,95,0,1,0
187,81,0,1,0
188,92,0,1,0
189,83,0,1,0
190,98,0,1,0
191,95,0,1,0
192,83,0,1,0
193,90,0,1,0
194,92,0,1,0
195,86,0,1,0
196,83,0,1,0
197,85,0,1,0
198,91,0,1,0
199,80,0,1,0
200,91,0,1,0
201,103,0,1,0
202,100,0,1,0
203,103,0,1,0
204,103,0,1,0
205,106,0,1,0
206,101,0,1,0
207,103,0,1,0
208,110,0,1,0
209,108,0,1,0
210,107,0,1,0
211,106,0,1,0
212,108,0,1,0
213,109,0,1,0
214,108,0,1,0
215,109,0,1,0
216,114,0,1,0
217,116,0,1,0
218,117,0,1,0
219,118,0,1,0
220,117,0,1,0
221,113,0,1,0
222,113,0,1,0
223,115,0,1,0
224,122,0,1,0
225,120,0,1,0
226,121,0,1,0
227,120,0,1,0
228,117,0,1,0
229,118,0,1,0
230,119,0,1,0
231,126,0,1,0
232,120,0,1,0
233,124,0,1,0
234,128,0,1,0
235,125,0,1,0
236,122,0,1,0
237,124,0,1,0
238,128,0,1,0
239,129,0,1,0
240,125,0,1,0
241,133,0,1,0
242,127,0,1,0
243,128,0,1,0
244,128,0,1,0
245,131,0,1,0
246,137,0,1,0
247,138,0,1,0
248,135,0,1,0
249,135,0,1,0
250,132,0,1,0
251,142,0,1,0
252,137,0,1,0
253,141,0,1,0
254,138,0,1,0
255,138,0,1,0
256,138,0,1,0
257,138,0,1,0
258,140,0,1,0
259,140,0,1,0
260,144,0,1,0
261,142,0,1,0
262,146,0,1,0
263,147,0,1,0
264,148,0,1,0
265,145,0,1,0
266,149,0,1,0
267,152,0,1,0
268,153,0,1,0
269,152,0,1,0
270,148,0,1,0
271,154,0,1,0
272,156,0,1,0
273,151,0,1,0
274,153,0,1,0
275,152,0,1,0
276,161,0,1,0
277,157,0,1,0
278,162,0,1,0
279,163,0,1,0
280,157,0,1,0
281,155,0,1,0
282,165,0,1,0
283,158,0,1,0
284,167,0,1,0
285,158,0,1,0
286,165,0,1,0
287,160,0,1,0
288,165,0,1,0
289,169,0,1,0
290,166,0,1,0
291,166,0,1,0
292,167,0,1,0
293,172,0,1,0
294,173,0,1,0
295,173,0,1,0
296,167,0,1,0
297,170,0,1,0
298,176,0,1,0
299,176,0,1,0
300,177,0,1,0
301,171,0,1,0
302,179,0,1,0
303,176,0,1,0
304,180,0,1,0
305,173,0,1,0
306,178,0,1,0
307,184,0,1,0
308,176,0,1,0
309,182,0,1,0
310,181,0,1,0
311,180,0,1,0
312,183,0,1,0
313,185,0,1,0
314,183,0,1,0
315,184,0,1,0
316,189,0,1,0
317,190,0,1,0
318,188,0,1,0
319,184,0,1,0
320,193,0,1,0
321,190,0,1,0
322,190,0,1,0
323,194,0,1,0
324,192,0,1,0
325,189,0,1,0
326,192,0,1,0
327,193,0,1,0
328,200,0,1,0
329,193,0,1,0
330,197,0,1,0
331,195,0,1,0
332,197,0,1,0
333,199,0,1,0
334,202,0,1,0
335,198,0,1,0
336,204,0,1,0
337,198,0,1,0
338,204,0,1,0
339,204,0,1,0
340,200,0,1,0
341,200,0,1,0
342,204,0,1,0
343,203,0,1,0
344,212,0,1,0
345,212,0,1,0
346,210,0,1,0
347,211,0,1,0
348,213,0,1,0
349,214,0,1,0
350,215,0,1,0
351,215,0,1,0
352,209,0,1,0
353,217,0,1,0
354,216,0,1,0
355,219,0,1,0
356,221,0,1,0
357,220,0,1,0
358,216,0,1,0
359,220,0,1,0
360,216,0,1,0
361,222,0,1,0
362,220,0,1,0
363,226,0,1,0
364,220,0,1,0
365,218,0,1,0
366,227,0,1,0
367,222,0,1,0
368,228,0,1,0
369,229,0,1,0
370,226,0,1,0
371,227,0,1,0
372,225,0,1,0
373,231,0,1,0
374,231,0,1,0
375,235,0,1,0
376,231,0,1,0
377,228,0,1,0
378,233,0,1,0
379,238,0,1,0
380,237,0,1,0
381,231,0,1,0
382,234,0,1,0
383,237,0,1,0
384,240,0,1,0
385,236,0,1,0
386,240,0,1,0
387,241,0,1,0
388,243,0,1,0
389,245,0,1,0
390,238,0,1,0
391,247,0,1,0
392,245,0,1,0
393,239,0,1,0
394,243,0,1,0
395,249,0,1,0
396,246,0,1,0
397,243,0,1,0
398,247,0,1,0
399,249,0,1,0
400,245,0,1,0
401,503,0,1,0
402,626,0,1,0
403,542,0,1,0
404,565,0,1,0
405,520,0,1,0
406,536,0,1,0
407,568,0,1,0
408,612,0,1,0
409,675,0,1,0
410,638,0,1,0
411,604,0,1,0
412,591,0,1,0
413,543,0,1,0
414,563,0,1,0
415,659,0,1,0
416,648,0,1,0
417,698,0,1,0
418,509,0,1,0
419,688,0,1,0
420,591,0,1,0
421,611,0,1,0
422,663,0,1,0
423,583,0,1,0
424,576,0,1,0
425,518,0,1,0
426,613,0,1,0
427,574,0,1,0
428,671,0,1,0
429,631,0,1,0
430,640,0,1,0
431,558,0,1,0
432,629,0,1,0
433,613,0,1,0
434,628,0,1,0
435,539,0,1,0
436,524,0,1,0
437,686,0,1,0
438,536,0,1,0
439,599,0,1,0
440,569,0,1,0
441,634,0,1,0
442,503,0,1,0
443,621,0,1,0
444,668,0,1,0
445,688,0,1,0
446,661,0,1,0
447,528,0,1,0
448,568,0,1,0
449,526,0,1,0
450,609,0,1,0
451,679,0,1,0
452,681,0,1,0
453,697,0,1,0
454,661,0,1,0
455,635,0,1,0
456,625,0,1,0
457,594,0,1,0
458,572,0,1,0
459,584,0,1,0
460,635,0,1,0
461,695,0,1,0
462,608,0,1,0
463,567,0,1,0
464,602,0,1,0
465,584,0,1,0
466,571,0,1,0
467,583,0,1,0
468,500,0,1,0
469,633,0,1,0
470,591,0,1,0
471,607,0,1,0
472,658,0,1,0
473,507,0,1,0
474,649,0,1,0
475,636,0,1,0
476,671,0,1,0
477,546,0,1,0
478,500,0,1,0
479,604,0,1,0
480,679,0,1,0
481,538,0,1,0
482,589,0,1,0
483,574,0,1,0
484,623,0,1,0
485,587,0,1,0
486,596,0,1,0
487,583,0,1,0
488,526,0,1,0
489,532,0,1,0
490,615,0,1,0
491,698,0,1,0
492,597,0,1,0
493,672,0,1,0
494,559,0,1,0
495,557,0,1,0
496,678,0,1,0
497,673,0,1,0
498,632,0,1,0
499,685,0,1,0
500,593,0,1,0
501,591,0,1,0
502,645,0,1,0
503,663,0,1,0
504,694,0,1,0
505,648,0,1,0
506,673,0,1,0
507,685,0,1,0
508,619,0,1,0
509,664,0,1,0
510,605,0,1,0
511,690,0,1,0
512,504,0,1,0
513,658,0,1,0
514,609,0,1,0
515,587,0,1,0
516,663,0,1,0
517,573,0,1,0
518,683,0,1,0
519,526,0,1,0
520,618,0,1,0
521,522,0,1,0
522,598,0,1,0
523,590,0,1,0
524,551,0,1,0
525,546,0,1,0
526,561,0,1,0
527,688,0,1,0
528,547,0,1,0
529,604,0,1,0
530,628,0,1,0
531,638,0,1,0
532,641,0,1,0
533,571,0,1,0
534,594,0,1,0
535,506,0,1,0
536,673,0,1,0
537,658,0,1,0
538,515,0,1,0
539,669,0,1,0
540,666,0,1,0
541,553,0,1,0
542,671,0,1,0
543,582,0,1,0
544,635,0,1,0
545,565,0,1,0
546,669,0,1,0
547,566,0,1,0
548,614,0,1,0
549,592,0,1,0
550,578,0,1,0
551,600,0,1,0
552,659,0,1,0
553,678,0,1,0
554,674,0,1,0
555,593,0,1,0
556,614,0,1,0
557,661,0,1,0
558,512,0,1,0
559,580,0,1,0
560,566,0,1,0
561,700,0,1,0
562,625,0,1,0
563,638,0,1,0
564,612,0,1,0
565,655,0,1,0
566,684,0,1,0
567,620,0,1,0
568,565,0,1,0
569,692,0,1,0
570,697,0,1,0
571,588,0,1,0
572,534,0,1,0
573,503,0,1,0
574,688,0,1,0
575,665,0,1,0
576,671,0,1,0
577,588,0,1,0
578,570,0,1,0
579,648,0,1,0
580,634,0,1,0
581,528,0,1,0
582,615,0,1,0
583,634,0,1,0
584,566,0,1,0
585,592,0,1,0
586,602,0,1,0
587,601,0,1,0
588,623,0,1,0
589,697,0,1,0
590,609,0,1,0
591,573,0,1,0
592,600,0,1,0
593,682,0,1,0
594,577,0,1,0
595,649,0,1,0
596,659,0,1,0
597,581,0,1,0
598,535,0,1,0
599,636,0,1,0
600,525,0,1,0
601,521,0,1,0
602,673,0,1,0
603,644,0,1,0
604,653,0,1,0
605,619,0,1,0
606,665,0,1,0
607,627,0,1,0
608,629,0,1,0
609,633,0,1,0
610,698,0,1,0
611,640,0,1,0
612,590,0,1,0
613,574,0,1,0
614,682,0,1,0
615,578,0,1,0
616,562,0,1,0
617,572,0,1,0
618,699,0,1,0
619,545,0,1,0
620,633,0,1,0
621,547,0,1,0
622,687,0,1,0
623,670,0,1,0
624,695,0,1,0
625,638,0,1,0
626,557,0,1,0
627,589,0,1,0
628,631,0,1,0
629,625,0,1,0
630,582,0,1,0
631,697,0,1,0
632,686,0,1,0
633,632,0,1,0
634,517,0,1,0
635,697,0,1,0
636,691,0,1,0
637,594,0,1,0
638,652,0,1,0
639,631,0,1,0
640,569,0,1,0
641,668,0,1,0
642,664,0,1,0
643,558,0,1,0
644,677,0,1,0
645,683,0,1,0
646,652,0,1,0
647,661,0,1,0
648,646,0,1,0
649,597,0,1,0
650,635,0,1,0
651,681,0,1,0
652,546,0,1,0
653,627,0,1,0
654,661,0,1,0
655,581,0,1,0
656,657,0,1,0
657,512,0,1,0
658,618,0,1,0
659,546,0,1,0
660,618,0,1,0
661,532,0,1,0
662,534,0,1,0
663,615,0,1,0
664,587,0,1,0
665,624,0,1,0
666,653,0,1,0
667,674,0,1,0
668,607,0,1,0
669,552,0,1,0
670,610,0,1,0
671,564,0,1,0
672,576,0,1,0
673,618,0,1,0
674,573,0,1,0
675,646,0,1,0
676,504,0,1,0
677,507,0,1,0
678,631,0,1,0
679,548,0,1,0
680,576,0,1,0
681,537,0,1,0
682,616,0,1,0
683,548,0,1,0
684,609,0,1,0
685,679,0,1,0
686,549,0,1,0
687,571,0,1,0
688,590,0,1,0
689,677,0,1,0
690,529,0,1,0
691,503,0,1,0
692,574,0,1,0
693,584,0,1,0
694,565,0,1,0
695,619,0,1,0
696,520,0,1,0
697,542,0,1,0
698,528,0,1,0
699,654,0,1,0
700,587,0,1,0
701,504,0,1,0
702,488,0,1,0
703,490,0,1,0
704,491,0,1,0
705,482,0,1,0
706,490,0,1,0
707,486,0,1,0
708,479,0,1,0
709,477,0,1,0
710,480,0,1,0
711,479,0,1,0
712,479,0,1,0
713,473,0,1,0
714,465,0,1,0
715,467,0,1,0
716,467,0,1,0
717,458,0,1,0
718,457,0,1,0
719,457,0,1,0
720,471,0,1,0
721,469,0,1,0
722,457,0,1,0
723,465,0,1,0
724,452,0,1,0
725,453,0,1,0
726,459,0,1,0
727,443,0,1,0
728,450,0,1,0
729,455,0,1,0
730,447,0,1,0
731,432,0,1,0
732,440,0,1,0
733,431,0,1,0
734,433,0,1,0
735,428,0,1,0
736,429,0,1,0
737,440,0,1,0
738,421,0,1,0
739,435,0,1,0
740,434,0,1,0
741,420,0,1,0
742,423,0,1,0
743,410,0,1,0
744,412,0,1,0
745,419,0,1,0
746,413,0,1,0
747,405,0,1,0
748,402,0,1,0
749,411,0,1,0
750,412,0,1,0
751,396,0,1,0
752,405,0,1,0
753,396,0,1,0
754,396,0,1,0
755,389,0,1,0
756,396,0,1,0
757,390,0,1,0
758,388,0,1,0
759,386,0,1,0
760,385,0,1,0
761,388,0,1,0
762,393,0,1,0
763,391,0,1,0
764,389,0,1,0
765,388,0,1,0
766,369,0,1,0
767,378,0,1,0
768,373,0,1,0
769,381,0,1,0
770,368,0,1,0
771,363,0,1,0
772,367,0,1,0
773,355,0,1,0
774,364,0,1,0
775,366,0,1,0
776,361,0,1,0
777,362,0,1,0
778,357,0,1,0
779,361,0,1,0
780,355,0,1,0
781,352,0,1,0
782,347,0,1,0
783,342,0,1,0
784,338,0,1,0
785,348,0,1,0
786,338,0,1,0
787,334,0,1,0
788,342,0,1,0
789,330,0,1,0
790,328,0,1,0
791,338,0,1,0
792,319,0,1,0
793,333,0,1,0
794,332,0,1,0
795,314,0,1,0
796,322,0,1,0
797,322,0,1,0
798,308,0,1,0
799,313,0,1,0
800,324,0,1,0
801,308,0,1,0
802,305,0,1,0
803,318,0,1,0
804,301,0,1,0
805,300,0,1,0
806,305,0,1,0
807,309,0,1,0
808,309,0,1,0
809,300,0,1,0
810,292,0,1,0
811,291,0,1,0
812,298,0,1,0
813,280,0,1,0
814,294,0,1,0
815,287,0,1,0
816,278,0,1,0
817,276,0,1,0
818,287,0,1,0
819,285,0,1,0
820,277,0,1,0
821,271,0,1,0
822,280,0,1,0
823,279,0,1,0
824,269,0,1,0
825,270,0,1,0
826,271,0,1,0
827,261,0,1,0
828,267,0,1,0
829,252,0,1,0
830,253,0,1,0
831,263,0,1,0
832,249,0,1,0
833,250,0,1,0
834,256,0,1,0
835,247,0,1,0
836,240,0,1,0
837,252,0,1,0
838,249,0,1,0
839,247,0,1,0
840,249,0,1,0
841,240,0,1,0
842,241,0,1,0
843,232,0,1,0
844,225,0,1,0
845,238,0,1,0
846,222,0,1,0
847,225,0,1,0
848,229,0,1,0
849,230,0,1,0
850,217,0,1,0
851,214,0,1,0
852,221,0,1,0
853,211,0,1,0
854,224,0,1,0
855,214,0,1,0
856,209,0,1,0
857,199,0,1,0
858,214,0,1,0
859,200,0,1,0
860,198,0,1,0
861,193,0,1,0
862,195,0,1,0
863,204,0,1,0
864,192,0,1,0
865,192,0,1,0
866,201,0,1,0
867,185,0,1,0
868,189,0,1,0
869,187,0,1,0
870,178,0,1,0
871,178,0,1,0
872,180,0,1,0
873,177,0,1,0
874,185,0,1,0
875,185,0,1,0
876,172,0,1,0
877,172,0,1,0
878,161,0,1,0
879,172,0,1,0
880,162,0,1,0
881,171,0,1,0
882,156,0,1,0
883,158,0,1,0
884,150,0,1,0
885,155,0,1,0
886,145,0,1,0
887,149,0,1,0
888,157,0,1,0
889,146,0,1,0
890,153,0,1,0
891,141,0,1,0
892,143,0,1,0
893,149,0,1,0
894,147,0,1,0
895,145,0,1,0
896,138,0,1,0
897,139,0,1,0
898,128,0,1,0
899,140,0,1,0
900,135,0,1,0
901,103,0,1,0
902,101,0,1,0
903,101,0,1,0
904,91,0,1,0
905,97,0,1,0
906,106,0,1,0
907,97,0,1,0
908,105,0,1,0
909,90,0,1,0
910,94,0,1,0
911,108,0,1,0
912,92,0,1,0
913,98,0,1,0
914,100,0,1,0
915,95,0,1,0
916,96,0,1,0
917,96,0,1,0
918,94,0,1,0
919,91,0,1,0
920,94,0,1,0
921,95,0,1,0
922,95,0,1,0
923,96,0,1,0
924,93,0,1,0
925,107,0,1,0
926,105,0,1,0
927,110,0,1,0
928,108,0,1,0
929,99,0,1,0
930,94,0,1,0
931,107,0,1,0
932,92,0,1,0
933,109,0,1,0
934,93,0,1,0
935,103,0,1,0
936,101,0,1,0
937,103,0,1,0
938,94,0,1,0
939,107,0,1,0
940,96,0,1,0
941,105,0,1,0
942,92,0,1,0
943,110,0,1,0
944,100,0,1,0
945,107,0,1,0
946,95,0,1,0
947,110,0,1,0
948,94,0,1,0
949,94,0,1,0
950,105,0,1,0
951,92,0,1,0
952,101,0,1,0
953,92,0,1,0
954,91,0,1,0
955,104,0,1,0
956,109,0,1,0
957,106,0,1,0
958,101,0,1,0
959,91,0,1,0
960,91,0,1,0
961,103,0,1,0
962,96,0,1,0
963,103,0,1,0
964,96,0,1,0
965,109,0,1,0
966,106,0,1,0
967,93,0,1,0
968,104,0,1,0
969,92,0,1,0
970,95,0,1,0
971,97,0,1,0
972,105,0,1,0
973,104,0,1,0
974,93,0,1,0
975,110,0,1,0
976,97,0,1,0
977,97,0,1,0
978,109,0,1,0
979,96,0,1,0
980,109,0,1,0
981,107,0,1,0
982,101,0,1,0
983,93,0,1,0
984,103,0,1,0
985,94,0,1,0
986,109,0,1,0
987,96,0,1,0
988,101,0,1,0
989,104,0,1,0
990,108,0,1,0
991,102,0,1,0
992,93,0,1,0
993,95,0,1,0
994,97,0,1,0
995,104,0,1,0
996,101,0,1,0
997,99,0,1,0
998,101,0,1,0
999,106,0,1,0
1000,97,0,1,0
0,88,1,0,0
1,104,1,0,0
2,83,1,0,0
3,119,1,0,0
4,103,1,0,0
5,95,1,0,0
6,90,1,0,0
7,110,1,0,0
8,114,1,0,0
9,82,1,0,0
10,114,1,0,0
11,94,1,0,0
12,114,1,0,0
13,104,1,0,0
14,95,1,0,0
15,116,1,0,0
16,123,1,0,0
17,96,1,0,0
18,89,1,0,0
19,109,1,0,0
20,102,1,0,0
21,82,1,0,0
22,107,1,0,0
23,124,1,0,0
24,84,1,0,0
25,111,1,0,0
26,81,1,0,0
27,93,1,0,0
28,99,1,0,0
29,116,1,0,0
30,84,1,0,0
31,107,1,0,0
32,83,1,0,0
33,87,1,0,0
34,81,1,0,0
35,94,1,0,0
36,87,1,0,0
37,96,1,0,0
38,82,1,0,0
39,121,1,0,0
40,110,1,0,0
41,99,1,0,0
42,114,1,0,0
43,107,1,0,0
44,110,1,0,0
45,119,1,0,0
46,118,1,0,0
47,124,1,0,0
48,98,1,0,0
49,80,1,0,0
50,114,1,0,0
51,90,1,0,0
52,97,1,0,0
53,88,1,0,0
54,93,1,0,0
55,122,1,0,0
56,110,1,0,0
57,97,1,0,0
58,84,1,0,0
59,120,1,0,0
60,107,1,0,0
61,107,1,0,0
62,99,1,0,0
63,94,1,0,0
64,80,1,0,0
65,93,1,0,0
66,92,1,0,0
67,122,1,0,0
68,83,1,0,0
69,86,1,0,0
70,83,1,0,0
71,100,1,0,0
72,95,1,0,0
73,90,1,0,0
74,103,1,0,0
75,83,1,0,0
76,121,1,0,0
77,123,1,0,0
78,116,1,0,0
79,85,1,0,0
80,87,1,0,0
81,118,1,0,0
82,102,1,0,0
83,110,1,0,0
84,114,1,0,0
85,122,1,0,0
86,100,1,0,0
87,111,1,0,0
88,92,1,0,0
89,113,1,0,0
90,118,1,0,0
91,122,1,0,0
92,102,1,0,0
93,80,1,0,0
94,114,1,0,0
95,99,1,0,0
96,84,1,0,0
97,84,1,0,0
98,115,1,0,0
99,103,1,0,0
100,89,1,0,0
101,101,1,0,0
102,105,1,0,0
103,86,1,0,0
104,117,1,0,0
105,118,1,0,0
106,119,1,0,0
107,123,1,0,0
108,110,1,0,0
109,110,1,0,0
110,82,1,0,0
111,104,1,0,0
112,97,1,0,0
113,117,1,0,0
114,105,1,0,0
115,115,1,0,0
116,96,1,0,0
117,92,1,0,0
118,102,1,0,0
119,98,1,0,0
120,124,1,0,0
121,83,1,0,0
122,108,1,0,0
123,111,1,0,0
124,100,1,0,0
125,90,1,0,0
126,88,1,0,0
127,105,1,0,0
128,88,1,0,0
129,110,1,0,0
130,92,1,0,0
131,98,1,0,0
132,109,1,0,0
133,108,1,0,0
134,124,1,0,0
135,80,1,0,0
136,89,1,0,0
137,120,1,0,0
138,108,1,0,0
139,82,1,0,0
140,96,1,0,0
141,85,1,0,0
142,106,1,0,0
143,114,1,0,0
144,83,1,0,0
145,110,1,0,0
146,94,1,0,0
147,93,1,0,0
148,100,1,0,0
149,81,1,0,0
150,94,1,0,0
151,113,1,0,0
152,100,1,0,0
153,120,1,0,0
154,104,1,0,0
155,109,1,0,0
156,108,1,0,0
157,98,1,0,0
158,98,1,0,0
159,87,1,0,0
160,110,1,0,0
161,82,1,0,0
162,82,1,0,0
163,103,1,0,0
164,97,1,0,0
165,106,1,0,0
166,109,1,0,0
167,112,1,0,0
168,90,1,0,0
169,110,1,0,0
170,83,1,0,0
171,108,1,0,0
172,117,1,0,0
173,98,1,0,0
174,118,1,0,0
175,97,1,0,0
176,90,1,0,0
177,93,1,0,0
178,97,1,0,0
179,105,1,0,0
180,82,1,0,0
181,95,1,0,0
182,124,1,0,0
183,91,1,0,0
184,117,1,0,0
185,124,1,0,0
186,118,1,0,0
187,102,1,0,0
188,103,1,0,0
189,97,1,0,0
190,81,1,0,0
191,122,1,0,0
192,109,1,0,0
193,124,1,0,0
194,96,1,0,0
195,99,1,0,0
196,116,1,0,0
197,122,1,0,0
198,117,1,0,0
199,96,1,0,0
200,115,1,0,0
201,82,1,0,0
202,115,1,0,0
203,97,1,0,0
204,96,1,0,0
205,86,1,0,0
206,114,1,0,0
207,112,1,0,0
208,89,1,0,0
209,114,1,0,0
210,83,1,0,0
211,118,1,0,0
212,91,1,0,0
213,109,1,0,0
214,116,1,0,0
215,109,1,0,0
216,83,1,0,0
217,106,1,0,0
218,116,1,0,0
219,89,1,0,0
220,111,1,0,0
221,101,1,0,0
222,108,1,0,0
223,84,1,0,0
224,99,1,0,0
225,87,1,0,0
226,109,1,0,0
227,116,1,0,0
228,122,1,0,0
229,93,1,0,0
230,98,1,0,0
231,112,1,0,0
232,118,1,0,0
233,120,1,0,0
234,109,1,0,0
235,94,1,0,0
236,118,1,0,0
237,102,1,0,0
238,117,1,0,0
239,80,1,0,0
240,120,1,0,0
241,120,1,0,0
242,117,1,0,0
243,121,1,0,0
244,124,1,0,0
245,99,1,0,0
246,92,1,0,0
247,82,1,0,0
248,93,1,0,0
249,103,1,0,0
250,81,1,0,0
251,84,1,0,0
252,80,1,0,0
253,103,1,0,0
254,99,1,0,0
255,90,1,0,0
256,121,1,0,0
257,81,1,0,0
258,82,1,0,0
259,103,1,0,0
260,92,1,0,0
261,119,1,0,0
262,116,1,0,0
263,115,1,0,0
264,115,1,0,0
265,106,1,0,0
266,99,1,0,0
267,84,1,0,0
268,119,1,0,0
269,103,1,0,0
270,90,1,0,0
271,95,1,0,0
272,108,1,0,0
273,124,1,0,0
274,93,1,0,0
275,113,1,0,0
276,95,1,0,0
277,97,1,0,0
278,104,1,0,0
279,103,1,0,0
280,122,1,0,0
281,88,1,0,0
282,120,1,0,0
283,93,1,0,0
284,105,1,0,0
285,111,1,0,0
286,90,1,0,0
287,118,1,0,0
288,96,1,0,0
289,103,1,0,0
290,100,1,0,0
291,117,1,0,0
292,97,1,0,0
293,95,1,0,0
294,101,1,0,0
295,99,1,0,0
296,100,1,0,0
297,83,1,0,0
298,117,1,0,0
299,90,1,0,0
300,91,1,0,0
301,86,1,0,0
302,106,1,0,0
303,97,1,0,0
304,121,1,0,0
305,92,1,0,0
306,88,1,0,0
307,80,1,0,0
308,110,1,0,0
309,98,1,0,0
310,107,1,0,0
311,122,1,0,0
312,86,1,0,0
313,117,1,0,0
314,119,1,0,0
315,112,1,0,0
316,119,1,0,0
317,104,1,0,0
318,96,1,0,0
319,85,1,0,0
320,96,1,0,0
321,114,1,0,0
322,97,1,0,0
323,102,1,0,0
324,96,1,0,0
325,83,1,0,0
326,92,1,0,0
327,105,1,0,0
328,85,1,0,0
329,82,1,0,0
330,80,1,0,0
331,89,1,0,0
332,93,1,0,0
333,83,1,0,0
334,95,1,0,0
335,98,1,0,0
336,100,1,0,0
337,95,1,0,0
338,93,1,0,0
339,91,1,0,0
340,104,1,0,0
341,117,1,0,0
342,97,1,0,0
343,100,1,0,0
344,119,1,0,0
345,118,1,0,0
346,117,1,0,0
347,104,1,0,0
348,99,1,0,0
349,107,1,0,0
350,101,1,0,0
351,80,1,0,0
352,89,1,0,0
353,81,1,0,0
354,116,1,0,0
355,113,1,0,0
356,112,1,0,0
357,102,1,0,0
358,106,1,0,0
359,102,1,0,0
360,108,1,0,0
361,86,1,0,0
362,110,1,0,0
363,83,1,0,0
364,108,1,0,0
365,115,1,0,0
366,111,1,0,0
367,99,1,0,0
368,121,1,0,0
369,94,1,0,0
370,87,1,0,0
371,120,1,0,0
372,93,1,0,0
373,92,1,0,0
374,115,1,0,0
375,82,1,0,0
376,123,1,0,0
377,98,1,0,0
378,115,1,0,0
379,82,1,0,0
380,112,1,0,0
381,86,1,0,0
382,105,1,0,0
383,111,1,0,0
384,123,1,0,0
385,98,1,0,0
386,92,1,0,0
387,97,1,0,0
388,113,1,0,0
389,82,1,0,0
390,123,1,0,0
391,110,1,0,0
392,98,1,0,0
393,118,1,0,0
394,124,1,0,0
395,82,1,0,0
396,116,1,0,0
397,117,1,0,0
398,87,1,0,0
399,117,1,0,0
400,116,1,0,0
401,81,1,0,0
402,101,1,0,0
403,93,1,0,0
404,110,1,0,0
405,108,1,0,0
406,96,1,0,0
407,97,1,0,0
408,112,1,0,0
409,100,1,0,0
410,115,1,0,0
411,98,1,0,0
412,103,1,0,0
413,122,1,0,0
414,118,1,0,0
415,115,1,0,0
416,87,1,0,0
417,93,1,0,0
418,98,1,0,0
419,123,1,0,0
420,103,1,0,0
421,108,1,0,0
422,104,1,0,0
423,101,1,0,0
424,81,1,0,0
425,123,1,0,0
426,110,1,0,0
427,108,1,0,0
428,107,1,0,0
429,121,1,0,0
430,102,1,0,0
431,93,1,0,0
432,105,1,0,0
433,89,1,0,0
434,85,1,0,0
435,122,1,0,0
436,87,1,0,0
437,94,1,0,0
438,106,1,0,0
439,81,1,0,0
440,87,1,0,0
441,120,1,0,0
442,106,1,0,0
443,98,1,0,0
444,96,1,0,0
445,123,1,0,0
446,103,1,0,0
447,90,1,0,0
448,84,1,0,0
449,119,1,0,0
450,114,1,0,0
451,80,1,0,0
452,81,1,0,0
453,99,1,0,0
454,84,1,0,0
455,121,1,0,0
456,86,1,0,0
457,117,1,0,0
458,100,1,0,0
459,96,1,0,0
460,92,1,0,0
461,117,1,0,0
462,121,1,0,0
463,117,1,0,0
464,83,1,0,0
465,112,1,0,0
466,112,1,0,0
467,120,1,0,0
468,102,1,0,0
469,120,1,0,0
470,108,1,0,0
471,102,1,0,0
472,118,1,0,0
473,81,1,0,0
474,109,1,0,0
475,107,1,0,0
476,87,1,0,0
477,124,1,0,0
478,94,1,0,0
479,85,1,0,0
480,112,1,0,0
481,111,1,0,0
482,107,1,0,0
483,113,1,0,0
484,110,1,0,0
485,94,1,0,0
486,122,1,0,0
487,108,1,0,0
488,103,1,0,0
489,109,1,0,0
490,97,1,0,0
491,118,1,0,0
492,85,1,0,0
493,87,1,0,0
494,84,1,0,0
495,103,1,0,0
496,82,1,0,0
497,99,1,0,0
498,102,1,0,0
499,98,1,0,0
500,114,1,0,0
501,99,1,0,0
502,92,1,0,0
503,91,1,0,0
504,117,1,0,0
505,95,1,0,0
506,89,1,0,0
507,91,1,0,0
508,110,1,0,0
509,85,1,0,0
510,81,1,0,0
511,106,1,0,0
512,117,1,0,0
513,105,1,0,0
514,116,1,0,0
515,119,1,0,0
516,98,1,0,0
517,83,1,0,0
518,113,1,0,0
519,117,1,0,0
520,121,1,0,0
521,86,1,0,0
522,94,1,0,0
523,98,1,0,0
524,98,1,0,0
525,110,1,0,0
526,99,1,0,0
527,100,1,0,0
528,89,1,0,0
529,95,1,0,0
530,124,1,0,0
531,93,1,0,0
532,105,1,0,0
533,117,1,0,0
534,106,1,0,0
535,102,1,0,0
536,94,1,0,0
537,124,1,0,0
538,88,1,0,0
539,109,1,0,0
540,87,1,0,0
541,116,1,0,0
542,80,1,0,0
543,119,1,0,0
544,114,1,0,0
545,84,1,0,0
546,92,1,0,0
547,120,1,0,0
548,114,1,0,0
549,109,1,0,0
550,112,1,0,0
551,95,1,0,0
552,98,1,0,0
553,92,1,0,0
554,101,1,0,0
555,103,1,0,0
556,83,1,0,0
557,95,1,0,0
558,89,1,0,0
559,88,1,0,0
560,96,1,0,0
561,107,1,0,0
562,106,1,0,0
563,107,1,0,0
564,104,1,0,0
565,120,1,0,0
566,114,1,0,0
567,103,1,0,0
568,90,1,0,0
569,92,1,0,0
570,124,1,0,0
571,99,1,0,0
572,87,1,0,0
573,116,1,0,0
574,98,1,0,0
575,121,1,0,0
576,109,1,0,0
577,91,1,0,0
578,86,1,0,0
579,111,1,0,0
580,94,1,0,0
581,89,1,0,0
582,94,1,0,0
583,102,1,0,0
584,107,1,0,0
585,82,1,0,0
586,100,1,0,0
587,115,1,0,0
588,87,1,0,0
589,80,1,0,0
590,81,1,0,0
591,82,1,0,0
592,100,1,0,0
593,80,1,0,0
594,94,1,0,0
595,83,1,0,0
596,88,1,0,0
597,115,1,0,0
598,92,1,0,0
599,111,1,0,0
600,100,1,0,0
601,117,1,0,0
602,120,1,0,0
603,98,1,0,0
604,107,1,0,0
605,91,1,0,0
606,87,1,0,0
607,116,1,0,0
608,118,1,0,0
609,99,1,0,0
610,107,1,0,0
611,118,1,0,0
612,115,1,0,0
613,81,1,0,0
614,111,1,0,0
615,114,1,0,0
616,108,1,0,0
617,93,1,0,0
618,102,1,0,0
619,121,1,0,0
620,119,1,0,0
621,103,1,0,0
622,99,1,0,0
623,91,1,0,0
624,91,1,0,0
625,111,1,0,0
626,118,1,0,0
627,96,1,0,0
628,118,1,0,0
629,124,1,0,0
630,115,1,0,0
631,100,1,0,0
632,112,1,0,0
633,117,1,0,0
634,97,1,0,0
635,83,1,0,0
636,80,1,0,0
637,86,1,0,0
638,80,1,0,0
639,120,1,0,0
640,96,1,0,0
641,87,1,0,0
642,104,1,0,0
643,123,1,0,0
644,105,1,0,0
645,122,1,0,0
646,82,1,0,0
647,96,1,0,0
648,102,1,0,0
649,107,1,0,0
650,84,1,0,0
651,113,1,0,0
652,111,1,0,0
653,101,1,0,0
654,85,1,0,0
655,116,1,0,0
656,108,1,0,0
657,107,1,0,0
658,116,1,0,0
659,82,1,0,0
660,94,1,0,0
661,87,1,0,0
662,81,1,0,0
663,121,1,0,0
664,83,1,0,0
665,106,1,0,0
666,111,1,0,0
667,102,1,0,0
668,106,1,0,0
669,108,1,0,0
670,97,1,0,0
671,109,1,0,0
672,91,1,0,0
673,118,1,0,0
674,105,1,0,0
675,115,1,0,0
676,81,1,0,0
677,98,1,0,0
678,106,1,0,0
679,124,1,0,0
680,123,1,0,0
681,87,1,0,0
682,111,1,0,0
683,92,1,0,0
684,102,1,0,0
685,115,1,0,0
686,100,1,0,0
687,122,1,0,0
688,94,1,0,0
689,82,1,0,0
690,124,1,0,0
691,103,1,0,0
692,101,1,0,0
693,112,1,0,0
694,96,1,0,0
695,80,1,0,0
696,94,1,0,0
697,97,1,0,0
698,123,1,0,0
699,97,1,0,0
700,84,1,0,0
701,111,1,0,0
702,105,1,0,0
703,96,1,0,0
704,119,1,0,0
705,81,1,0,0
706,93,1,0,0
707,103,1,0,0
708,113,1,0,0
709,115,1,0,0
710,89,1,0,0
711,121,1,0,0
712,115,1,0,0
713,85,1,0,0
714,100,1,0,0
715,115,1,0,0
716,96,1,0,0
717,107,1,0,0
718,83,1,0,0
719,123,1,0,0
720,117,1,0,0
721,112,1,0,0
722,124,1,0,0
723,96,1,0,0
724,84,1,0,0
725,84,1,0,0
726,106,1,0,0
727,122,1,0,0
728,115,1,0,0
729,106,1,0,0
730,84,1,0,0
731,103,1,0,0
732,124,1,0,0
733,104,1,0,0
734,90,1,0,0
735,111,1,0,0
736,92,1,0,0
737,106,1,0,0
738,82,1,0,0
739,124,1,0,0
740,94,1,0,0
741,94,1,0,0
742,118,1,0,0
743,113,1,0,0
744,87,1,0,0
745,97,1,0,0
746,105,1,0,0
747,92,1,0,0
748,95,1,0,0
749,105,1,0,0
750,105,1,0,0
751,87,1,0,0
752,118,1,0,0
753,116,1,0,0
754,121,1,0,0
755,102,1,0,0
756,109,1,0,0
757,92,1,0,0
758,89,1,0,0
759,81,1,0,0
760,90,1,0,0
761,93,1,0,0
762,87,1,0,0
763,118,1,0,0
764,116,1,0,0
765,119,1,0,0
766,109,1,0,0
767,81,1,0,0
768,95,1,0,0
769,105,1,0,0
770,91,1,0,0
771,110,1,0,0
772,111,1,0,0
773,100,1,0,0
774,98,1,0,0
775,88,1,0,0
776,120,1,0,0
777,108,1,0,0
778,117,1,0,0
779,105,1,0,0
780,88,1,0,0
781,90,1,0,0
782,88,1,0,0
783,119,1,0,0
784,108,1,0,0
785,122,1,0,0
786,114,1,0,0
787,89,1,0,0
788,104,1,0,0
789,114,1,0,0
790,103,1,0,0
791,122,1,0,0
792,124,1,0,0
793,81,1,0,0
794,105,1,0,0
795,90,1,0,0
796,91,1,0,0
797,118,1,0,0
798,81,1,0,0
799,91,1,0,0
800,118,1,0,0
801,88,1,0,0
802,103,1,0,0
803,113,1,0,0
804,118,1,0,0
805,108,1,0,0
806,114,1,0,0
807,92,1,0,0
808,80,1,0,0
809,105,1,0,0
810,87,1,0,0
811,91,1,0,0
812,116,1,0,0
813,93,1,0,0
814,84,1,0,0
815,122,1,0,0
816,106,1,0,0
817,107,1,0,0
818,110,1,0,0
819,114,1,0,0
820,80,1,0,0
821,115,1,0,0
822,109,1,0,0
823,105,1,0,0
824,112,1,0,0
825,87,1,0,0
826,109,1,0,0
827,89,1,0,0
828,94,1,0,0
829,83,1,0,0
830,108,1,0,0
831,102,1,0,0
832,103,1,0,0
833,112,1,0,0
834,102,1,0,0
835,122,1,0,0
836,88,1,0,0
837,100,1,0,0
838,95,1,0,0
839,121,1,0,0
840,83,1,0,0
841,105,1,0,0
842,123,1,0,0
843,110,1,0,0
844,118,1,0,0
845,111,1,0,0
846,97,1,0,0
847,109,1,0,0
848,84,1,0,0
849,114,1,0,0
850,101,1,0,0
851,99,1,0,0
852,85,1,0,0
853,100,1,0,0
854,123,1,0,0
855,88,1,0,0
856,110,1,0,0
857,119,1,0,0
858,92,1,0,0
859,109,1,0,0
860,88,1,0,0
861,105,1,0,0
862,96,1,0,0
863,102,1,0,0
864,112,1,0,0
865,95,1,0,0
866,117,1,0,0
867,115,1,0,0
868,119,1,0,0
869,106,1,0,0
870,86,1,0,0
871,92,1,0,0
872,121,1,0,0
873,85,1,0,0
874,119,1,0,0
875,91,1,0,0
876,123,1,0,0
877,95,1,0,0
878,116,1,0,0
879,87,1,0,0
880,105,1,0,0
881,98,1,0,0
882,113,1,0,0
883,109,1,0,0
884,122,1,0,0
885,106,1,0,0
886,114,1,0,0
887,100,1,0,0
888,80,1,0,0
889,100,1,0,0
890,114,1,0,0
891,105,1,0,0
892,103,1,0,0
893,85,1,0,0
894,116,1,0,0
895,115,1,0,0
896,97,1,0,0
897,99,1,0,0
898,115,1,0,0
899,106,1,0,0
900,114,1,0,0
901,114,1,0,0
902,83,1,0,0
903,112,1,0,0
904,100,1,0,0
905,94,1,0,0
906,116,1,0,0
907,89,1,0,0
908,92,1,0,0
909,84,1,0,0
910,95,1,0,0
911,107,1,0,0
912,81,1,0,0
913,120,1,0,0
914,94,1,0,0
915,120,1,0,0
916,108,1,0,0
917,80,1,0,0
918,117,1,0,0
919,112,1,0,0
920,123,1,0,0
921,86,1,0,0
922,84,1,0,0
923,80,1,0,0
924,120,1,0,0
925,95,1,0,0
926,101,1,0,0
927,115,1,0,0
928,104,1,0,0
929,118,1,0,0
930,120,1,0,0
931,109,1,0,0
932,118,1,0,0
933,119,1,0,0
934,123,1,0,0
935,81,1,0,0
936,107,1,0,0
937,113,1,0,0
938,82,1,0,0
939,114,1,0,0
940,115,1,0,0
941,92,1,0,0
942,82,1,0,0
943,123,1,0,0
944,100,1,0,0
945,88,1,0,0
946,118,1,0,0
947,89,1,0,0
948,124,1,0,0
949,101,1,0,0
950,108,1,0,0
951,91,1,0,0
952,93,1,0,0
953,80,1,0,0
954,103,1,0,0
955,85,1,0,0
956,112,1,0,0
957,91,1,0,0
958,120,1,0,0
959,84,1,0,0
960,97,1,0,0
961,97,1,0,0
962,92,1,0,0
963,103,1,0,0
964,101,1,0,0
965,88,1,0,0
966,94,1,0,0
967,90,1,0,0
968,117,1,0,0
969,118,1,0,0
970,124,1,0,0
971,97,1,0,0
972,115,1,0,0
973,83,1,0,0
974,111,1,0,0
975,111,1,0,0
976,96,1,0,0
977,84,1,0,0
978,104,1,0,0
979,113,1,0,0
980,120,1,0,0
981,80,1,0,0
982,91,1,0,0
983,92,1,0,0
984,117,1,0,0
985,81,1,0,0
986,123,1,0,0
987,94,1,0,0
988,99,1,0,0
989,100,1,0,0
990,100,1,0,0
991,80,1,0,0
992,118,1,0,0
993,96,1,0,0
994,107,1,0,0
995,103,1,0,0
996,118,1,0,0
997,88,1,0,0
998,85,1,0,0
999,84,1,0,0
1000,83,1,0,0
0,89,2,1,0
1,96,2,1,0
2,84,2,1,0
3,90,2,1,0
4,92,2,1,0
5,95,2,1,0
6,94,2,1,0
7,91,2,1,0
8,86,2,1,0
9,90,2,1,0
10,81,2,1,0
11,87,2,1,0
12,99,2,1,0
13,89,2,1,0
14,95,2,1,0
15,81,2,1,0
16,94,2,1,0
17,87,2,1,0
18,93,2,1,0
19,96,2,1,0
20,99,2,1,0
21,90,2,1,0
22,86,2,1,0
23,83,2,1,0
24,100,2,1,0
25,80,2,1,0
26,93,2,1,0
27,93,2,1,0
28,100,2,1,0
29,98,2,1,0
30,98,2,1,0
31,100,2,1,0
32,80,2,1,0
33,83,2,1,0
34,83,2,1,0
35,81,2,1,0
36,88,2,1,0
37,80,2,1,0
38,100,2,1,0
39,86,2,1,0
40,94,2,1,0
41,83,2,1,0
42,92,2,1,0
43,84,2,1,0
44,95,2,1,0
45,100,2,1,0
46,94,2,1,0
47,86,2,1,0
48,98,2,1,0
49,80,2,1,0
50,84,2,1,0
51,80,2,1,0
52,84,2,1,0
53,98,2,1,0
54,81,2,1,0
55,87,2,1,0
56,81,2,1,0
57,81,2,1,0
58,85,2,1,0
59,88,2,1,0
60,81,2,1,0
61,81,2,1,0
62,97,2,1,0
63,87,2,1,0
64,80,2,1,0
65,93,2,1,0
66,98,2,1,0
67,86,2,1,0
68,85,2,1,0
69,91,2,1,0
70,90,2,1,0
71,94,2,1,0
72,81,2,1,0
73,93,2,1,0
74,95,2,1,0
75,97,2,1,0
76,97,2,1,0
77,88,2,1,0
78,99,2,1,0
79,80,2,1,0
80,87,2,1,0
81,84,2,1,0
82,99,2,1,0
83,86,2,1,0
84,94,2,1,0
85,80,2,1,0
86,91,2,1,0
87,81,2,1,0
88,100,2,1,0
89,81,2,1,0
90,100,2,1,0
91,92,2,1,0
92,92,2,1,0
93,90,2,1,0
94,93,2,1,0
95,95,2,1,0
96,98,2,1,0
97,80,2,1,0
98,95,2,1,0
99,90,2,1,0
100,89,2,1,0
101,90,2,1,0
102,96,2,1,0
103,85,2,1,0
104,84,2,1,0
105,90,2,1,0
106,86,2,1,0
107,89,2,1,0
108,86,2,1,0
109,94,2,1,0
110,87,2,1,0
111,80,2,1,0
112,98,2,1,0
113,98,2,1,0
114,91,2,1,0
115,96,2,1,0
116,88,2,1,0
117,99,2,1,0
118,100,2,1,0
119,88,2,1,0
120,97,2,1,0
121,92,2,1,0
122,95,2,1,0
123,81,2,1,0
124,80,2,1,0
125,82,2,1,0
126,83,2,1,0
127,84,2,1,0
128,87,2,1,0
129,92,2,1,0
130,93,2,1,0
131,97,2,1,0
132,93,2,1,0
133,100,2,1,0
134,88,2,1,0
135,100,2,1,0
136,86,2,1,0
137,83,2,1,0
138,83,2,1,0
139,96,2,1,0
140,100,2,1,0
141,95,2,1,0
142,82,2,1,0
143,90,2,1,0
144,90,2,1,0
145,85,2,1,0
146,95,2,1,0
147,100,2,1,0
148,97,2,1,0
149,93,2,1,0
150,82,2,1,0
151,81,2,1,0
152,88,2,1,0
153,91,2,1,0
154,90,2,1,0
155,90,2,1,0
156,84,2,1,0
157,93,2,1,0
158,86,2,1,0
159,84,2,1,0
160,91,2,1,0
161,91,2,1,0
162,96,2,1,0
163,87,2,1,0
164,95,2,1,0
165,90,2,1,0
166,84,2,1,0
167,84,2,1,0
168,90,2,1,0
169,95,2,1,0
170,96,2,1,0
171,98,2,1,0
172,84,2,1,0
173,88,2,1,0
174,100,2,1,0
175,82,2,1,0
176,80,2,1,0
177,99,2,1,0
178,93,2,1,0
179,85,2,1,0
180,97,2,1,0
181,85,2,1,0
182,90,2,1,0
183,99,2,1,0
184,82,2,1,0
185,87,2,1,0
186,92,2,1,0
187,88,2,1,0
188,99,2,1,0
189,88,2,1,0
190,90,2,1,0
191,82,2,1,0
192,85,2,1,0
193,100,2,1,0
194,81,2,1,0
195,95,2,1,0
196,81,2,1,0
197,82,2,1,0
198,90,2,1,0
199,98,2,1,0
200,100,2,1,0
201,104,2,1,0
202,104,2,1,0
203,97,2,1,0
204,106,2,1,0
205,103,2,1,0
206,106,2,1,0
207,105,2,1,0
208,106,2,1,0
209,104,2,1,0
210,110,2,1,0
211,103,2,1,0
212,108,2,1,0
213,108,2,1,0
214,113,2,1,0
215,110,2,1,0
216,111,2,1,0
217,113,2,1,0
218,110,2,1,0
219,110,2,1,0
220,119,2,1,0
221,112,2,1,0
222,112,2,1,0
223,112,2,1,0
224,113,2,1,0
225,121,2,1,0
226,123,2,1,0
227,123,2,1,0
228,118,2,1,0
229,121,2,1,0
230,117,2,1,0
231,124,2,1,0
232,125,2,1,0
233,124,2,1,0
234,128,2,1,0
235,129,2,1,0
236,130,2,1,0
237,129,2,1,0
238,131,2,1,0
239,129,2,1,0
240,132,2,1,0
241,132,2,1,0
242,131,2,1,0
243,129,2,1,0
244,130,2,1,0
245,128,2,1,0
246,132,2,1,0
247,136,2,1,0
248,136,2,1,0
249,132,2,1,0
250,132,2,1,0
251,134,2,1,0
252,134,2,1,0
253,142,2,1,0
254,144,2,1,0
255,138,2,1,0
256,146,2,1,0
257,146,2,1,0
258,144,2,1,0
259,141,2,1,0
260,147,2,1,0
261,140,2,1,0
262,143,2,1,0
263,147,2,1,0
264,149,2,1,0
265,146,2,1,0
266,147,2,1,0
267,153,2,1,0
268,151,2,1,0
269,152,2,1,0
270,156,2,1,0
271,157,2,1,0
272,151,2,1,0
273,156,2,1,0
274,156,2,1,0
275,159,2,1,0
276,161,2,1,0
277,152,2,1,0
278,157,2,1,0
279,161,2,1,0
280,161,2,1,0
281,162,2,1,0
282,160,2,1,0
283,161,2,1,0
284,160,2,1,0
285,161,2,1,0
286,161,2,1,0
287,164,2,1,0
288,165,2,1,0
289,162,2,1,0
290,169,2,1,0
291,167,2,1,0
292,167,2,1,0
293,166,2,1,0
294,169,2,1,0
295,174,2,1,0
296,171,2,1,0
297,176,2,1,0
298,171,2,1,0
299,169,2,1,0
300,171,2,1,0
301,175,2,1,0
302,171,2,1,0
303,175,2,1,0
304,179,2,1,0
305,177,2,1,0
306,182,2,1,0
307,178,2,1,0
308,185,2,1,0
309,182,2,1,0
310,183,2,1,0
311,184,2,1,0
312,184,2,1,0
313,187,2,1,0
314,186,2,1,0
315,190,2,1,0
316,185,2,1,0
317,184,2,1,0
318,186,2,1,0
319,186,2,1,0
320,191,2,1,0
321,186,2,1,0
322,194,2,1,0
323,190,2,1,0
324,191,2,1,0
325,193,2,1,0
326,194,2,1,0
327,197,2,1,0
328,200,2,1,0
329,197,2,1,0
330,198,2,1,0
331,199,2,1,0
332,201,2,1,0
333,198,2,1,0
334,204,2,1,0
335,201,2,1,0
336,200,2,1,0
337,206,2,1,0
338,202,2,1,0
339,199,2,1,0
340,206,2,1,0
341,209,2,1,0
342,204,2,1,0
343,205,2,1,0
344,207,2,1,0
345,209,2,1,0
346,207,2,1,0
347,212,2,1,0
348,213,2,1,0
349,213,2,1,0
350,216,2,1,0
351,215,2,1,0
352,215,2,1,0
353,214,2,1,0
354,214,2,1,0
355,216,2,1,0
356,215,2,1,0
357,215,2,1,0
358,215,2,1,0
359,219,2,1,0
360,215,2,1,0
361,223,2,1,0
362,218,2,1,0
363,225,2,1,0
364,219,2,1,0
365,226,2,1,0
366,224,2,1,0
367,228,2,1,0
368,229,2,1,0
369,229,2,1,0
370,227,2,1,0
371,229,2,1,0
372,233,2,1,0
373,233,2,1,0
374,228,2,1,0
375,229,2,1,0
376,229,2,1,0
377,234,2,1,0
378,233,2,1,0
379,229,2,1,0
380,239,2,1,0
381,230,2,1,0
382,236,2,1,0
383,234,2,1,0
384,236,2,1,0
385,236,2,1,0
386,234,2,1,0
387,243,2,1,0
388,238,2,1,0
389,237,2,1,0
390,242,2,1,0
391,239,2,1,0
392,241,2,1,0
393,242,2,1,0
394,244,2,1,0
395,242,2,1,0
396,242,2,1,0
397,245,2,1,0
398,244,2,1,0
399,244,2,1,0
400,247,2,1,0
401,672,2,1,0
402,692,2,1,0
403,561,2,1,0
404,538,2,1,0
405,531,2,1,0
406,579,2,1,0
407,669,2,1,0
408,521,2,1,0
409,678,2,1,0
410,661,2,1,0
411,611,2,1,0
412,630,2,1,0
413,551,2,1,0
414,662,2,1,0
415,671,2,1,0
416,649,2,1,0
417,502,2,1,0
418,697,2,1,0
419,616,2,1,0
420,619,2,1,0
421,631,2,1,0
422,687,2,1,0
423,538,2,1,0
424,614,2,1,0
425,669,2,1,0
426,582,2,1,0
427,697,2,1,0
428,686,2,1,0
429,548,2,1,0
430,514,2,1,0
431,693,2,1,0
432,521,2,1,0
433,506,2,1,0
434,668,2,1,0
435,524,2,1,0
436,504,2,1,0
437,674,2,1,0
438,688,2,1,0
439,558,2,1,0
440,699,2,1,0
441,640,2,1,0
442,616,2,1,0
443,668,2,1,0
444,698,2,1,0
445,583,2,1,0
446,686,2,1,0
447,536,2,1,0
448,639,2,1,0
449,512,2,1,0
450,690,2,1,0
451,690,2,1,0
452,549,2,1,0
453,693,2,1,0
454,699,2,1,0
455,540,2,1,0
456,583,2,1,0
457,699,2,1,0
458,514,2,1,0
459,612,2,1,0
460,654,2,1,0
461,604,2,1,0
462,647,2,1,0
463,564,2,1,0
464,691,2,1,0
465,592,2,1,0
466,626,2,1,0
467,593,2,1,0
468,634,2,1,0
469,562,2,1,0
470,589,2,1,0
471,593,2,1,0
472,576,2,1,0
473,511,2,1,0
474,663,2,1,0
475,591,2,1,0
476,552,2,1,0
477,532,2,1,0
478,612,2,1,0
479,634,2,1,0
480,637,2,1,0
481,543,2,1,0
482,620,2,1,0
483,513,2,1,0
484,556,2,1,0
485,633,2,1,0
486,532,2,1,0
487,624,2,1,0
488,700,2,1,0
489,571,2,1,0
490,526,2,1,0
491,656,2,1,0
492,684,2,1,0
493,665,2,1,0
494,632,2,1,0
495,615,2,1,0
496,527,2,1,0
497,587,2,1,0
498,613,2,1,0
499,524,2,1,0
500,612,2,1,0
501,692,2,1,0
502,624,2,1,0
503,579,2,1,0
504,630,2,1,0
505,530,2,1,0
506,502,2,1,0
507,695,2,1,0
508,577,2,1,0
509,540,2,1,0
510,690,2,1,0
511,525,2,1,0
512,601,2,1,0
513,503,2,1,0
514,562,2,1,0
515,628,2,1,0
516,684,2,1,0
517,609,2,1,0
518,548,2,1,0
519,681,2,1,0
520,596,2,1,0
521,575,2,1,0
522,603,2,1,0
523,640,2,1,0
524,674,2,1,0
525,605,2,1,0
526,537,2,1,0
527,625,2,1,0
528,538,2,1,0
529,529,2,1,0
530,629,2,1,0
531,635,2,1,0
532,575,2,1,0
533,551,2,1,0
534,637,2,1,0
535,671,2,1,0
536,535,2,1,0
537,653,2,1,0
538,536,2,1,0
539,670,2,1,0
540,550,2,1,0
541,524,2,1,0
542,578,2,1,0
543,502,2,1,0
544,623,2,1,0
545,638,2,1,0
546,514,2,1,0
547,684,2,1,0
548,650,2,1,0
549,536,2,1,0
550,662,2,1,0
551,635,2,1,0
552,622,2,1,0
553,634,2,1,0
554,670,2,1,0
555,508,2,1,0
556,631,2,1,0
557,609,2,1,0
558,680,2,1,0
559,645,2,1,0
560,526,2,1,0
561,571,2,1,0
562,567,2,1,0
563,506,2,1,0
564,544,2,1,0
565,540,2,1,0
566,566,2,1,0
567,675,2,1,0
568,573,2,1,0
569,571,2,1,0
570,541,2,1,0
571,598,2,1,0
572,652,2,1,0
573,610,2,1,0
574,629,2,1,0
575,624,2,1,0
576,657,2,1,0
577,649,2,1,0
578,597,2,1,0
579,639,2,1,0
580,521,2,1,0
581,589,2,1,0
582,634,2,1,0
583,589,2,1,0
584,630,2,1,0
585,545,2,1,0
586,692,2,1,0
587,555,2,1,0
588,601,2,1,0
589,654,2,1,0
590,627,2,1,0
591,665,2,1,0
592,544,2,1,0
593,631,2,1,0
594,507,2,1,0
595,663,2,1,0
596,699,2,1,0
597,584,2,1,0
598,502,2,1,0
599,611,2,1,0
600,635,2,1,0
601,639,2,1,0
602,698,2,1,0
603,533,2,1,0
604,554,2,1,0
605,696,2,1,0
606,593,2,1,0
607,548,2,1,0
608,584,2,1,0
609,700,2,1,0
610,583,2,1,0
611,574,2,1,0
612,683,2,1,0
613,670,2,1,0
614,663,2,1,0
615,666,2,1,0
616,657,2,1,0
617,541,2,1,0
618,676,2,1,0
619,548,2,1,0
620,529,2,1,0
621,586,2,1,0
622,636,2,1,0
623,546,2,1,0
624,639,2,1,0
625,689,2,1,0
626,518,2,1,0
627,578,2,1,0
628,667,2,1,0
629,504,2,1,0
630,501,2,1,0
631,580,2,1,0
632,683,2,1,0
633,678,2,1,0
634,606,2,1,0
635,685,2,1,0
636,538,2,1,0
637,644,2,1,0
638,648,2,1,0
639,621,2,1,0
640,544,2,1,0
641,505,2,1,0
642,700,2,1,0
643,687,2,1,0
644,611,2,1,0
645,618,2,1,0
646,507,2,1,0
647,614,2,1,0
648,699,2,1,0
649,542,2,1,0
650,694,2,1,0
651,646,2,1,0
652,563,2,1,0
653,572,2,1,0
654,696,2,1,0
655,540,2,1,0
656,684,2,1,0
657,540,2,1,0
658,638,2,1,0
659,616,2,1,0
660,547,2,1,0
661,586,2,1,0
662,671,2,1,0
663,549,2,1,0
664,696,2,1,0
665,544,2,1,0
666,597,2,1,0
667,628,2,1,0
668,571,2,1,0
669,605,2,1,0
670,605,2,1,0
671,505,2,1,0
672,529,2,1,0
673,640,2,1,0
674,565,2,1,0
675,616,2,1,0
676,695,2,1,0
677,683,2,1,0
678,534,2,1,0
679,581,2,1,0
680,550,2,1,0
681,551,2,1,0
682,608,2,1,0
683,660,2,1,0
684,568,2,1,0
685,655,2,1,0
686,686,2,1,0
687,565,2,1,0
688,516,2,1,0
689,534,2,1,0
690,625,2,1,0
691,581,2,1,0
692,544,2,1,0
693,579,2,1,0
694,563,2,1,0
695,591,2,1,0
696,681,2,1,0
697,601,2,1,0
698,694,2,1,0
699,535,2,1,0
700,665,2,1,0
701,494,2,1,0
702,492,2,1,0
703,485,2,1,0
704,499,2,1,0
705,485,2,1,0
706,485,2,1,0
707,488,2,1,0
708,479,2,1,0
709,482,2,1,0
710,481,2,1,0
711,481,2,1,0
712,482,2,1,0
713,472,2,1,0
714,474,2,1,0
715,468,2,1,0
716,472,2,1,0
717,473,2,1,0
718,460,2,1,0
719,464,2,1,0
720,465,2,1,0
721,470,2,1,0
722,461,2,1,0
723,454,2,1,0
724,459,2,1,0
725,452,2,1,0
726,453,2,1,0
727,456,2,1,0
728,439,2,1,0
729,442,2,1,0
730,443,2,1,0
731,433,2,1,0
732,437,2,1,0
733,435,2,1,0
734,435,2,1,0
735,430,2,1,0
736,442,2,1,0
737,437,2,1,0
738,427,2,1,0
739,426,2,1,0
740,428,2,1,0
741,424,2,1,0
742,420,2,1,0
743,423,2,1,0
744,410,2,1,0
745,416,2,1,0
746,406,2,1,0
747,409,2,1,0
748,415,2,1,0
749,409,2,1,0
750,416,2,1,0
751,411,2,1,0
752,398,2,1,0
753,406,2,1,0
754,394,2,1,0
755,406,2,1,0
756,399,2,1,0
757,392,2,1,0
758,397,2,1,0
759,381,2,1,0
760,379,2,1,0
761,391,2,1,0
762,392,2,1,0
763,390,2,1,0
764,371,2,1,0
765,381,2,1,0
766,380,2,1,0
767,380,2,1,0
768,378,2,1,0
769,378,2,1,0
770,369,2,1,0
771,364,2,1,0
772,372,2,1,0
773,354,2,1,0
774,362,2,1,0
775,355,2,1,0
776,366,2,1,0
777,358,2,1,0
778,346,2,1,0
779,349,2,1,0
780,361,2,1,0
781,351,2,1,0
782,341,2,1,0
783,348,2,1,0
784,352,2,1,0
785,333,2,1,0
786,331,2,1,0
787,336,2,1,0
788,336,2,1,0
789,339,2,1,0
790,337,2,1,0
791,324,2,1,0
792,336,2,1,0
793,318,2,1,0
794,326,2,1,0
795,316,2,1,0
796,331,2,1,0
797,316,2,1,0
798,322,2,1,0
799,315,2,1,0
800,319,2,1,0
801,304,2,1,0
802,304,2,1,0
803,310,2,1,0
804,303,2,1,0
805,300,2,1,0
806,304,2,1,0
807,300,2,1,0
808,298,2,1,0
809,291,2,1,0
810,301,2,1,0
811,303,2,1,0
812,296,2,1,0
813,296,2,1,0
814,295,2,1,0
815,283,2,1,0
816,284,2,1,0
817,277,2,1,0
818,290,2,1,0
819,282,2,1,0
820,278,2,1,0
821,280,2,1,0
822,283,2,1,0
823,267,2,1,0
824,261,2,1,0
825,271,2,1,0
826,263,2,1,0
827,267,2,1,0
828,257,2,1,0
829,255,2,1,0
830,251,2,1,0
831,249,2,1,0
832,247,2,1,0
833,252,2,1,0
834,242,2,1,0
835,254,2,1,0
836,254,2,1,0
837,253,2,1,0
838,251,2,1,0
839,239,2,1,0
840,248,2,1,0
841,244,2,1,0
842,232,2,1,0
843,236,2,1,0
844,229,2,1,0
845,234,2,1,0
846,223,2,1,0
847,229,2,1,0
848,219,2,1,0
849,223,2,1,0
850,230,2,1,0
851,224,2,1,0
852,218,2,1,0
853,222,2,1,0
854,212,2,1,0
855,210,2,1,0
856,206,2,1,0
857,211,2,1,0
858,204,2,1,0
859,203,2,1,0
860,206,2,1,0
861,209,2,1,0
862,196,2,1,0
863,205,2,1,0
864,202,2,1,0
865,185,2,1,0
866,185,2,1,0
867,190,2,1,0
868,185,2,1,0
869,187,2,1,0
870,188,2,1,0
871,188,2,1,0
872,182,2,1,0
873,172,2,1,0
874,185,2,1,0
875,177,2,1,0
876,165,2,1,0
877,162,2,1,0
878,165,2,1,0
879,161,2,1,0
880,164,2,1,0
881,161,2,1,0
882,155,2,1,0
883,159,2,1,0
884,162,2,1,0
885,148,2,1,0
886,150,2,1,0
887,163,2,1,0
888,155,2,1,0
889,153,2,1,0
890,157,2,1,0
891,154,2,1,0
892,150,2,1,0
893,146,2,1,0
894,142,2,1,0
895,136,2,1,0
896,145,2,1,0
897,126,2,1,0
898,125,2,1,0
899,129,2,1,0
900,131,2,1,0
901,99,2,1,0
902,97,2,1,0
903,108,2,1,0
904,91,2,1,0
905,97,2,1,0
906,102,2,1,0
907,92,2,1,0
908,109,2,1,0
909,96,2,1,0
910,105,2,1,0
911,91,2,1,0
912,98,2,1,0
913,98,2,1,0
914,93,2,1,0
915,103,2,1,0
916,90,2,1,0
917,106,2,1,0
918,90,2,1,0
919,100,2,1,0
920,96,2,1,0
921,92,2,1,0
922,110,2,1,0
923,101,2,1,0
924,94,2,1,0
925,92,2,1,0
926,109,2,1,0
927,110,2,1,0
928,103,2,1,0
929,94,2,1,0
930,108,2,1,0
931,93,2,1,0
932,103,2,1,0
933,108,2,1,0
934,92,2,1,0
935,98,2,1,0
936,93,2,1,0
937,107,2,1,0
938,99,2,1,0
939,101,2,1,0
940,99,2,1,0
941,105,2,1,0
942,98,2,1,0
943,102,2,1,0
944,110,2,1,0
945,104,2,1,0
946,103,2,1,0
947,110,2,1,0
948,94,2,1,0
949,99,2,1,0
950,100,2,1,0
951,101,2,1,0
952,90,2,1,0
953,97,2,1,0
954,104,2,1,0
955,102,2,1,0
956,92,2,1,0
957,105,2,1,0
958,104,2,1,0
959,109,2,1,0
960,99,2,1,0
961,93,2,1,0
962,110,2,1,0
963,95,2,1,0
964,105,2,1,0
965,109,2,1,0
966,95,2,1,0
967,100,2,1,0
968,92,2,1,0
969,94,2,1,0
970,103,2,1,0
971,105,2,1,0
972,90,2,1,0
973,97,2,1,0
974,93,2,1,0
975,93,2,1,0
976,106,2,1,0
977,97,2,1,0
978,96,2,1,0
979,102,2,1,0
980,110,2,1,0
981,102,2,1,0
982,96,2,1,0
983,109,2,1,0
984,108,2,1,0
985,98,2,1,0
986,98,2,1,0
987,105,2,1,0
988,110,2,1,0
989,101,2,1,0
990,101,2,1,0
991,98,2,1,0
992,98,2,1,0
993,100,2,1,0
994,109,2,1,0
995,106,2,1,0
996,90,2,1,0
997,106,2,1,0
998,105,2,1,0
999,100,2,1,0
1000,91,2,1,0
0,97,3,0,0
1,113,3,0,0
2,101,3,0,0
3,90,3,0,0
4,122,3,0,0
5,89,3,0,0
6,101,3,0,0
7,107,3,0,0
8,119,3,0,0
9,102,3,0,0
10,121,3,0,0
11,92,3,0,0
12,110,3,0,0
13,83,3,0,0
14,110,3,0,0
15,115,3,0,0
16,100,3,0,0
17,80,3,0,0
18,114,3,0,0
19,117,3,0,0
20,99,3,0,0
21,124,3,0,0
22,121,3,0,0
23,89,3,0,0
24,87,3,0,0
25,100,3,0,0
26,83,3,0,0
27,90,3,0,0
28,123,3,0,0
29,96,3,0,0
30,93,3,0,0
31,124,3,0,0
32,116,3,0,0
33,104,3,0,0
34,109,3,0,0
35,105,3,0,0
36,108,3,0,0
37,95,3,0,0
38,107,3,0,0
39,93,3,0,0
40,103,3,0,0
41,123,3,0,0
42,111,3,0,0
43,114,3,0,0
44,86,3,0,0
45,82,3,0,0
46,90,3,0,0
47,113,3,0,0
48,93,3,0,0
49,106,3,0,0
50,117,3,0,0
51,104,3,0,0
52,101,3,0,0
53,101,3,0,0
54,105,3,0,0
55,85,3,0,0
56,111,3,0,0
57,110,3,0,0
58,116,3,0,0
59,80,3,0,0
60,110,3,0,0
61,120,3,0,0
62,105,3,0,0
63,104,3,0,0
64,115,3,0,0
65,123,3,0,0
66,113,3,0,0
67,101,3,0,0
68,122,3,0,0
69,81,3,0,0
70,84,3,0,0
71,92,3,0,0
72,95,3,0,0
73,96,3,0,0
74,82,3,0,0
75,108,3,0,0
76,123,3,0,0
77,121,3,0,0
78,115,3,0,0
79,85,3,0,0
80,111,3,0,0
81,112,3,0,0
82,122,3,0,0
83,104,3,0,0
84,106,3,0,0
85,95,3,0,0
86,88,3,0,0
87,100,3,0,0
88,84,3,0,0
89,121,3,0,0
90,102,3,0,0
91,89,3,0,0
92,115,3,0,0
93,118,3,0,0
94,118,3,0,0
95,84,3,0,0
96,86,3,0,0
97,83,3,0,0
98,115,3,0,0
99,120,3,0,0
100,98,3,0,0
101,98,3,0,0
102,108,3,0,0
103,91,3,0,0
104,96,3,0,0
105,114,3,0,0
106,101,3,0,0
107,124,3,0,0
108,108,3,0,0
109,80,3,0,0
110,97,3,0,0
111,91,3,0,0
112,83,3,0,0
113,112,3,0,0
114,108,3,0,0
115,101,3,0,0
116,104,3,0,0
117,120,3,0,0
118,81,3,0,0
119,91,3,0,0
120,93,3,0,0
121,109,3,0,0
122,109,3,0,0
123,104,3,0,0
124,84,3,0,0
125,114,3,0,0
126,97,3,0,0
127,111,3,0,0
128,98,3,0,0
129,122,3,0,0
130,119,3,0,0
131,101,3,0,0
132,115,3,0,0
133,88,3,0,0
134,108,3,0,0
135,124,3,0,0
136,96,3,0,0
137,84,3,0,0
138,82,3,0,0
139,107,3,0,0
140,103,3,0,0
141,124,3,0,0
142,108,3,0,0
143,115,3,0,0
144,94,3,0,0
145,84,3,0,0
146,92,3,0,0
147,115,3,0,0
148,104,3,0,0
149,92,3,0,0
150,124,3,0,0
151,96,3,0,0
152,114,3,0,0
153,104,3,0,0
154,92,3,0,0
155,103,3,0,0
156,84,3,0,0
157,83,3,0,0
158,114,3,0,0
159,104,3,0,0
160,95,3,0,0
161,80,3,0,0
162,113,3,0,0
163,92,3,0,0
164,91,3,0,0
165,87,3,0,0
166,109,3,0,0
167,101,3,0,0
168,81,3,0,0
169,94,3,0,0
170,115,3,0,0
171,107,3,0,0
172,124,3,0,0
173,100,3,0,0
174,108,3,0,0
175,85,3,0,0
176,97,3,0,0
177,88,3,0,0
178,91,3,0,0
179,101,3,0,0
180,99,3,0,0
181,92,3,0,0
182,99,3,0,0
183,80,3,0,0
184,81,3,0,0
185,122,3,0,0
186,110,3,0,0
187,124,3,0,0
188,81,3,0,0
189,85,3,0,0
190,86,3,0,0
191,99,3,0,0
192,82,3,0,0
193,99,3,0,0
194,98,3,0,0
195,97,3,0,0
196,119,3,0,0
197,89,3,0,0
198,92,3,0,0
199,98,3,0,0
200,115,3,0,0
201,92,3,0,0
202,111,3,0,0
203,122,3,0,0
204,93,3,0,0
205,122,3,0,0
206,95,3,0,0
207,121,3,0,0
208,81,3,0,0
209,93,3,0,0
210,100,3,0,0
211,119,3,0,0
212,96,3,0,0
213,96,3,0,0
214,106,3,0,0
215,92,3,0,0
216,81,3,0,0
217,123,3,0,0
218,120,3,0,0
219,118,3,0,0
220,108,3,0,0
221,85,3,0,0
222,120,3,0,0
223,101,3,0,0
224,117,3,0,0
225,91,3,0,0
226,93,3,0,0
227,111,3,0,0
228,93,3,0,0
229,124,3,0,0
230,100,3,0,0
231,105,3,0,0
232,90,3,0,0
233,108,3,0,0
234,121,3,0,0
235,102,3,0,0
236,87,3,0,0
237,81,3,0,0
238,111,3,0,0
239,113,3,0,0
240,82,3,0,0
241,113,3,0,0
242,113,3,0,0
243,86,3,0,0
244,115,3,0,0
245,105,3,0,0
246,123,3,0,0
247,122,3,0,0
248,96,3,0,0
249,87,3,0,0
250,112,3,0,0
251,108,3,0,0
252,103,3,0,0
253,105,3,0,0
254,113,3,0,0
255,92,3,0,0
256,109,3,0,0
257,104,3,0,0
258,105,3,0,0
259,120,3,0,0
260,105,3,0,0
261,97,3,0,0
262,119,3,0,0
263,104,3,0,0
264,81,3,0,0
265,123,3,0,0
266,112,3,0,0
267,123,3,0,0
268,88,3,0,0
269,86,3,0,0
270,103,3,0,0
271,93,3,0,0
272,93,3,0,0
273,106,3,0,0
274,99,3,0,0
275,82,3,0,0
276,124,3,0,0
277,88,3,0,0
278,80,3,0,0
279,112,3,0,0
280,89,3,0,0
281,116,3,0,0
282,95,3,0,0
283,124,3,0,0
284,108,3,0,0
285,120,3,0,0
286,82,3,0,0
287,103,3,0,0
288,91,3,0,0
289,86,3,0,0
290,101,3,0,0
291,110,3,0,0
292,102,3,0,0
293,82,3,0,0
294,111,3,0,0
295,99,3,0,0
296,80,3,0,0
297,113,3,0,0
298,111,3,0,0
299,111,3,0,0
300,86,3,0,0
301,97,3,0,0
302,105,3,0,0
303,96,3,0,0
304,110,3,0,0
305,117,3,0,0
306,81,3,0,0
307,100,3,0,0
308,123,3,0,0
309,104,3,0,0
310,124,3,0,0
311,84,3,0,0
312,81,3,0,0
313,116,3,0,0
314,123,3,0,0
315,81,3,0,0
316,108,3,0,0
317,116,3,0,0
318,110,3,0,0
319,91,3,0,0
320,101,3,0,0
321,117,3,0,0
322,116,3,0,0
323,88,3,0,0
324,118,3,0,0
325,83,3,0,0
326,99,3,0,0
327,100,3,0,0
328,102,3,0,0
329,106,3,0,0
330,99,3,0,0
331,86,3,0,0
332,83,3,0,0
333,123,3,0,0
334,116,3,0,0
335,115,3,0,0
336,89,3,0,0
337,93,3,0,0
338,109,3,0,0
339,108,3,0,0
340,106,3,0,0
341,81,3,0,0
342,113,3,0,0
343,121,3,0,0
344,105,3,0,0
345,119,3,0,0
346,104,3,0,0
347,111,3,0,0
348,97,3,0,0
349,122,3,0,0
350,94,3,0,0
351,97,3,0,0
352,87,3,0,0
353,88,3,0,0
354,119,3,0,0
355,110,3,0,0
356,84,3,0,0
357,117,3,0,0
358,111,3,0,0
359,103,3,0,0
360,94,3,0,0
361,94,3,0,0
362,90,3,0,0
363,100,3,0,0
364,100,3,0,0
365,90,3,0,0
366,81,3,0,0
367,83,3,0,0
368,118,3,0,0
369,102,3,0,0
370,104,3,0,0
371,97,3,0,0
372,109,3,0,0
373,80,3,0,0
374,82,3,0,0
375,113,3,0,0
376,81,3,0,0
377,91,3,0,0
378,113,3,0,0
379,90,3,0,0
380,101,3,0,0
381,88,3,0,0
382,92,3,0,0
383,103,3,0,0
384,105,3,0,0
385,93,3,0,0
386,93,3,0,0
387,88,3,0,0
388,85,3,0,0
389,80,3,0,0
390,122,3,0,0
391,116,3,0,0
392,83,3,0,0
393,89,3,0,0
394,116,3,0,0
395,91,3,0,0
396,87,3,0,0
397,83,3,0,0
398,97,3,0,0
399,113,3,0,0
400,117,3,0,0
401,101,3,0,0
402,87,3,0,0
403,112,3,0,0
404,104,3,0,0
405,104,3,0,0
406,94,3,0,0
407,100,3,0,0
408,101,3,0,0
409,100,3,0,0
410,89,3,0,0
411,110,3,0,0
412,105,3,0,0
413,102,3,0,0
414,111,3,0,0
415,89,3,0,0
416,80,3,0,0
417,89,3,0,0
418,86,3,0,0
419,95,3,0,0
420,82,3,0,0
421,112,3,0,0
422,106,3,0,0
423,101,3,0,0
424,99,3,0,0
425,116,3,0,0
426,115,3,0,0
427,82,3,0,0
428,122,3,0,0
429,88,3,0,0
430,84,3,0,0
431,120,3,0,0
432,88,3,0,0
433,93,3,0,0
434,93,3,0,0
435,124,3,0,0
436,110,3,0,0
437,115,3,0,0
438,115,3,0,0
439,118,3,0,0
440,88,3,0,0
441,90,3,0,0
442,119,3,0,0
443,99,3,0,0
444,113,3,0,0
445,102,3,0,0
446,124,3,0,0
447,96,3,0,0
448,90,3,0,0
449,82,3,0,0
450,118,3,0,0
451,82,3,0,0
452,119,3,0,0
453,107,3,0,0
454,101,3,0,0
455,83,3,0,0
456,122,3,0,0
457,88,3,0,0
458,124,3,0,0
459,117,3,0,0
460,124,3,0,0
461,80,3,0,0
462,121,3,0,0
463,119,3,0,0
464,123,3,0,0
465,92,3,0,0
466,104,3,0,0
467,119,3,0,0
468,107,3,0,0
469,102,3,0,0
470,114,3,0,0
471,90,3,0,0
472,102,3,0,0
473,91,3,0,0
474,86,3,0,0
475,85,3,0,0
476,99,3,0,0
477,101,3,0,0
478,106,3,0,0
479,83,3,0,0
480,121,3,0,0
481,106,3,0,0
482,110,3,0,0
483,108,3,0,0
484,104,3,0,0
485,86,3,0,0
486,82,3,0,0
487,100,3,0,0
488,107,3,0,0
489,106,3,0,0
490,110,3,0,0
491,85,3,0,0
492,102,3,0,0
493,109,3,0,0
494,92,3,0,0
495,103,3,0,0
496,86,3,0,0
497,100,3,0,0
498,99,3,0,0
499,105,3,0,0
500,98,3,0,0
501,102,3,0,0
502,123,3,0,0
503,105,3,0,0
504,122,3,0,0
505,98,3,0,0
506,93,3,0,0
507,117,3,0,0
508,118,3,0,0
509,108,3,0,0
510,105,3,0,0
511,101,3,0,0
512,124,3,0,0
513,80,3,0,0
514,89,3,0,0
515,112,3,0,0
516,93,3,0,0
517,109,3,0,0
518,95,3,0,0
519,90,3,0,0
520,101,3,0,0
521,114,3,0,0
522,99,3,0,0
523,120,3,0,0
524,118,3,0,0
525,92,3,0,0
526,121,3,0,0
527,95,3,0,0
528,102,3,0,0
529,117,3,0,0
530,92,3,0,0
531,106,3,0,0
532,120,3,0,0
533,99,3,0,0
534,111,3,0,0
535,87,3,0,0
536,105,3,0,0
537,114,3,0,0
538,112,3,0,0
539,110,3,0,0
540,117,3,0,0
541,92,3,0,0
542,102,3,0,0
543,83,3,0,0
544,85,3,0,0
545,100,3,0,0
546,109,3,0,0
547,113,3,0,0
548,82,3,0,0
549,124,3,0,0
550,109,3,0,0
551,87,3,0,0
552,124,3,0,0
553,89,3,0,0
554,87,3,0,0
555,94,3,0,0
556,117,3,0,0
557,120,3,0,0
558,89,3,0,0
559,91,3,0,0
560,85,3,0,0
561,119,3,0,0
562,88,3,0,0
563,93,3,0,0
564,93,3,0,0
565,82,3,0,0
566,96,3,0,0
567,109,3,0,0
568,115,3,0,0
569,83,3,0,0
570,117,3,0,0
571,88,3,0,0
572,95,3,0,0
573,112,3,0,0
574,111,3,0,0
575,92,3,0,0
576,109,3,0,0
577,99,3,0,0
578,109,3,0,0
579,99,3,0,0
580,120,3,0,0
581,111,3,0,0
582,88,3,0,0
583,96,3,0,0
584,108,3,0,0
585,102,3,0,0
586,116,3,0,0
587,80,3,0,0
588,116,3,0,0
589,90,3,0,0
590,99,3,0,0
591,87,3,0,0
592,120,3,0,0
593,105,3,0,0
594,84,3,0,0
595,112,3,0,0
596,92,3,0,0
597,101,3,0,0
598,106,3,0,0
599,88,3,0,0
600,112,3,0,0
601,99,3,0,0
602,107,3,0,0
603,102,3,0,0
604,100,3,0,0
605,91,3,0,0
606,95,3,0,0
607,86,3,0,0
608,97,3,0,0
609,108,3,0,0
610,124,3,0,0
611,100,3,0,0
612,81,3,0,0
613,121,3,0,0
614,118,3,0,0
615,123,3,0,0
616,83,3,0,0
617,112,3,0,0
618,90,3,0,0
619,120,3,0,0
620,85,3,0,0
621,116,3,0,0
622,98,3,0,0
623,89,3,0,0
624,102,3,0,0
625,107,3,0,0
626,97,3,0,0
627,123,3,0,0
628,95,3,0,0
629,84,3,0,0
630,95,3,0,0
631,95,3,0,0
632,82,3,0,0
633,116,3,0,0
634,121,3,0,0
635,97,3,0,0
636,112,3,0,0
637,123,3,0,0
638,92,3,0,0
639,123,3,0,0
640,105,3,0,0
641,87,3,0,0
642,101,3,0,0
643,107,3,0,0
644,87,3,0,0
645,104,3,0,0
646,91,3,0,0
647,121,3,0,0
648,81,3,0,0
649,112,3,0,0
650,116,3,0,0
651,89,3,0,0
652,98,3,0,0
653,111,3,0,0
654,104,3,0,0
655,96,3,0,0
656,102,3,0,0
657,102,3,0,0
658,89,3,0,0
659,91,3,0,0
660,94,3,0,0
661,103,3,0,0
662,92,3,0,0
663,112,3,0,0
664,109,3,0,0
665,120,3,0,0
666,100,3,0,0
667,114,3,0,0
668,88,3,0,0
669,113,3,0,0
670,111,3,0,0
671,101,3,0,0
672,95,3,0,0
673,121,3,0,0
674,102,3,0,0
675,98,3,0,0
676,124,3,0,0
677,99,3,0,0
678,83,3,0,0
679,124,3,0,0
680,93,3,0,0
681,97,3,0,0
682,112,3,0,0
683,118,3,0,0
684,99,3,0,0
685,84,3,0,0
686,83,3,0,0
687,80,3,0,0
688,96,3,0,0
689,108,3,0,0
690,115,3,0,0
691,108,3,0,0
692,81,3,0,0
693,93,3,0,0
694,83,3,0,0
695,124,3,0,0
696,83,3,0,0
697,116,3,0,0
698,112,3,0,0
699,124,3,0,0
700,94,3,0,0
701,121,3,0,0
702,91,3,0,0
703,106,3,0,0
704,86,3,0,0
705,103,3,0,0
706,109,3,0,0
707,94,3,0,0
708,120,3,0,0
709,93,3,0,0
710,97,3,0,0
711,124,3,0,0
712,107,3,0,0
713,117,3,0,0
714,115,3,0,0
715,114,3,0,0
716,86,3,0,0
717,116,3,0,0
718,115,3,0,0
719,98,3,0,0
720,98,3,0,0
721,80,3,0,0
722,116,3,0,0
723,95,3,0,0
724,101,3,0,0
725,124,3,0,0
726,103,3,0,0
727,118,3,0,0
728,91,3,0,0
729,120,3,0,0
730,99,3,0,0
731,105,3,0,0
732,108,3,0,0
733,94,3,0,0
734,91,3,0,0
735,88,3,0,0
736,95,3,0,0
737,91,3,0,0
738,117,3,0,0
739,122,3,0,0
740,99,3,0,0
741,107,3,0,0
742,91,3,0,0
743,92,3,0,0
744,83,3,0,0
745,92,3,0,0
746,108,3,0,0
747,96,3,0,0
748,114,3,0,0
749,83,3,0,0
750,113,3,0,0
751,120,3,0,0
752,80,3,0,0
753,101,3,0,0
754,84,3,0,0
755,90,3,0,0
756,116,3,0,0
757,116,3,0,0
758,117,3,0,0
759,101,3,0,0
760,99,3,0,0
761,105,3,0,0
762,97,3,0,0
763,102,3,0,0
764,97,3,0,0
765,86,3,0,0
766,108,3,0,0
767,87,3,0,0
768,94,3,0,0
769,81,3,0,0
770,104,3,0,0
771,85,3,0,0
772,114,3,0,0
773,117,3,0,0
774,83,3,0,0
775,88,3,0,0
776,118,3,0,0
777,82,3,0,0
778,88,3,0,0
779,112,3,0,0
780,124,3,0,0
781,123,3,0,0
782,106,3,0,0
783,104,3,0,0
784,112,3,0,0
785,103,3,0,0
786,96,3,0,0
787,119,3,0,0
788,103,3,0,0
789,86,3,0,0
790,116,3,0,0
791,95,3,0,0
792,90,3,0,0
793,110,3,0,0
794,86,3,0,0
795,112,3,0,0
796,114,3,0,0
797,109,3,0,0
798,122,3,0,0
799,86,3,0,0
800,92,3,0,0
801,107,3,0,0
802,102,3,0,0
803,124,3,0,0
804,115,3,0,0
805,112,3,0,0
806,108,3,0,0
807,112,3,0,0
808,122,3,0,0
809,109,3,0,0
810,100,3,0,0
811,104,3,0,0
812,89,3,0,0
813,116,3,0,0
814,111,3,0,0
815,90,3,0,0
816,119,3,0,0
817,121,3,0,0
818,109,3,0,0
819,99,3,0,0
820,94,3,0,0
821,105,3,0,0
822,94,3,0,0
823,101,3,0,0
824,94,3,0,0
825,84,3,0,0
826,111,3,0,0
827,91,3,0,0
828,119,3,0,0
829,95,3,0,0
830,115,3,0,0
831,90,3,0,0
832,95,3,0,0
833,104,3,0,0
834,88,3,0,0
835,119,3,0,0
836,88,3,0,0
837,119,3,0,0
838,102,3,0,0
839,80,3,0,0
840,115,3,0,0
841,83,3,0,0
842,98,3,0,0
843,101,3,0,0
844,105,3,0,0
845,106,3,0,0
846,96,3,0,0
847,114,3,0,0
848,116,3,0,0
849,121,3,0,0
850,94,3,0,0
851,101,3,0,0
852,89,3,0,0
853,120,3,0,0
854,97,3,0,0
855,87,3,0,0
856,102,3,0,0
857,117,3,0,0
858,124,3,0,0
859,100,3,0,0
860,83,3,0,0
861,112,3,0,0
862,89,3,0,0
863,109,3,0,0
864,109,3,0,0
865,115,3,0,0
866,101,3,0,0
867,104,3,0,0
868,99,3,0,0
869,83,3,0,0
870,112,3,0,0
871,122,3,0,0
872,120,3,0,0
873,120,3,0,0
874,112,3,0,0
875,81,3,0,0
876,96,3,0,0
877,101,3,0,0
878,108,3,0,0
879,122,3,0,0
880,82,3,0,0
881,88,3,0,0
882,92,3,0,0
883,119,3,0,0
884,80,3,0,0
885,90,3,0,0
886,121,3,0,0
887,86,3,0,0
888,80,3,0,0
889,87,3,0,0
890,118,3,0,0
891,93,3,0,0
892,96,3,0,0
893,93,3,0,0
894,92,3,0,0
895,89,3,0,0
896,108,3,0,0
897,98,3,0,0
898,119,3,0,0
899,95,3,0,0
900,113,3,0,0
901,86,3,0,0
902,81,3,0,0
903,112,3,0,0
904,110,3,0,0
905,112,3,0,0
906,124,3,0,0
907,96,3,0,0
908,90,3,0,0
909,91,3,0,0
910,80,3,0,0
911,122,3,0,0
912,118,3,0,0
913,109,3,0,0
914,80,3,0,0
915,108,3,0,0
916,103,3,0,0
917,95,3,0,0
918,103,3,0,0
919,82,3,0,0
920,84,3,0,0
921,80,3,0,0
922,107,3,0,0
923,82,3,0,0
924,84,3,0,0
925,92,3,0,0
926,106,3,0,0
927,92,3,0,0
928,120,3,0,0
929,109,3,0,0
930,110,3,0,0
931,121,3,0,0
932,114,3,0,0
933,122,3,0,0
934,101,3,0,0
935,117,3,0,0
936,82,3,0,0
937,102,3,0,0
938,85,3,0,0
939,90,3,0,0
940,113,3,0,0
941,100,3,0,0
942,94,3,0,0
943,89,3,0,0
944,98,3,0,0
945,83,3,0,0
946,86,3,0,0
947,121,3,0,0
948,95,3,0,0
949,120,3,0,0
950,89,3,0,0
951,97,3,0,0
952,80,3,0,0
953,114,3,0,0
954,110,3,0,0
955,82,3,0,0
956,90,3,0,0
957,81,3,0,0
958,121,3,0,0
959,100,3,0,0
960,112,3,0,0
961,95,3,0,0
962,91,3,0,0
963,120,3,0,0
964,117,3,0,0
965,93,3,0,0
966,104,3,0,0
967,122,3,0,0
968,84,3,0,0
969,109,3,0,0
970,113,3,0,0
971,112,3,0,0
972,106,3,0,0
973,95,3,0,0
974,104,3,0,0
975,116,3,0,0
976,90,3,0,0
977,121,3,0,0
978,95,3,0,0
979,95,3,0,0
980,81,3,0,0
981,99,3,0,0
982,102,3,0,0
983,90,3,0,0
984,110,3,0,0
985,99,3,0,0
986,113,3,0,0
987,88,3,0,0
988,100,3,0,0
989,90,3,0,0
990,110,3,0,0
991,122,3,0,0
992,81,3,0,0
993,103,3,0,0
994,93,3,0,0
995,122,3,0,0
996,97,3,0,0
997,120,3,0,0
998,82,3,0,0
999,105,3,0,0
1000,106,3,0,0
0,108,4,0,0
1,95,4,0,0
2,92,4,0,0
3,103,4,0,0
4,86,4,0,0
5,88,4,0,0
6,123,4,0,0
7,86,4,0,0
8,107,4,0,0
9,118,4,0,0
10,111,4,0,0
11,114,4,0,0
12,81,4,0,0
13,119,4,0,0
14,94,4,0,0
15,97,4,0,0
16,85,4,0,0
17,103,4,0,0
18,101,4,0,0
19,94,4,0,0
20,84,4,0,0
21,115,4,0,0
22,94,4,0,0
23,124,4,0,0
24,83,4,0,0
25,89,4,0,0
26,113,4,0,0
27,100,4,0,0
28,106,4,0,0
29,102,4,0,0
30,109,4,0,0
31,123,4,0,0
32,124,4,0,0
33,124,4,0,0
34,92,4,0,0
35,81,4,0,0
36,117,4,0,0
37,119,4,0,0
38,85,4,0,0
39,117,4,0,0
40,116,4,0,0
41,83,4,0,0
42,90,4,0,0
43,104,4,0,0
44,80,4,0,0
45,113,4,0,0
46,100,4,0,0
47,100,4,0,0
48,86,4,0,0
49,123,4,0,0
50,120,4,0,0
51,95,4,0,0
52,116,4,0,0
53,106,4,0,0
54,98,4,0,0
55,99,4,0,0
56,109,4,0,0
57,103,4,0,0
58,105,4,0,0
59,83,4,0,0
60,95,4,0,0
61,100,4,0,0
62,80,4,0,0
63,101,4,0,0
64,89,4,0,0
65,111,4,0,0
66,96,4,0,0
67,108,4,0,0
68,97,4,0,0
69,114,4,0,0
70,124,4,0,0
71,118,4,0,0
72,96,4,0,0
73,86,4,0,0
74,121,4,0,0
75,122,4,0,0
76,103,4,0,0
77,103,4,0,0
78,96,4,0,0
79,114,4,0,0
80,87,4,0,0
81,94,4,0,0
82,118,4,0,0
83,92,4,0,0
84,111,4,0,0
85,111,4,0,0
86,122,4,0,0
87,88,4,0,0
88,96,4,0,0
89,83,4,0,0
90,100,4,0,0
91,110,4,0,0
92,103,4,0,0
93,106,4,0,0
94,93,4,0,0
95,112,4,0,0
96,97,4,0,0
97,106,4,0,0
98,82,4,0,0
99,117,4,0,0
100,99,4,0,0
101,108,4,0,0
102,82,4,0,0
103,112,4,0,0
104,115,4,0,0
105,88,4,0,0
106,97,4,0,0
107,83,4,0,0
108,120,4,0,0
109,123,4,0,0
110,97,4,0,0
111,98,4,0,0
112,80,4,0,0
113,103,4,0,0
114,94,4,0,0
115,119,4,0,0
116,97,4,0,0
117,92,4,0,0
118,116,4,0,0
119,96,4,0,0
120,113,4,0,0
121,86,4,0,0
122,118,4,0,0
123,110,4,0,0
124,97,4,0,0
125,84,4,0,0
126,91,4,0,0
127,107,4,0,0
128,84,4,0,0
129,109,4,0,0
130,107,4,0,0
131,83,4,0,0
132,114,4,0,0
133,106,4,0,0
134,109,4,0,0
135,96,4,0,0
136,91,4,0,0
137,124,4,0,0
138,119,4,0,0
139,121,4,0,0
140,116,4,0,0
141,92,4,0,0
142,107,4,0,0
143,123,4,0,0
144,124,4,0,0
145,115,4,0,0
146,120,4,0,0
147,80,4,0,0
148,115,4,0,0
149,124,4,0,0
150,87,4,0,0
151,84,4,0,0
152,86,4,0,0
153,99,4,0,0
154,120,4,0,0
155,86,4,0,0
156,89,4,0,0
157,113,4,0,0
158,109,4,0,0
159,81,4,0,0
160,105,4,0,0
161,117,4,0,0
162,88,4,0,0
163,110,4,0,0
164,101,4,0,0
165,87,4,0,0
166,91,4,0,0
167,101,4,0,0
168,80,4,0,0
169,121,4,0,0
170,86,4,0,0
171,122,4,0,0
172,97,4,0,0
173,113,4,0,0
174,101,4,0,0
175,118,4,0,0
176,80,4,0,0
177,104,4,0,0
178,123,4,0,0
179,115,4,0,0
180,95,4,0,0
181,120,4,0,0
182,121,4,0,0
183,101,4,0,0
184,105,4,0,0
185,93,4,0,0
186,87,4,0,0
187,91,4,0,0
188,105,4,0,0
189,98,4,0,0
190,85,4,0,0
191,118,4,0,0
192,119,4,0,0
193,119,4,0,0
194,106,4,0,0
195,112,4,0,0
196,101,4,0,0
197,116,4,0,0
198,86,4,0,0
199,114,4,0,0
200,120,4,0,0
201,100,4,0,0
202,100,4,0,0
203,88,4,0,0
204,114,4,0,0
205,101,4,0,0
206,106,4,0,0
207,113,4,0,0
208,93,4,0,0
209,117,4,0,0
210,92,4,0,0
211,116,4,0,0
212,100,4,0,0
213,94,4,0,0
214,96,4,0,0
215,123,4,0,0
216,100,4,0,0
217,111,4,0,0
218,84,4,0,0
219,122,4,0,0
220,83,4,0,0
221,80,4,0,0
222,108,4,0,0
223,113,4,0,0
224,83,4,0,0
225,115,4,0,0
226,114,4,0,0
227,91,4,0,0
228,90,4,0,0
229,108,4,0,0
230,120,4,0,0
231,113,4,0,0
232,90,4,0,0
233,120,4,0,0
234,96,4,0,0
235,89,4,0,0
236,119,4,0,0
237,105,4,0,0
238,87,4,0,0
239,103,4,0,0
240,108,4,0,0
241,89,4,0,0
242,117,4,0,0
243,86,4,0,0
244,92,4,0,0
245,119,4,0,0
246,108,4,0,0
247,121,4,0,0
248,94,4,0,0
249,110,4,0,0
250,113,4,0,0
251,83,4,0,0
252,90,4,0,0
253,86,4,0,0
254,123,4,0,0
255,109,4,0,0
256,123,4,0,0
257,103,4,0,0
258,120,4,0,0
259,89,4,0,0
260,113,4,0,0
261,107,4,0,0
262,119,4,0,0
263,123,4,0,0
264,103,4,0,0
265,105,4,0,0
266,110,4,0,0
267,105,4,0,0
268,87,4,0,0
269,82,4,0,0
270,94,4,0,0
271,101,4,0,0
272,101,4,0,0
273,122,4,0,0
274,101,4,0,0
275,108,4,0,0
276,117,4,0,0
277,96,4,0,0
278,87,4,0,0
279,99,4,0,0
280,80,4,0,0
281,107,4,0,0
282,93,4,0,0
283,102,4,0,0
284,91,4,0,0
285,85,4,0,0
286,95,4,0,0
287,95,4,0,0
288,118,4,0,0
289,84,4,0,0
290,113,4,0,0
291,119,4,0,0
292,94,4,0,0
293,111,4,0,0
294,120,4,0,0
295,88,4,0,0
296,103,4,0,0
297,102,4,0,0
298,81,4,0,0
299,113,4,0,0
300,123,4,0,0
301,85,4,0,0
302,104,4,0,0
303,93,4,0,0
304,80,4,0,0
305,118,4,0,0
306,84,4,0,0
307,105,4,0,0
308,104,4,0,0
309,106,4,0,0
310,88,4,0,0
311,115,4,0,0
312,115,4,0,0
313,118,4,0,0
314,122,4,0,0
315,121,4,0,0
316,124,4,0,0
317,89,4,0,0
318,86,4,0,0
319,123,4,0,0
320,119,4,0,0
321,104,4,0,0
322,124,4,0,0
323,117,4,0,0
324,101,4,0,0
325,87,4,0,0
326,124,4,0,0
327,88,4,0,0
328,123,4,0,0
329,116,4,0,0
330,105,4,0,0
331,105,4,0,0
332,95,4,0,0
333,109,4,0,0
334,96,4,0,0
335,122,4,0,0
336,108,4,0,0
337,109,4,0,0
338,106,4,0,0
339,102,4,0,0
340,109,4,0,0
341,82,4,0,0
342,124,4,0,0
343,114,4,0,0
344,115,4,0,0
345,100,4,0,0
346,88,4,0,0
347,124,4,0,0
348,105,4,0,0
349,120,4,0,0
350,99,4,0,0
351,98,4,0,0
352,110,4,0,0
353,103,4,0,0
354,111,4,0,0
355,95,4,0,0
356,104,4,0,0
357,81,4,0,0
358,100,4,0,0
359,102,4,0,0
360,98,4,0,0
361,92,4,0,0
362,100,4,0,0
363,89,4,0,0
364,123,4,0,0
365,108,4,0,0
366,106,4,0,0
367,104,4,0,0
368,124,4,0,0
369,115,4,0,0
370,116,4,0,0
371,95,4,0,0
372,87,4,0,0
373,117,4,0,0
374,107,4,0,0
375,115,4,0,0
376,87,4,0,0
377,90,4,0,0
378,123,4,0,0
379,120,4,0,0
380,107,4,0,0
381,116,4,0,0
382,97,4,0,0
383,98,4,0,0
384,122,4,0,0
385,122,4,0,0
386,103,4,0,0
387,104,4,0,0
388,109,4,0,0
389,117,4,0,0
390,97,4,0,0
391,100,4,0,0
392,109,4,0,0
393,93,4,0,0
394,106,4,0,0
395,118,4,0,0
396,89,4,0,0
397,95,4,0,0
398,115,4,0,0
399,94,4,0,0
400,80,4,0,0
401,118,4,0,0
402,87,4,0,0
403,96,4,0,0
404,87,4,0,0
405,85,4,0,0
406,108,4,0,0
407,86,4,0,0
408,110,4,0,0
409,122,4,0,0
410,89,4,0,0
411,119,4,0,0
412,87,4,0,0
413,83,4,0,0
414,121,4,0,0
415,110,4,0,0
416,110,4,0,0
417,88,4,0,0
418,111,4,0,0
419,103,4,0,0
420,85,4,0,0
421,102,4,0,0
422,103,4,0,0
423,110,4,0,0
424,118,4,0,0
425,97,4,0,0
426,91,4,0,0
427,82,4,0,0
428,94,4,0,0
429,121,4,0,0
430,106,4,0,0
431,88,4,0,0
432,103,4,0,0
433,91,4,0,0
434,120,4,0,0
435,106,4,0,0
436,95,4,0,0
437,122,4,0,0
438,80,4,0,0
439,120,4,0,0
440,111,4,0,0
441,84,4,0,0
442,93,4,0,0
443,105,4,0,0
444,108,4,0,0
445,109,4,0,0
446,111,4,0,0
447,100,4,0,0
448,99,4,0,0
449,103,4,0,0
450,103,4,0,0
451,98,4,0,0
452,114,4,0,0
453,82,4,0,0
454,80,4,0,0
455,101,4,0,0
456,101,4,0,0
457,118,4,0,0
458,81,4,0,0
459,114,4,0,0
460,81,4,0,0
461,116,4,0,0
462,85,4,0,0
463,122,4,0,0
464,95,4,0,0
465,118,4,0,0
466,105,4,0,0
467,103,4,0,0
468,117,4,0,0
469,96,4,0,0
470,86,4,0,0
471,113,4,0,0
472,124,4,0,0
473,96,4,0,0
474,102,4,0,0
475,89,4,0,0
476,104,4,0,0
477,115,4,0,0
478,105,4,0,0
479,112,4,0,0
480,105,4,0,0
481,85,4,0,0
482,89,4,0,0
483,123,4,0,0
484,80,4,0,0
485,104,4,0,0
486,97,4,0,0
487,103,4,0,0
488,113,4,0,0
489,120,4,0,0
490,88,4,0,0
491,85,4,0,0
492,102,4,0,0
493,86,4,0,0
494,105,4,0,0
495,113,4,0,0
496,91,4,0,0
497,111,4,0,0
498,96,4,0,0
499,120,4,0,0
500,101,4,0,0
501,91,4,0,0
502,94,4,0,0
503,92,4,0,0
504,114,4,0,0
505,110,4,0,0
506,98,4,0,0
507,123,4,0,0
508,109,4,0,0
509,91,4,0,0
510,85,4,0,0
511,85,4,0,0
512,91,4,0,0
513,88,4,0,0
514,123,4,0,0
515,112,4,0,0
516,124,4,0,0
517,87,4,0,0
518,114,4,0,0
519,118,4,0,0
520,111,4,0,0
521,98,4,0,0
522,80,4,0,0
523,95,4,0,0
524,104,4,0,0
525,116,4,0,0
526,103,4,0,0
527,83,4,0,0
528,111,4,0,0
529,113,4,0,0
530,104,4,0,0
531,105,4,0,0
532,114,4,0,0
533,121,4,0,0
534,84,4,0,0
535,114,4,0,0
536,100,4,0,0
537,100,4,0,0
538,89,4,0,0
539,81,4,0,0
540,104,4,0,0
541,116,4,0,0
542,96,4,0,0
543,104,4,0,0
544,88,4,0,0
545,117,4,0,0
546,115,4,0,0
547,118,4,0,0
548,81,4,0,0
549,100,4,0,0
550,110,4,0,0
551,105,4,0,0
552,104,4,0,0
553,86,4,0,0
554,102,4,0,0
555,88,4,0,0
556,123,4,0,0
557,88,4,0,0
558,101,4,0,0
559,108,4,0,0
560,107,4,0,0
561,116,4,0,0
562,110,4,0,0
563,93,4,0,0
564,109,4,0,0
565,90,4,0,0
566,101,4,0,0
567,113,4,0,0
568,88,4,0,0
569,108,4,0,0
570,98,4,0,0
571,123,4,0,0
572,82,4,0,0
573,80,4,0,0
574,86,4,0,0
575,90,4,0,0
576,86,4,0,0
577,98,4,0,0
578,92,4,0,0
579,109,4,0,0
580,83,4,0,0
581,103,4,0,0
582,94,4,0,0
583,92,4,0,0
584,114,4,0,0
585,117,4,0,0
586,114,4,0,0
587,112,4,0,0
588,97,4,0,0
589,89,4,0,0
590,108,4,0,0
591,86,4,0,0
592,95,4,0,0
593,87,4,0,0
594,99,4,0,0
595,94,4,0,0
596,83,4,0,0
597,100,4,0,0
598,121,4,0,0
599,111,4,0,0
600,85,4,0,0
601,91,4,0,0
602,100,4,0,0
603,102,4,0,0
604,88,4,0,0
605,98,4,0,0
606,112,4,0,0
607,112,4,0,0
608,98,4,0,0
609,95,4,0,0
610,112,4,0,0
611,96,4,0,0
612,114,4,0,0
613,95,4,0,0
614,111,4,0,0
615,118,4,0,0
616,90,4,0,0
617,101,4,0,0
618,108,4,0,0
619,98,4,0,0
620,88,4,0,0
621,107,4,0,0
622,86,4,0,0
623,117,4,0,0
624,120,4,0,0
625,84,4,0,0
626,92,4,0,0
627,99,4,0,0
628,98,4,0,0
629,111,4,0,0
630,105,4,0,0
631,110,4,0,0
632,97,4,0,0
633,86,4,0,0
634,123,4,0,0
635,93,4,0,0
636,93,4,0,0
637,84,4,0,0
638,104,4,0,0
639,119,4,0,0
640,86,4,0,0
641,112,4,0,0
642,95,4,0,0
643,97,4,0,0
644,86,4,0,0
645,103,4,0,0
646,85,4,0,0
647,124,4,0,0
648,81,4,0,0
649,123,4,0,0
650,95,4,0,0
651,110,4,0,0
652,120,4,0,0
653,97,4,0,0
654,103,4,0,0
655,101,4,0,0
656,111,4,0,0
657,80,4,0,0
658,117,4,0,0
659,80,4,0,0
660,116,4,0,0
661,90,4,0,0
662,84,4,0,0
663,110,4,0,0
664,118,4,0,0
665,83,4,0,0
666,105,4,0,0
667,83,4,0,0
668,113,4,0,0
669,83,4,0,0
670,94,4,0,0
671,121,4,0,0
672,97,4,0,0
673,102,4,0,0
674,100,4,0,0
675,121,4,0,0
676,119,4,0,0
677,123,4,0,0
678,106,4,0,0
679,117,4,0,0
680,81,4,0,0
681,83,4,0,0
682,106,4,0,0
683,96,4,0,0
684,105,4,0,0
685,110,4,0,0
686,101,4,0,0
687,92,4,0,0
688,80,4,0,0
689,91,4,0,0
690,100,4,0,0
691,96,4,0,0
692,104,4,0,0
693,109,4,0,0
694,102,4,0,0
695,111,4,0,0
696,115,4,0,0
697,103,4,0,0
698,98,4,0,0
699,118,4,0,0
700,88,4,0,0
701,116,4,0,0
702,90,4,0,0
703,81,4,0,0
704,121,4,0,0
705,118,4,0,0
706,82,4,0,0
707,93,4,0,0
708,109,4,0,0
709,87,4,0,0
710,86,4,0,0
711,91,4,0,0
712,88,4,0,0
713,102,4,0,0
714,85,4,0,0
715,89,4,0,0
716,87,4,0,0
717,123,4,0,0
718,110,4,0,0
719,116,4,0,0
720,93,4,0,0
721,87,4,0,0
722,98,4,0,0
723,86,4,0,0
724,102,4,0,0
725,99,4,0,0
726,84,4,0,0
727,94,4,0,0
728,81,4,0,0
729,102,4,0,0
730,80,4,0,0
731,104,4,0,0
732,103,4,0,0
733,107,4,0,0
734,108,4,0,0
735,110,4,0,0
736,89,4,0,0
737,92,4,0,0
738,99,4,0,0
739,88,4,0,0
740,116,4,0,0
741,86,4,0,0
742,118,4,0,0
743,86,4,0,0
744,87,4,0,0
745,83,4,0,0
746,92,4,0,0
747,82,4,0,0
748,109,4,0,0
749,82,4,0,0
750,112,4,0,0
751,81,4,0,0
752,108,4,0,0
753,103,4,0,0
754,100,4,0,0
755,118,4,0,0
756,101,4,0,0
757,83,4,0,0
758,94,4,0,0
759,87,4,0,0
760,119,4,0,0
761,94,4,0,0
762,115,4,0,0
763,107,4,0,0
764,82,4,0,0
765,102,4,0,0
766,102,4,0,0
767,96,4,0,0
768,119,4,0,0
769,86,4,0,0
770,123,4,0,0
771,90,4,0,0
772,95,4,0,0
773,108,4,0,0
774,86,4,0,0
775,106,4,0,0
776,98,4,0,0
777,106,4,0,0
778,103,4,0,0
779,118,4,0,0
780,120,4,0,0
781,98,4,0,0
782,96,4,0,0
783,87,4,0,0
784,97,4,0,0
785,108,4,0,0
786,124,4,0,0
787,89,4,0,0
788,95,4,0,0
789,90,4,0,0
790,109,4,0,0
791,97,4,0,0
792,95,4,0,0
793,83,4,0,0
794,91,4,0,0
795,114,4,0,0
796,109,4,0,0
797,93,4,0,0
798,90,4,0,0
799,112,4,0,0
800,96,4,0,0
801,94,4,0,0
802,112,4,0,0
803,86,4,0,0
804,100,4,0,0
805,88,4,0,0
806,102,4,0,0
807,114,4,0,0
808,82,4,0,0
809,106,4,0,0
810,117,4,0,0
811,101,4,0,0
812,104,4,0,0
813,106,4,0,0
814,118,4,0,0
815,113,4,0,0
816,114,4,0,0
817,97,4,0,0
818,90,4,0,0
819,90,4,0,0
820,95,4,0,0
821,114,4,0,0
822,95,4,0,0
823,119,4,0,0
824,91,4,0,0
825,90,4,0,0
826,109,4,0,0
827,110,4,0,0
828,96,4,0,0
829,105,4,0,0
830,123,4,0,0
831,86,4,0,0
832,113,4,0,0
833,99,4,0,0
834,108,4,0,0
835,119,4,0,0
836,82,4,0,0
837,122,4,0,0
838,114,4,0,0
839,89,4,0,0
840,103,4,0,0
841,87,4,0,0
842,90,4,0,0
843,108,4,0,0
844,91,4,0,0
845,83,4,0,0
846,85,4,0,0
847,120,4,0,0
848,90,4,0,0
849,124,4,0,0
850,83,4,0,0
851,83,4,0,0
852,99,4,0,0
853,122,4,0,0
854,111,4,0,0
855,105,4,0,0
856,113,4,0,0
857,103,4,0,0
858,88,4,0,0
859,84,4,0,0
860,80,4,0,0
861,114,4,0,0
862,97,4,0,0
863,114,4,0,0
864,114,4,0,0
865,114,4,0,0
866,118,4,0,0
867,112,4,0,0
868,102,4,0,0
869,89,4,0,0
870,83,4,0,0
871,93,4,0,0
872,95,4,0,0
873,113,4,0,0
874,91,4,0,0
875,123,4,0,0
876,111,4,0,0
877,85,4,0,0
878,98,4,0,0
879,109,4,0,0
880,97,4,0,0
881,97,4,0,0
882,103,4,0,0
883,102,4,0,0
884,112,4,0,0
885,86,4,0,0
886,102,4,0,0
887,84,4,0,0
888,115,4,0,0
889,118,4,0,0
890,104,4,0,0
891,113,4,0,0
892,89,4,0,0
893,95,4,0,0
894,104,4,0,0
895,97,4,0,0
896,91,4,0,0
897,122,4,0,0
898,123,4,0,0
899,102,4,0,0
900,121,4,0,0
901,120,4,0,0
902,98,4,0,0
903,114,4,0,0
904,99,4,0,0
905,117,4,0,0
906,101,4,0,0
907,102,4,0,0
908,89,4,0,0
909,88,4,0,0
910,101,4,0,0
911,108,4,0,0
912,80,4,0,0
913,124,4,0,0
914,95,4,0,0
915,109,4,0,0
916,98,4,0,0
917,103,4,0,0
918,113,4,0,0
919,120,4,0,0
920,94,4,0,0
921,109,4,0,0
922,86,4,0,0
923,108,4,0,0
924,119,4,0,0
925,92,4,0,0
926,106,4,0,0
927,82,4,0,0
928,95,4,0,0
929,100,4,0,0
930,119,4,0,0
931,80,4,0,0
932,118,4,0,0
933,117,4,0,0
934,85,4,0,0
935,109,4,0,0
936,119,4,0,0
937,91,4,0,0
938,80,4,0,0
939,123,4,0,0
940,106,4,0,0
941,122,4,0,0
942,88,4,0,0
943,106,4,0,0
944,124,4,0,0
945,118,4,0,0
946,123,4,0,0
947,96,4,0,0
948,98,4,0,0
949,95,4,0,0
950,105,4,0,0
951,88,4,0,0
952,109,4,0,0
953,117,4,0,0
954,116,4,0,0
955,104,4,0,0
956,113,4,0,0
957,109,4,0,0
958,87,4,0,0
959,111,4,0,0
960,98,4,0,0
961,114,4,0,0
962,83,4,0,0
963,95,4,0,0
964,105,4,0,0
965,94,4,0,0
966,98,4,0,0
967,81,4,0,0
968,81,4,0,0
969,118,4,0,0
970,102,4,0,0
971,109,4,0,0
972,120,4,0,0
973,105,4,0,0
974,122,4,0,0
975,119,4,0,0
976,104,4,0,0
977,124,4,0,0
978,95,4,0,0
979,95,4,0,0
980,111,4,0,0
981,94,4,0,0
982,85,4,0,0
983,114,4,0,0
984,98,4,0,0
985,81,4,0,0
986,110,4,0,0
987,87,4,0,0
988,86,4,0,0
989,92,4,0,0
990,80,4,0,0
991,101,4,0,0
992,97,4,0,0
993,121,4,0,0
994,80,4,0,0
995,106,4,0,0
996,110,4,0,0
997,90,4,0,0
998,124,4,0,0
999,114,4,0,0
1000,110,4,0,0
0,226,5,0,1
1,201,5,0,1
2,217,5,0,1
3,214,5,0,1
4,231,5,0,1
5,208,5,0,1
6,207,5,0,1
7,213,5,0,1
8,245,5,0,1
9,217,5,0,1
10,217,5,0,1
11,221,5,0,1
12,241,5,0,1
13,234,5,0,1
14,242,5,0,1
15,218,5,0,1
16,219,5,0,1
17,213,5,0,1
18,238,5,0,1
19,240,5,0,1
20,247,5,0,1
21,210,5,0,1
22,246,5,0,1
23,213,5,0,1
24,245,5,0,1
25,202,5,0,1
26,245,5,0,1
27,242,5,0,1
28,214,5,0,1
29,211,5,0,1
30,227,5,0,1
31,229,5,0,1
32,228,5,0,1
33,209,5,0,1
34,223,5,0,1
35,225,5,0,1
36,234,5,0,1
37,250,5,0,1
38,215,5,0,1
39,215,5,0,1
40,229,5,0,1
41,205,5,0,1
42,237,5,0,1
43,216,5,0,1
44,243,5,0,1
45,233,5,0,1
46,233,5,0,1
47,203,5,0,1
48,206,5,0,1
49,232,5,0,1
50,220,5,0,1
51,217,5,0,1
52,245,5,0,1
53,204,5,0,1
54,209,5,0,1
55,228,5,0,1
56,230,5,0,1
57,244,5,0,1
58,240,5,0,1
59,238,5,0,1
60,233,5,0,1
61,208,5,0,1
62,206,5,0,1
63,245,5,0,1
64,211,5,0,1
65,211,5,0,1
66,225,5,0,1
67,223,5,0,1
68,247,5,0,1
69,200,5,0,1
70,224,5,0,1
71,243,5,0,1
72,214,5,0,1
73,235,5,0,1
74,223,5,0,1
75,219,5,0,1
76,204,5,0,1
77,232,5,0,1
78,222,5,0,1
79,223,5,0,1
80,244,5,0,1
81,223,5,0,1
82,222,5,0,1
83,231,5,0,1
84,223,5,0,1
85,246,5,0,1
86,217,5,0,1
87,242,5,0,1
88,219,5,0,1
89,229,5,0,1
90,222,5,0,1
91,223,5,0,1
92,221,5,0,1
93,235,5,0,1
94,232,5,0,1
95,203,5,0,1
96,208,5,0,1
97,229,5,0,1
98,238,5,0,1
99,212,5,0,1
100,227,5,0,1
101,245,5,0,1
102,243,5,0,1
103,230,5,0,1
104,230,5,0,1
105,224,5,0,1
106,221,5,0,1
107,218,5,0,1
108,217,5,0,1
109,217,5,0,1
110,240,5,0,1
111,213,5,0,1
112,224,5,0,1
113,211,5,0,1
114,230,5,0,1
115,206,5,0,1
116,221,5,0,1
117,225,5,0,1
118,249,5,0,1
119,219,5,0,1
120,246,5,0,1
121,232,5,0,1
122,248,5,0,1
123,247,5,0,1
124,235,5,0,1
125,232,5,0,1
126,215,5,0,1
127,249,5,0,1
128,203,5,0,1
129,245,5,0,1
130,201,5,0,1
131,237,5,0,1
132,228,5,0,1
133,233,5,0,1
134,209,5,0,1
135,220,5,0,1
136,235,5,0,1
137,242,5,0,1
138,203,5,0,1
139,238,5,0,1
140,221,5,0,1
141,218,5,0,1
142,241,5,0,1
143,217,5,0,1
144,226,5,0,1
145,218,5,0,1
146,225,5,0,1
147,214,5,0,1
148,211,5,0,1
149,209,5,0,1
150,224,5,0,1
151,244,5,0,1
152,249,5,0,1
153,243,5,0,1
154,228,5,0,1
155,201,5,0,1
156,233,5,0,1
157,208,5,0,1
158,236,5,0,1
159,246,5,0,1
160,229,5,0,1
161,239,5,0,1
162,217,5,0,1
163,214,5,0,1
164,233,5,0,1
165,224,5,0,1
166,238,5,0,1
167,205,5,0,1
168,214,5,0,1
169,224,5,0,1
170,250,5,0,1
171,237,5,0,1
172,230,5,0,1
173,243,5,0,1
174,250,5,0,1
175,226,5,0,1
176,249,5,0,1
177,250,5,0,1
178,205,5,0,1
179,203,5,0,1
180,236,5,0,1
181,203,5,0,1
182,237,5,0,1
183,220,5,0,1
184,236,5,0,1
185,211,5,0,1
186,201,5,0,1
187,213,5,0,1
188,231,5,0,1
189,212,5,0,1
190,206,5,0,1
191,201,5,0,1
192,217,5,0,1
193,228,5,0,1
194,236,5,0,1
195,244,5,0,1
196,240,5,0,1
197,249,5,0,1
198,214,5,0,1
199,227,5,0,1
200,236,5,0,1
201,202,5,0,1
202,232,5,0,1
203,209,5,0,1
204,235,5,0,1
205,214,5,0,1
206,240,5,0,1
207,236,5,0,1
208,212,5,0,1
209,231,5,0,1
210,240,5,0,1
211,215,5,0,1
212,233,5,0,1
213,239,5,0,1
214,224,5,0,1
215,200,5,0,1
216,211,5,0,1
217,242,5,0,1
218,207,5,0,1
219,244,5,0,1
220,205,5,0,1
221,231,5,0,1
222,201,5,0,1
223,236,5,0,1
224,219,5,0,1
225,248,5,0,1
226,226,5,0,1
227,228,5,0,1
228,222,5,0,1
229,234,5,0,1
230,222,5,0,1
231,209,5,0,1
232,201,5,0,1
233,204,5,0,1
234,221,5,0,1
235,210,5,0,1
236,218,5,0,1
237,246,5,0,1
238,237,5,0,1
239,227,5,0,1
240,207,5,0,1
241,202,5,0,1
242,228,5,0,1
243,226,5,0,1
244,247,5,0,1
245,240,5,0,1
246,212,5,0,1
247,230,5,0,1
248,208,5,0,1
249,250,5,0,1
250,220,5,0,1
251,242,5,0,1
252,202,5,0,1
253,220,5,0,1
254,206,5,0,1
255,214,5,0,1
256,227,5,0,1
257,216,5,0,1
258,218,5,0,1
259,224,5,0,1
260,213,5,0,1
261,202,5,0,1
262,228,5,0,1
263,242,5,0,1
264,233,5,0,1
265,221,5,0,1
266,226,5,0,1
267,208,5,0,1
268,225,5,0,1
269,207,5,0,1
270,210,5,0,1
271,212,5,0,1
272,226,5,0,1
273,215,5,0,1
274,230,5,0,1
275,222,5,0,1
276,204,5,0,1
277,208,5,0,1
278,210,5,0,1
279,214,5,0,1
280,221,5,0,1
281,220,5,0,1
282,249,5,0,1
283,248,5,0,1
284,209,5,0,1
285,241,5,0,1
286,232,5,0,1
287,245,5,0,1
288,200,5,0,1
289,207,5,0,1
290,247,5,0,1
291,221,5,0,1
292,247,5,0,1
293,207,5,0,1
294,205,5,0,1
295,238,5,0,1
296,233,5,0,1
297,247,5,0,1
298,240,5,0,1
299,218,5,0,1
300,242,5,0,1
301,250,5,0,1
302,211,5,0,1
303,203,5,0,1
304,228,5,0,1
305,220,5,0,1
306,242,5,0,1
307,240,5,0,1
308,245,5,0,1
309,231,5,0,1
310,205,5,0,1
311,243,5,0,1
312,213,5,0,1
313,237,5,0,1
314,215,5,0,1
315,233,5,0,1
316,209,5,0,1
317,202,5,0,1
318,217,5,0,1
319,235,5,0,1
320,211,5,0,1
321,236,5,0,1
322,222,5,0,1
323,233,5,0,1
324,222,5,0,1
325,214,5,0,1
326,209,5,0,1
327,206,5,0,1
328,221,5,0,1
329,207,5,0,1
330,223,5,0,1
331,250,5,0,1
332,246,5,0,1
333,203,5,0,1
334,232,5,0,1
335,243,5,0,1
336,213,5,0,1
337,244,5,0,1
338,237,5,0,1
339,210,5,0,1
340,230,5,0,1
341,228,5,0,1
342,227,5,0,1
343,240,5,0,1
344,211,5,0,1
345,216,5,0,1
346,210,5,0,1
347,202,5,0,1
348,238,5,0,1
349,216,5,0,1
350,232,5,0,1
351,227,5,0,1
352,224,5,0,1
353,229,5,0,1
354,218,5,0,1
355,214,5,0,1
356,230,5,0,1
357,234,5,0,1
358,232,5,0,1
359,211,5,0,1
360,248,5,0,1
361,218,5,0,1
362,205,5,0,1
363,242,5,0,1
364,248,5,0,1
365,211,5,0,1
366,205,5,0,1
367,202,5,0,1
368,225,5,0,1
369,230,5,0,1
370,230,5,0,1
371,223,5,0,1
372,214,5,0,1
373,205,5,0,1
374,231,5,0,1
375,205,5,0,1
376,245,5,0,1
377,249,5,0,1
378,224,5,0,1
379,211,5,0,1
380,201,5,0,1
381,220,5,0,1
382,243,5,0,1
383,202,5,0,1
384,228,5,0,1
385,246,5,0,1
386,245,5,0,1
387,249,5,0,1
388,249,5,0,1
389,241,5,0,1
390,237,5,0,1
391,233,5,0,1
392,212,5,0,1
393,203,5,0,1
394,227,5,0,1
395,215,5,0,1
396,207,5,0,1
397,227,5,0,1
398,202,5,0,1
399,210,5,0,1
400,454,5,0,1
401,456,5,0,1
402,446,5,0,1
403,462,5,0,1
404,384,5,0,1
405,389,5,0,1
406,422,5,0,1
407,395,5,0,1
408,387,5,0,1
409,400,5,0,1
410,407,5,0,1
411,401,5,0,1
412,417,5,0,1
413,371,5,0,1
414,370,5,0,1
415,380,5,0,1
416,407,5,0,1
417,408,5,0,1
418,401,5,0,1
419,380,5,0,1
420,419,5,0,1
421,439,5,0,1
422,411,5,0,1
423,423,5,0,1
424,445,5,0,1
425,389,5,0,1
426,382,5,0,1
427,407,5,0,1
428,414,5,0,1
429,423,5,0,1
430,375,5,0,1
431,401,5,0,1
432,401,5,0,1
433,409,5,0,1
434,400,5,0,1
435,454,5,0,1
436,437,5,0,1
437,401,5,0,1
438,452,5,0,1
439,431,5,0,1
440,391,5,0,1
441,412,5,0,1
442,410,5,0,1
443,392,5,0,1
444,432,5,0,1
445,403,5,0,1
446,438,5,0,1
447,434,5,0,1
448,438,5,0,1
449,466,5,0,1
450,419,5,0,1
451,394,5,0,1
452,424,5,0,1
453,467,5,0,1
454,373,5,0,1
455,469,5,0,1
456,386,5,0,1
457,444,5,0,1
458,447,5,0,1
459,433,5,0,1
460,408,5,0,1
461,428,5,0,1
462,421,5,0,1
463,469,5,0,1
464,423,5,0,1
465,397,5,0,1
466,385,5,0,1
467,376,5,0,1
468,410,5,0,1
469,446,5,0,1
470,383,5,0,1
471,414,5,0,1
472,464,5,0,1
473,406,5,0,1
474,392,5,0,1
475,412,5,0,1
476,464,5,0,1
477,465,5,0,1
478,388,5,0,1
479,466,5,0,1
480,406,5,0,1
481,414,5,0,1
482,436,5,0,1
483,443,5,0,1
484,458,5,0,1
485,376,5,0,1
486,371,5,0,1
487,418,5,0,1
488,398,5,0,1
489,396,5,0,1
490,423,5,0,1
491,427,5,0,1
492,403,5,0,1
493,409,5,0,1
494,386,5,0,1
495,410,5,0,1
496,422,5,0,1
497,449,5,0,1
498,419,5,0,1
499,429,5,0,1
500,452,5,0,1
501,439,5,0,1
502,440,5,0,1
503,464,5,0,1
504,394,5,0,1
505,437,5,0,1
506,459,5,0,1
507,437,5,0,1
508,400,5,0,1
509,465,5,0,1
510,436,5,0,1
511,415,5,0,1
512,370,5,0,1
513,380,5,0,1
514,428,5,0,1
515,377,5,0,1
516,466,5,0,1
517,450,5,0,1
518,401,5,0,1
519,384,5,0,1
520,401,5,0,1
521,374,5,0,1
522,432,5,0,1
523,374,5,0,1
524,385,5,0,1
525,392,5,0,1
526,417,5,0,1
527,468,5,0,1
528,430,5,0,1
529,370,5,0,1
530,394,5,0,1
531,404,5,0,1
532,446,5,0,1
533,403,5,0,1
534,455,5,0,1
535,373,5,0,1
536,406,5,0,1
537,388,5,0,1
538,468,5,0,1
539,442,5,0,1
540,375,5,0,1
541,430,5,0,1
542,460,5,0,1
543,398,5,0,1
544,386,5,0,1
545,450,5,0,1
546,382,5,0,1
547,424,5,0,1
548,404,5,0,1
549,405,5,0,1
550,403,5,0,1
551,410,5,0,1
552,439,5,0,1
553,468,5,0,1
554,388,5,0,1
555,445,5,0,1
556,467,5,0,1
557,433,5,0,1
558,422,5,0,1
559,424,5,0,1
560,450,5,0,1
561,376,5,0,1
562,465,5,0,1
563,409,5,0,1
564,457,5,0,1
565,453,5,0,1
566,464,5,0,1
567,422,5,0,1
568,411,5,0,1
569,376,5,0,1
570,435,5,0,1
571,447,5,0,1
572,470,5,0,1
573,417,5,0,1
574,421,5,0,1
575,442,5,0,1
576,454,5,0,1
577,386,5,0,1
578,463,5,0,1
579,456,5,0,1
580,384,5,0,1
581,430,5,0,1
582,442,5,0,1
583,437,5,0,1
584,438,5,0,1
585,424,5,0,1
586,402,5,0,1
587,431,5,0,1
588,468,5,0,1
589,372,5,0,1
590,463,5,0,1
591,427,5,0,1
592,447,5,0,1
593,458,5,0,1
594,468,5,0,1
595,378,5,0,1
596,424,5,0,1
597,424,5,0,1
598,457,5,0,1
599,419,5,0,1
600,384,5,0,1
601,416,5,0,1
602,378,5,0,1
603,385,5,0,1
604,464,5,0,1
605,467,5,0,1
606,410,5,0,1
607,404,5,0,1
608,387,5,0,1
609,456,5,0,1
610,394,5,0,1
611,372,5,0,1
612,460,5,0,1
613,399,5,0,1
614,436,5,0,1
615,387,5,0,1
616,461,5,0,1
617,408,5,0,1
618,411,5,0,1
619,443,5,0,1
620,391,5,0,1
621,455,5,0,1
622,380,5,0,1
623,441,5,0,1
624,436,5,0,1
625,383,5,0,1
626,375,5,0,1
627,412,5,0,1
628,441,5,0,1
629,439,5,0,1
630,447,5,0,1
631,411,5,0,1
632,453,5,0,1
633,439,5,0,1
634,393,5,0,1
635,377,5,0,1
636,468,5,0,1
637,393,5,0,1
638,449,5,0,1
639,403,5,0,1
640,470,5,0,1
641,410,5,0,1
642,414,5,0,1
643,414,5,0,1
644,427,5,0,1
645,429,5,0,1
646,389,5,0,1
647,451,5,0,1
648,370,5,0,1
649,446,5,0,1
650,371,5,0,1
651,400,5,0,1
652,466,5,0,1
653,459,5,0,1
654,375,5,0,1
655,470,5,0,1
656,419,5,0,1
657,419,5,0,1
658,446,5,0,1
659,398,5,0,1
660,466,5,0,1
661,442,5,0,1
662,416,5,0,1
663,431,5,0,1
664,384,5,0,1
665,389,5,0,1
666,459,5,0,1
667,388,5,0,1
668,428,5,0,1
669,417,5,0,1
670,375,5,0,1
671,448,5,0,1
672,406,5,0,1
673,447,5,0,1
674,422,5,0,1
675,445,5,0,1
676,460,5,0,1
677,390,5,0,1
678,440,5,0,1
679,429,5,0,1
680,470,5,0,1
681,468,5,0,1
682,395,5,0,1
683,418,5,0,1
684,387,5,0,1
685,446,5,0,1
686,459,5,0,1
687,381,5,0,1
688,411,5,0,1
689,401,5,0,1
690,420,5,0,1
691,426,5,0,1
692,453,5,0,1
693,460,5,0,1
694,398,5,0,1
695,379,5,0,1
696,461,5,0,1
697,398,5,0,1
698,406,5,0,1
699,399,5,0,1
700,390,5,0,1
701,454,5,0,1
702,382,5,0,1
703,403,5,0,1
704,443,5,0,1
705,456,5,0,1
706,412,5,0,1
707,424,5,0,1
708,406,5,0,1
709,383,5,0,1
710,390,5,0,1
711,405,5,0,1
712,450,5,0,1
713,452,5,0,1
714,437,5,0,1
715,375,5,0,1
716,435,5,0,1
717,418,5,0,1
718,419,5,0,1
719,412,5,0,1
720,460,5,0,1
721,415,5,0,1
722,375,5,0,1
723,386,5,0,1
724,404,5,0,1
725,394,5,0,1
726,391,5,0,1
727,425,5,0,1
728,419,5,0,1
729,412,5,0,1
730,415,5,0,1
731,384,5,0,1
732,463,5,0,1
733,371,5,0,1
734,406,5,0,1
735,444,5,0,1
736,470,5,0,1
737,428,5,0,1
738,428,5,0,1
739,450,5,0,1
740,458,5,0,1
741,436,5,0,1
742,401,5,0,1
743,383,5,0,1
744,403,5,0,1
745,426,5,0,1
746,397,5,0,1
747,445,5,0,1
748,417,5,0,1
749,394,5,0,1
750,411,5,0,1
751,451,5,0,1
752,444,5,0,1
753,400,5,0,1
754,399,5,0,1
755,399,5,0,1
756,448,5,0,1
757,380,5,0,1
758,431,5,0,1
759,470,5,0,1
760,393,5,0,1
761,374,5,0,1
762,407,5,0,1
763,458,5,0,1
764,424,5,0,1
765,370,5,0,1
766,452,5,0,1
767,429,5,0,1
768,451,5,0,1
769,373,5,0,1
770,431,5,0,1
771,441,5,0,1
772,396,5,0,1
773,419,5,0,1
774,400,5,0,1
775,395,5,0,1
776,397,5,0,1
777,411,5,0,1
778,395,5,0,1
779,406,5,0,1
780,452,5,0,1
781,425,5,0,1
782,385,5,0,1
783,465,5,0,1
784,450,5,0,1
785,401,5,0,1
786,424,5,0,1
787,389,5,0,1
788,442,5,0,1
789,460,5,0,1
790,468,5,0,1
791,376,5,0,1
792,399,5,0,1
793,372,5,0,1
794,465,5,0,1
795,423,5,0,1
796,379,5,0,1
797,383,5,0,1
798,393,5,0,1
799,390,5,0,1
800,397,5,0,1
801,243,5,0,1
802,222,5,0,1
803,214,5,0,1
804,231,5,0,1
805,233,5,0,1
806,240,5,0,1
807,230,5,0,1
808,227,5,0,1
809,245,5,0,1
810,242,5,0,1
811,249,5,0,1
812,235,5,0,1
813,225,5,0,1
814,208,5,0,1
815,221,5,0,1
816,212,5,0,1
817,208,5,0,1
818,234,5,0,1
819,247,5,0,1
820,250,5,0,1
821,237,5,0,1
822,230,5,0,1
823,234,5,0,1
824,228,5,0,1
825,212,5,0,1
826,204,5,0,1
827,235,5,0,1
828,227,5,0,1
829,209,5,0,1
830,247,5,0,1
831,242,5,0,1
832,224,5,0,1
833,209,5,0,1
834,227,5,0,1
835,242,5,0,1
836,219,5,0,1
837,238,5,0,1
838,224,5,0,1
839,200,5,0,1
840,240,5,0,1
841,201,5,0,1
842,233,5,0,1
843,224,5,0,1
844,229,5,0,1
845,240,5,0,1
846,231,5,0,1
847,203,5,0,1
848,207,5,0,1
849,230,5,0,1
850,246,5,0,1
851,200,5,0,1
852,230,5,0,1
853,202,5,0,1
854,204,5,0,1
855,203,5,0,1
856,234,5,0,1
857,201,5,0,1
858,201,5,0,1
859,242,5,0,1
860,200,5,0,1
861,238,5,0,1
862,244,5,0,1
863,232,5,0,1
864,222,5,0,1
865,235,5,0,1
866,244,5,0,1
867,222,5,0,1
868,216,5,0,1
869,239,5,0,1
870,210,5,0,1
871,235,5,0,1
872,228,5,0,1
873,230,5,0,1
874,207,5,0,1
875,209,5,0,1
876,244,5,0,1
877,204,5,0,1
878,219,5,0,1
879,220,5,0,1
880,209,5,0,1
881,216,5,0,1
882,229,5,0,1
883,240,5,0,1
884,237,5,0,1
885,238,5,0,1
886,214,5,0,1
887,227,5,0,1
888,209,5,0,1
889,243,5,0,1
890,217,5,0,1
891,234,5,0,1
892,248,5,0,1
893,243,5,0,1
894,237,5,0,1
895,201,5,0,1
896,200,5,0,1
897,201,5,0,1
898,243,5,0,1
899,234,5,0,1
900,220,5,0,1
901,216,5,0,1
902,247,5,0,1
903,210,5,0,1
904,206,5,0,1
905,248,5,0,1
906,237,5,0,1
907,235,5,0,1
908,212,5,0,1
909,239,5,0,1
910,238,5,0,1
911,204,5,0,1
912,229,5,0,1
913,249,5,0,1
914,212,5,0,1
915,238,5,0,1
916,243,5,0,1
917,232,5,0,1
918,230,5,0,1
919,208,5,0,1
920,202,5,0,1
921,211,5,0,1
922,201,5,0,1
923,229,5,0,1
924,223,5,0,1
925,232,5,0,1
926,248,5,0,1
927,240,5,0,1
928,232,5,0,1
929,221,5,0,1
930,204,5,0,1
931,200,5,0,1
932,247,5,0,1
933,222,5,0,1
934,244,5,0,1
935,248,5,0,1
936,212,5,0,1
937,233,5,0,1
938,207,5,0,1
939,241,5,0,1
940,224,5,0,1
941,237,5,0,1
942,220,5,0,1
943,240,5,0,1
944,234,5,0,1
945,218,5,0,1
946,214,5,0,1
947,213,5,0,1
948,243,5,0,1
949,240,5,0,1
950,236,5,0,1
951,249,5,0,1
952,225,5,0,1
953,208,5,0,1
954,228,5,0,1
955,238,5,0,1
956,249,5,0,1
957,230,5,0,1
958,230,5,0,1
959,222,5,0,1
960,201,5,0,1
961,234,5,0,1
962,211,5,0,1
963,231,5,0,1
964,224,5,0,1
965,227,5,0,1
966,217,5,0,1
967,224,5,0,1
968,218,5,0,1
969,222,5,0,1
970,245,5,0,1
971,216,5,0,1
972,213,5,0,1
973,247,5,0,1
974,216,5,0,1
975,202,5,0,1
976,220,5,0,1
977,201,5,0,1
978,248,5,0,1
979,214,5,0,1
980,212,5,0,1
981,248,5,0,1
982,229,5,0,1
983,250,5,0,1
984,249,5,0,1
985,201,5,0,1
986,248,5,0,1
987,203,5,0,1
988,228,5,0,1
989,247,5,0,1
990,203,5,0,1
991,210,5,0,1
992,224,5,0,1
993,248,5,0,1
994,207,5,0,1
995,236,5,0,1
996,201,5,0,1
997,237,5,0,1
998,209,5,0,1
999,230,5,0,1
1000,228,5,0,1
0,204,6,0,1
1,211,6,0,1
2,211,6,0,1
3,227,6,0,1
4,247,6,0,1
5,210,6,0,1
6,226,6,0,1
7,233,6,0,1
8,205,6,0,1
9,237,6,0,1
10,236,6,0,1
11,215,6,0,1
12,237,6,0,1
13,221,6,0,1
14,244,6,0,1
15,238,6,0,1
16,238,6,0,1
17,211,6,0,1
18,237,6,0,1
19,200,6,0,1
20,235,6,0,1
21,234,6,0,1
22,220,6,0,1
23,242,6,0,1
24,243,6,0,1
25,237,6,0,1
26,211,6,0,1
27,220,6,0,1
28,235,6,0,1
29,218,6,0,1
30,224,6,0,1
31,234,6,0,1
32,211,6,0,1
33,212,6,0,1
34,249,6,0,1
35,224,6,0,1
36,212,6,0,1
37,227,6,0,1
38,226,6,0,1
39,247,6,0,1
40,224,6,0,1
41,213,6,0,1
42,228,6,0,1
43,207,6,0,1
44,224,6,0,1
45,218,6,0,1
46,236,6,0,1
47,243,6,0,1
48,250,6,0,1
49,243,6,0,1
50,221,6,0,1
51,241,6,0,1
52,207,6,0,1
53,249,6,0,1
54,216,6,0,1
55,236,6,0,1
56,238,6,0,1
57,250,6,0,1
58,212,6,0,1
59,215,6,0,1
60,235,6,0,1
61,238,6,0,1
62,219,6,0,1
63,202,6,0,1
64,227,6,0,1
65,204,6,0,1
66,202,6,0,1
67,230,6,0,1
68,206,6,0,1
69,217,6,0,1
70,231,6,0,1
71,237,6,0,1
72,220,6,0,1
73,212,6,0,1
74,212,6,0,1
75,213,6,0,1
76,216,6,0,1
77,231,6,0,1
78,222,6,0,1
79,229,6,0,1
80,235,6,0,1
81,205,6,0,1
82,230,6,0,1
83,209,6,0,1
84,222,6,0,1
85,222,6,0,1
86,219,6,0,1
87,225,6,0,1
88,201,6,0,1
89,244,6,0,1
90,219,6,0,1
91,219,6,0,1
92,202,6,0,1
93,246,6,0,1
94,241,6,0,1
95,246,6,0,1
96,242,6,0,1
97,210,6,0,1
98,229,6,0,1
99,221,6,0,1
100,219,6,0,1
101,240,6,0,1
102,212,6,0,1
103,210,6,0,1
104,206,6,0,1
105,200,6,0,1
106,235,6,0,1
107,218,6,0,1
108,218,6,0,1
109,230,6,0,1
110,208,6,0,1
111,205,6,0,1
112,227,6,0,1
113,242,6,0,1
114,205,6,0,1
115,240,6,0,1
116,229,6,0,1
117,232,6,0,1
118,202,6,0,1
119,224,6,0,1
120,244,6,0,1
121,227,6,0,1
122,238,6,0,1
123,249,6,0,1
124,217,6,0,1
125,204,6,0,1
126,227,6,0,1
127,245,6,0,1
128,232,6,0,1
129,221,6,0,1
130,207,6,0,1
131,217,6,0,1
132,243,6,0,1
133,246,6,0,1
134,200,6,0,1
135,219,6,0,1
136,239,6,0,1
137,220,6,0,1
138,230,6,0,1
139,208,6,0,1
140,231,6,0,1
141,240,6,0,1
142,243,6,0,1
143,221,6,0,1
144,237,6,0,1
145,206,6,0,1
146,223,6,0,1
147,204,6,0,1
148,231,6,0,1
149,222,6,0,1
150,247,6,0,1
151,213,6,0,1
152,238,6,0,1
153,244,6,0,1
154,201,6,0,1
155,206,6,0,1
156,202,6,0,1
157,224,6,0,1
158,201,6,0,1
159,250,6,0,1
160,249,6,0,1
161,218,6,0,1
162,217,6,0,1
163,242,6,0,1
164,201,6,0,1
165,204,6,0,1
166,233,6,0,1
167,220,6,0,1
168,241,6,0,1
169,245,6,0,1
170,234,6,0,1
171,213,6,0,1
172,250,6,0,1
173,235,6,0,1
174,233,6,0,1
175,206,6,0,1
176,235,6,0,1
177,207,6,0,1
178,230,6,0,1
179,227,6,0,1
180,230,6,0,1
181,234,6,0,1
182,232,6,0,1
183,240,6,0,1
184,231,6,0,1
185,205,6,0,1
186,218,6,0,1
187,214,6,0,1
188,234,6,0,1
189,246,6,0,1
190,210,6,0,1
191,234,6,0,1
192,219,6,0,1
193,223,6,0,1
194,215,6,0,1
195,216,6,0,1
196,201,6,0,1
197,248,6,0,1
198,204,6,0,1
199,225,6,0,1
200,230,6,0,1
201,204,6,0,1
202,203,6,0,1
203,204,6,0,1
204,203,6,0,1
205,201,6,0,1
206,239,6,0,1
207,200,6,0,1
208,210,6,0,1
209,244,6,0,1
210,234,6,0,1
211,214,6,0,1
212,240,6,0,1
213,207,6,0,1
214,202,6,0,1
215,231,6,0,1
216,206,6,0,1
217,203,6,0,1
218,220,6,0,1
219,236,6,0,1
220,205,6,0,1
221,225,6,0,1
222,218,6,0,1
223,206,6,0,1
224,208,6,0,1
225,246,6,0,1
226,202,6,0,1
227,242,6,0,1
228,221,6,0,1
229,245,6,0,1
230,201,6,0,1
231,222,6,0,1
232,230,6,0,1
233,209,6,0,1
234,227,6,0,1
235,213,6,0,1
236,238,6,0,1
237,249,6,0,1
238,224,6,0,1
239,246,6,0,1
240,215,6,0,1
241,216,6,0,1
242,211,6,0,1
243,237,6,0,1
244,224,6,0,1
245,213,6,0,1
246,233,6,0,1
247,200,6,0,1
248,217,6,0,1
249,226,6,0,1
250,218,6,0,1
251,208,6,0,1
252,243,6,0,1
253,211,6,0,1
254,230,6,0,1
255,228,6,0,1
256,223,6,0,1
257,245,6,0,1
258,218,6,0,1
259,245,6,0,1
260,221,6,0,1
261,205,6,0,1
262,204,6,0,1
263,249,6,0,1
264,247,6,0,1
265,248,6,0,1
266,200,6,0,1
267,217,6,0,1
268,226,6,0,1
269,220,6,0,1
270,202,6,0,1
271,214,6,0,1
272,220,6,0,1
273,211,6,0,1
274,236,6,0,1
275,202,6,0,1
276,227,6,0,1
277,200,6,0,1
278,237,6,0,1
279,212,6,0,1
280,231,6,0,1
281,210,6,0,1
282,231,6,0,1
283,208,6,0,1
284,250,6,0,1
285,230,6,0,1
286,244,6,0,1
287,240,6,0,1
288,245,6,0,1
289,245,6,0,1
290,200,6,0,1
291,239,6,0,1
292,227,6,0,1
293,240,6,0,1
294,229,6,0,1
295,244,6,0,1
296,241,6,0,1
297,205,6,0,1
298,211,6,0,1
299,226,6,0,1
300,248,6,0,1
301,204,6,0,1
302,238,6,0,1
303,240,6,0,1
304,226,6,0,1
305,240,6,0,1
306,242,6,0,1
307,207,6,0,1
308,213,6,0,1
309,243,6,0,1
310,238,6,0,1
311,225,6,0,1
312,250,6,0,1
313,211,6,0,1
314,205,6,0,1
315,225,6,0,1
316,242,6,0,1
317,244,6,0,1
318,214,6,0,1
319,230,6,0,1
320,245,6,0,1
321,208,6,0,1
322,200,6,0,1
323,239,6,0,1
324,235,6,0,1
325,242,6,0,1
326,226,6,0,1
327,220,6,0,1
328,224,6,0,1
329,210,6,0,1
330,211,6,0,1
331,204,6,0,1
332,200,6,0,1
333,234,6,0,1
334,204,6,0,1
335,246,6,0,1
336,232,6,0,1
337,248,6,0,1
338,224,6,0,1
339,213,6,0,1
340,240,6,0,1
341,238,6,0,1
342,246,6,0,1
343,221,6,0,1
344,241,6,0,1
345,235,6,0,1
346,243,6,0,1
347,239,6,0,1
348,224,6,0,1
349,239,6,0,1
350,214,6,0,1
351,206,6,0,1
352,220,6,0,1
353,235,6,0,1
354,246,6,0,1
355,247,6,0,1
356,222,6,0,1
357,200,6,0,1
358,228,6,0,1
359,225,6,0,1
360,200,6,0,1
361,211,6,0,1
362,213,6,0,1
363,247,6,0,1
364,224,6,0,1
365,233,6,0,1
366,218,6,0,1
367,206,6,0,1
368,249,6,0,1
369,215,6,0,1
370,206,6,0,1
371,213,6,0,1
372,213,6,0,1
373,250,6,0,1
374,207,6,0,1
375,224,6,0,1
376,217,6,0,1
377,217,6,0,1
378,249,6,0,1
379,228,6,0,1
380,204,6,0,1
381,237,6,0,1
382,219,6,0,1
383,204,6,0,1
384,241,6,0,1
385,225,6,0,1
386,234,6,0,1
387,238,6,0,1
388,223,6,0,1
389,241,6,0,1
390,202,6,0,1
391,222,6,0,1
392,229,6,0,1
393,234,6,0,1
394,237,6,0,1
395,238,6,0,1
396,214,6,0,1
397,213,6,0,1
398,243,6,0,1
399,217,6,0,1
400,394,6,0,1
401,415,6,0,1
402,424,6,0,1
403,424,6,0,1
404,387,6,0,1
405,407,6,0,1
406,411,6,0,1
407,384,6,0,1
408,383,6,0,1
409,378,6,0,1
410,418,6,0,1
411,389,6,0,1
412,446,6,0,1
413,375,6,0,1
414,390,6,0,1
415,388,6,0,1
416,467,6,0,1
417,459,6,0,1
418,403,6,0,1
419,434,6,0,1
420,398,6,0,1
421,465,6,0,1
422,463,6,0,1
423,432,6,0,1
424,380,6,0,1
425,387,6,0,1
426,423,6,0,1
427,375,6,0,1
428,463,6,0,1
429,399,6,0,1
430,421,6,0,1
431,370,6,0,1
432,411,6,0,1
433,413,6,0,1
434,461,6,0,1
435,460,6,0,1
436,377,6,0,1
437,384,6,0,1
438,452,6,0,1
439,383,6,0,1
440,446,6,0,1
441,393,6,0,1
442,388,6,0,1
443,445,6,0,1
444,404,6,0,1
445,437,6,0,1
446,450,6,0,1
447,413,6,0,1
448,372,6,0,1
449,376,6,0,1
450,412,6,0,1
451,413,6,0,1
452,417,6,0,1
453,382,6,0,1
454,395,6,0,1
455,386,6,0,1
456,376,6,0,1
457,377,6,0,1
458,383,6,0,1
459,439,6,0,1
460,450,6,0,1
461,434,6,0,1
462,378,6,0,1
463,421,6,0,1
464,403,6,0,1
465,424,6,0,1
466,390,6,0,1
467,453,6,0,1
468,442,6,0,1
469,457,6,0,1
470,414,6,0,1
471,408,6,0,1
472,455,6,0,1
473,417,6,0,1
474,461,6,0,1
475,370,6,0,1
476,458,6,0,1
477,377,6,0,1
478,449,6,0,1
479,430,6,0,1
480,467,6,0,1
481,395,6,0,1
482,413,6,0,1
483,455,6,0,1
484,407,6,0,1
485,454,6,0,1
486,418,6,0,1
487,386,6,0,1
488,386,6,0,1
489,448,6,0,1
490,399,6,0,1
491,376,6,0,1
492,452,6,0,1
493,400,6,0,1
494,427,6,0,1
495,436,6,0,1
496,392,6,0,1
497,399,6,0,1
498,389,6,0,1
499,389,6,0,1
500,401,6,0,1
501,417,6,0,1
502,450,6,0,1
503,443,6,0,1
504,444,6,0,1
505,407,6,0,1
506,437,6,0,1
507,425,6,0,1
508,442,6,0,1
509,468,6,0,1
510,469,6,0,1
511,399,6,0,1
512,410,6,0,1
513,373,6,0,1
514,446,6,0,1
515,433,6,0,1
516,442,6,0,1
517,423,6,0,1
518,464,6,0,1
519,398,6,0,1
520,410,6,0,1
521,385,6,0,1
522,433,6,0,1
523,405,6,0,1
524,409,6,0,1
525,424,6,0,1
526,397,6,0,1
527,430,6,0,1
528,393,6,0,1
529,409,6,0,1
530,467,6,0,1
531,407,6,0,1
532,410,6,0,1
533,450,6,0,1
534,401,6,0,1
535,399,6,0,1
536,372,6,0,1
537,420,6,0,1
538,454,6,0,1
539,451,6,0,1
540,448,6,0,1
541,440,6,0,1
542,404,6,0,1
543,384,6,0,1
544,418,6,0,1
545,466,6,0,1
546,425,6,0,1
547,440,6,0,1
548,398,6,0,1
549,458,6,0,1
550,447,6,0,1
551,392,6,0,1
552,461,6,0,1
553,440,6,0,1
554,378,6,0,1
555,424,6,0,1
556,377,6,0,1
557,467,6,0,1
558,415,6,0,1
559,423,6,0,1
560,395,6,0,1
561,423,6,0,1
562,437,6,0,1
563,386,6,0,1
564,439,6,0,1
565,469,6,0,1
566,375,6,0,1
567,425,6,0,1
568,461,6,0,1
569,398,6,0,1
570,469,6,0,1
571,437,6,0,1
572,439,6,0,1
573,386,6,0,1
574,391,6,0,1
575,436,6,0,1
576,383,6,0,1
577,440,6,0,1
578,435,6,0,1
579,383,6,0,1
580,409,6,0,1
581,459,6,0,1
582,370,6,0,1
583,383,6,0,1
584,398,6,0,1
585,407,6,0,1
586,413,6,0,1
587,427,6,0,1
588,413,6,0,1
589,453,6,0,1
590,468,6,0,1
591,421,6,0,1
592,404,6,0,1
593,373,6,0,1
594,396,6,0,1
595,430,6,0,1
596,416,6,0,1
597,456,6,0,1
598,463,6,0,1
599,372,6,0,1
600,382,6,0,1
601,377,6,0,1
602,440,6,0,1
603,446,6,0,1
604,381,6,0,1
605,404,6,0,1
606,459,6,0,1
607,392,6,0,1
608,411,6,0,1
609,450,6,0,1
610,439,6,0,1
611,386,6,0,1
612,398,6,0,1
613,449,6,0,1
614,446,6,0,1
615,379,6,0,1
616,373,6,0,1
617,468,6,0,1
618,392,6,0,1
619,446,6,0,1
620,380,6,0,1
621,420,6,0,1
622,389,6,0,1
623,465,6,0,1
624,446,6,0,1
625,427,6,0,1
626,396,6,0,1
627,385,6,0,1
628,416,6,0,1
629,427,6,0,1
630,404,6,0,1
631,373,6,0,1
632,379,6,0,1
633,407,6,0,1
634,376,6,0,1
635,413,6,0,1
636,385,6,0,1
637,428,6,0,1
638,410,6,0,1
639,460,6,0,1
640,454,6,0,1
641,439,6,0,1
642,444,6,0,1
643,449,6,0,1
644,442,6,0,1
645,448,6,0,1
646,375,6,0,1
647,447,6,0,1
648,468,6,0,1
649,424,6,0,1
650,376,6,0,1
651,374,6,0,1
652,400,6,0,1
653,462,6,0,1
654,376,6,0,1
655,403,6,0,1
656,374,6,0,1
657,386,6,0,1
658,454,6,0,1
659,440,6,0,1
660,415,6,0,1
661,408,6,0,1
662,423,6,0,1
663,421,6,0,1
664,427,6,0,1
665,455,6,0,1
666,400,6,0,1
667,375,6,0,1
668,409,6,0,1
669,427,6,0,1
670,450,6,0,1
671,397,6,0,1
672,452,6,0,1
673,454,6,0,1
674,393,6,0,1
675,427,6,0,1
676,450,6,0,1
677,451,6,0,1
678,447,6,0,1
679,451,6,0,1
680,466,6,0,1
681,414,6,0,1
682,467,6,0,1
683,392,6,0,1
684,452,6,0,1
685,453,6,0,1
686,427,6,0,1
687,427,6,0,1
688,467,6,0,1
689,402,6,0,1
690,404,6,0,1
691,410,6,0,1
692,395,6,0,1
693,457,6,0,1
694,372,6,0,1
695,449,6,0,1
696,444,6,0,1
697,389,6,0,1
698,466,6,0,1
699,372,6,0,1
700,413,6,0,1
701,393,6,0,1
702,442,6,0,1
703,462,6,0,1
704,371,6,0,1
705,401,6,0,1
706,404,6,0,1
707,445,6,0,1
708,377,6,0,1
709,375,6,0,1
710,380,6,0,1
711,395,6,0,1
712,393,6,0,1
713,425,6,0,1
714,393,6,0,1
715,429,6,0,1
716,419,6,0,1
717,384,6,0,1
718,391,6,0,1
719,398,6,0,1
720,392,6,0,1
721,391,6,0,1
722,466,6,0,1
723,378,6,0,1
724,444,6,0,1
725,449,6,0,1
726,386,6,0,1
727,461,6,0,1
728,411,6,0,1
729,395,6,0,1
730,467,6,0,1
731,374,6,0,1
732,436,6,0,1
733,401,6,0,1
734,405,6,0,1
735,461,6,0,1
736,453,6,0,1
737,431,6,0,1
738,427,6,0,1
739,383,6,0,1
740,452,6,0,1
741,414,6,0,1
742,422,6,0,1
743,463,6,0,1
744,394,6,0,1
745,429,6,0,1
746,380,6,0,1
747,390,6,0,1
748,395,6,0,1
749,376,6,0,1
750,462,6,0,1
751,460,6,0,1
752,447,6,0,1
753,464,6,0,1
754,373,6,0,1
755,370,6,0,1
756,465,6,0,1
757,435,6,0,1
758,456,6,0,1
759,448,6,0,1
760,436,6,0,1
761,377,6,0,1
762,470,6,0,1
763,450,6,0,1
764,426,6,0,1
765,464,6,0,1
766,400,6,0,1
767,372,6,0,1
768,379,6,0,1
769,436,6,0,1
770,438,6,0,1
771,465,6,0,1
772,468,6,0,1
773,374,6,0,1
774,402,6,0,1
775,388,6,0,1
776,444,6,0,1
777,467,6,0,1
778,370,6,0,1
779,409,6,0,1
780,428,6,0,1
781,445,6,0,1
782,387,6,0,1
783,464,6,0,1
784,376,6,0,1
785,435,6,0,1
786,380,6,0,1
787,392,6,0,1
788,456,6,0,1
789,462,6,0,1
790,378,6,0,1
791,389,6,0,1
792,456,6,0,1
793,387,6,0,1
794,384,6,0,1
795,445,6,0,1
796,440,6,0,1
797,386,6,0,1
798,389,6,0,1
799,376,6,0,1
800,398,6,0,1
801,239,6,0,1
802,215,6,0,1
803,215,6,0,1
804,205,6,0,1
805,212,6,0,1
806,209,6,0,1
807,226,6,0,1
808,218,6,0,1
809,235,6,0,1
810,207,6,0,1
811,225,6,0,1
812,209,6,0,1
813,238,6,0,1
814,225,6,0,1
815,217,6,0,1
816,246,6,0,1
817,206,6,0,1
818,234,6,0,1
819,223,6,0,1
820,220,6,0,1
821,249,6,0,1
822,229,6,0,1
823,202,6,0,1
824,228,6,0,1
825,237,6,0,1
826,233,6,0,1
827,214,6,0,1
828,206,6,0,1
829,241,6,0,1
830,248,6,0,1
831,212,6,0,1
832,250,6,0,1
833,228,6,0,1
834,211,6,0,1
835,226,6,0,1
836,202,6,0,1
837,235,6,0,1
838,221,6,0,1
839,221,6,0,1
840,221,6,0,1
841,217,6,0,1
842,239,6,0,1
843,212,6,0,1
844,204,6,0,1
845,210,6,0,1
846,235,6,0,1
847,200,6,0,1
848,246,6,0,1
849,249,6,0,1
850,214,6,0,1
851,234,6,0,1
852,231,6,0,1
853,242,6,0,1
854,242,6,0,1
855,202,6,0,1
856,201,6,0,1
857,232,6,0,1
858,203,6,0,1
859,237,6,0,1
860,241,6,0,1
861,240,6,0,1
862,240,6,0,1
863,208,6,0,1
864,242,6,0,1
865,213,6,0,1
866,248,6,0,1
867,224,6,0,1
868,207,6,0,1
869,221,6,0,1
870,219,6,0,1
871,235,6,0,1
872,233,6,0,1
873,231,6,0,1
874,215,6,0,1
875,234,6,0,1
876,212,6,0,1
877,250,6,0,1
878,248,6,0,1
879,219,6,0,1
880,228,6,0,1
881,233,6,0,1
882,224,6,0,1
883,240,6,0,1
884,224,6,0,1
885,239,6,0,1
886,241,6,0,1
887,212,6,0,1
888,224,6,0,1
889,241,6,0,1
890,221,6,0,1
891,212,6,0,1
892,210,6,0,1
893,231,6,0,1
894,246,6,0,1
895,219,6,0,1
896,248,6,0,1
897,223,6,0,1
898,244,6,0,1
899,246,6,0,1
900,244,6,0,1
901,208,6,0,1
902,217,6,0,1
903,224,6,0,1
904,237,6,0,1
905,207,6,0,1
906,221,6,0,1
907,216,6,0,1
908,200,6,0,1
909,249,6,0,1
910,235,6,0,1
911,242,6,0,1
912,240,6,0,1
913,248,6,0,1
914,205,6,0,1
915,209,6,0,1
916,213,6,0,1
917,234,6,0,1
918,240,6,0,1
919,248,6,0,1
920,210,6,0,1
921,210,6,0,1
922,247,6,0,1
923,247,6,0,1
924,211,6,0,1
925,244,6,0,1
926,249,6,0,1
927,233,6,0,1
928,228,6,0,1
929,233,6,0,1
930,209,6,0,1
931,229,6,0,1
932,231,6,0,1
933,207,6,0,1
934,225,6,0,1
935,213,6,0,1
936,203,6,0,1
937,240,6,0,1
938,227,6,0,1
939,220,6,0,1
940,200,6,0,1
941,203,6,0,1
942,200,6,0,1
943,248,6,0,1
944,234,6,0,1
945,212,6,0,1
946,239,6,0,1
947,214,6,0,1
948,230,6,0,1
949,250,6,0,1
950,232,6,0,1
951,231,6,0,1
952,232,6,0,1
953,240,6,0,1
954,237,6,0,1
955,202,6,0,1
956,209,6,0,1
957,233,6,0,1
958,247,6,0,1
959,228,6,0,1
960,248,6,0,1
961,250,6,0,1
962,220,6,0,1
963,218,6,0,1
964,234,6,0,1
965,240,6,0,1
966,231,6,0,1
967,224,6,0,1
968,220,6,0,1
969,234,6,0,1
970,248,6,0,1
971,246,6,0,1
972,225,6,0,1
973,227,6,0,1
974,243,6,0,1
975,234,6,0,1
976,217,6,0,1
977,217,6,0,1
978,237,6,0,1
979,232,6,0,1
980,234,6,0,1
981,207,6,0,1
982,214,6,0,1
983,207,6,0,1
984,200,6,0,1
985,203,6,0,1
986,236,6,0,1
987,205,6,0,1
988,236,6,0,1
989,217,6,0,1
990,212,6,0,1
991,223,6,0,1
992,234,6,0,1
993,246,6,0,1
994,238,6,0,1
995,215,6,0,1
996,237,6,0,1
997,250,6,0,1
998,246,6,0,1
999,203,6,0,1
1000,237,6,0,1
