time_sec,target_rps,actual_sent,success_count,fail_count,sla_violation_count,avg_latency_ms,p95_latency_ms,active_ports,scenario,phase
0,92,92,46,46,0,332.81,616.56,"8001,8002",sale_event,normal
1,86,86,86,0,0,268.86,335.15,"8001,8002,8003",sale_event,normal
2,85,85,85,0,0,262.99,301.28,"8001,8002,8003",sale_event,normal
3,91,91,91,0,0,260.09,297.53,"8001,8002,8003",sale_event,normal
4,100,100,100,0,0,299.36,375.61,"8001,8002,8003",sale_event,normal
5,85,85,85,0,0,351.41,423.14,"8001,8002,8003",sale_event,normal
6,96,96,96,0,0,300.31,310.5,"8001,8002,8003",sale_event,normal
7,99,99,99,0,0,296.86,339.22,"8001,8002,8003",sale_event,normal
8,95,95,95,0,0,256.89,297.77,"8001,8002,8003",sale_event,normal
9,80,80,80,0,0,242.2,256.59,"8001,8002,8003",sale_event,normal
10,80,80,80,0,0,248.46,263.91,"8001,8002,8003",sale_event,normal
11,100,100,100,0,0,300.78,320.03,"8001,8002,8003",sale_event,normal
12,95,95,95,0,0,261.51,317.69,"8001,8002,8003",sale_event,normal
13,86,86,86,0,0,244.39,279.97,"8001,8002,8003",sale_event,normal
14,86,86,86,0,0,229.13,279.16,"8001,8002,8003",sale_event,normal
15,87,87,87,0,0,264.82,313.24,"8001,8002,8003",sale_event,normal
16,90,90,90,0,0,262.84,296.49,"8001,8002,8003",sale_event,normal
17,99,99,99,0,0,313.36,333.46,"8001,8002,8003",sale_event,normal
18,96,96,96,0,0,267.08,306.38,"8001,8002,8003",sale_event,normal
19,80,80,80,0,0,242.89,264.31,"8001,8002,8003",sale_event,normal
20,100,100,100,0,0,356.49,376.55,"8001,8002,8003",sale_event,normal
21,89,89,89,0,0,313.87,341.95,"8001,8002,8003",sale_event,normal
22,85,85,85,0,0,254.44,281.47,"8001,8002,8003",sale_event,normal
23,97,97,97,0,0,286.19,328.47,"8001,8002,8003",sale_event,normal
24,99,99,99,0,0,292.46,343.72,"8001,8002,8003",sale_event,normal
25,89,89,89,0,0,261.14,305.84,"8001,8002,8003",sale_event,normal
26,89,89,89,0,0,277.69,291.78,"8001,8002,8003",sale_event,normal
27,94,94,94,0,0,269.75,307.12,"8001,8002,8003",sale_event,normal
28,92,92,92,0,0,415.83,453.88,"8001,8002,8003",sale_event,normal
29,80,80,80,0,0,283.81,323.74,"8001,8002,8003",sale_event,normal
30,80,80,80,0,0,203.36,254.27,"8001,8002,8003",sale_event,normal
31,100,100,100,0,0,298.13,336.09,"8001,8002,8003",sale_event,normal
32,92,92,92,0,0,282.24,403.87,"8001,8002,8003",sale_event,normal
33,97,97,97,0,0,348.42,384.25,"8001,8002,8003",sale_event,normal
34,81,81,81,0,0,279.82,297.12,"8001,8002,8003",sale_event,normal
35,100,100,100,0,0,312.03,341.82,"8001,8002,8003",sale_event,normal
36,92,92,92,0,0,275.5,351.99,"8001,8002,8003",sale_event,normal
37,89,89,89,0,0,295.27,318.46,"8001,8002,8003",sale_event,normal
38,93,93,93,0,0,253.2,293.74,"8001,8002,8003",sale_event,normal
39,87,87,87,0,0,438.7,472.57,"8001,8002,8003",sale_event,normal
40,97,97,97,0,0,325.45,357.83,"8001,8002,8003",sale_event,normal
41,82,82,82,0,0,272.55,313.63,"8001,8002,8003",sale_event,normal
42,97,97,97,0,0,315.9,365.61,"8001,8002,8003",sale_event,normal
43,97,97,97,0,0,287.68,334.31,"8001,8002,8003",sale_event,normal
44,97,97,97,0,0,284.27,346.01,"8001,8002,8003",sale_event,normal
45,83,83,83,0,0,272.46,330.57,"8001,8002,8003",sale_event,normal
46,81,81,81,0,0,255.91,275.95,"8001,8002,8003",sale_event,normal
47,92,92,92,0,0,327.8,353.28,"8001,8002,8003",sale_event,normal
48,83,83,83,0,0,250.81,276.87,"8001,8002,8003",sale_event,normal
49,98,98,98,0,0,297.02,412.07,"8001,8002,8003",sale_event,normal
50,100,100,100,0,0,251.6,302.16,"8001,8002,8003",sale_event,normal
51,98,98,98,0,0,280.57,353.85,"8001,8002,8003",sale_event,normal
52,91,91,91,0,0,260.58,289.3,"8001,8002,8003",sale_event,normal
53,91,91,91,0,0,240.89,356.23,"8001,8002,8003",sale_event,normal
54,82,82,82,0,0,237.8,288.15,"8001,8002,8003",sale_event,normal
55,87,87,87,0,0,238.71,283.35,"8001,8002,8003",sale_event,normal
56,94,94,94,0,0,277.59,309.5,"8001,8002,8003",sale_event,normal
57,84,84,84,0,0,244.36,281.25,"8001,8002,8003",sale_event,normal
58,91,91,91,0,0,283.22,337.33,"8001,8002,8003",sale_event,normal
59,94,94,94,0,0,273.42,321.48,"8001,8002,8003",sale_event,normal
60,83,83,83,0,0,292.1,314.0,"8001,8002,8003",sale_event,normal
61,80,80,80,0,0,254.19,290.94,"8001,8002,8003",sale_event,normal
62,91,91,91,0,0,271.92,324.77,"8001,8002,8003",sale_event,normal
63,88,88,88,0,0,270.04,287.76,"8001,8002,8003",sale_event,normal
64,87,87,87,0,0,270.78,281.45,"8001,8002,8003",sale_event,normal
65,92,92,92,0,0,265.48,298.75,"8001,8002,8003",sale_event,normal
66,97,97,97,0,0,262.97,321.92,"8001,8002,8003",sale_event,normal
67,96,96,96,0,0,282.29,321.06,"8001,8002,8003",sale_event,normal
68,88,88,88,0,0,255.58,291.6,"8001,8002,8003",sale_event,normal
69,90,90,90,0,0,240.62,309.62,"8001,8002,8003",sale_event,normal
70,88,88,88,0,0,273.66,284.95,"8001,8002,8003",sale_event,normal
71,99,99,99,0,0,289.58,311.52,"8001,8002,8003",sale_event,normal
72,95,95,95,0,0,278.81,303.81,"8001,8002,8003",sale_event,normal
73,97,97,97,0,0,258.55,312.74,"8001,8002,8003",sale_event,normal
74,80,80,80,0,0,224.68,267.52,"8001,8002,8003",sale_event,normal
75,86,86,86,0,0,250.33,287.19,"8001,8002,8003",sale_event,normal
76,96,96,96,0,0,282.36,313.14,"8001,8002,8003",sale_event,normal
77,93,93,93,0,0,257.71,331.01,"8001,8002,8003",sale_event,normal
78,100,100,100,0,0,315.7,376.55,"8001,8002,8003",sale_event,normal
79,87,87,87,0,0,287.28,298.9,"8001,8002,8003",sale_event,normal
80,88,88,88,0,0,257.91,291.11,"8001,8002,8003",sale_event,normal
81,93,93,93,0,0,274.92,304.5,"8001,8002,8003",sale_event,normal
82,84,84,84,0,0,238.5,279.45,"8001,8002,8003",sale_event,normal
83,81,81,81,0,0,236.11,270.22,"8001,8002,8003",sale_event,normal
84,84,84,84,0,0,277.76,287.66,"8001,8002,8003",sale_event,normal
85,80,80,80,0,0,231.23,271.22,"8001,8002,8003",sale_event,normal
86,94,94,94,0,0,306.28,323.79,"8001,8002,8003",sale_event,normal
87,99,99,99,0,0,306.84,356.3,"8001,8002,8003",sale_event,normal
88,85,85,85,0,0,267.5,292.05,"8001,8002,8003",sale_event,normal
89,94,94,94,0,0,264.62,317.86,"8001,8002,8003",sale_event,normal
90,99,99,99,0,0,300.43,324.89,"8001,8002,8003",sale_event,normal
91,98,98,98,0,0,284.18,324.35,"8001,8002,8003",sale_event,normal
92,99,99,99,0,0,269.72,325.37,"8001,8002,8003",sale_event,normal
93,98,98,98,0,0,305.77,345.6,"8001,8002,8003",sale_event,normal
94,89,89,89,0,0,273.83,291.36,"8001,8002,8003",sale_event,normal
95,84,84,84,0,0,236.1,272.7,"8001,8002,8003",sale_event,normal
96,93,93,93,0,0,289.93,308.44,"8001,8002,8003",sale_event,normal
97,92,92,92,0,0,279.23,310.77,"8001,8002,8003",sale_event,normal
98,93,93,93,0,0,281.33,298.52,"8001,8002,8003",sale_event,normal
99,83,83,83,0,0,253.43,269.89,"8001,8002,8003",sale_event,normal
100,99,99,99,0,0,270.02,308.21,"8001,8002,8003",sale_event,normal
101,84,84,84,0,0,238.37,277.72,"8001,8002,8003",sale_event,normal
102,82,82,82,0,0,224.15,266.53,"8001,8002,8003",sale_event,normal
103,97,97,97,0,0,268.55,312.61,"8001,8002,8003",sale_event,normal
104,84,84,84,0,0,248.5,276.91,"8001,8002,8003",sale_event,normal
105,98,98,98,0,0,274.44,324.28,"8001,8002,8003",sale_event,normal
106,99,99,99,0,0,295.11,314.07,"8001,8002,8003",sale_event,normal
107,89,89,89,0,0,295.47,304.55,"8001,8002,8003",sale_event,normal
108,86,86,86,0,0,275.19,289.31,"8001,8002,8003",sale_event,normal
109,85,85,85,0,0,233.94,273.57,"8001,8002,8003",sale_event,normal
110,89,89,89,0,0,270.87,322.32,"8001,8002,8003",sale_event,normal
111,88,88,88,0,0,294.69,349.13,"8001,8002,8003",sale_event,normal
112,83,83,83,0,0,238.12,284.98,"8001,8002,8003",sale_event,normal
113,96,96,96,0,0,285.8,331.44,"8001,8002,8003",sale_event,normal
114,94,94,94,0,0,293.51,310.66,"8001,8002,8003",sale_event,normal
115,83,83,83,0,0,246.23,310.55,"8001,8002,8003",sale_event,normal
116,99,99,99,0,0,286.72,324.05,"8001,8002,8003",sale_event,normal
117,91,91,91,0,0,285.0,305.7,"8001,8002,8003",sale_event,normal
118,94,94,94,0,0,288.88,344.03,"8001,8002,8003",sale_event,normal
119,82,82,82,0,0,252.14,274.32,"8001,8002,8003",sale_event,normal
120,81,81,81,0,0,224.52,280.62,"8001,8002,8003",sale_event,normal
121,83,83,83,0,0,239.88,260.62,"8001,8002,8003",sale_event,normal
122,91,91,91,0,0,254.47,299.69,"8001,8002,8003",sale_event,normal
123,93,93,93,0,0,266.74,293.24,"8001,8002,8003",sale_event,normal
124,85,85,85,0,0,257.03,278.74,"8001,8002,8003",sale_event,normal
125,83,83,83,0,0,251.38,337.11,"8001,8002,8003",sale_event,normal
126,82,82,82,0,0,240.68,264.99,"8001,8002,8003",sale_event,normal
127,87,87,87,0,0,303.38,330.97,"8001,8002,8003",sale_event,normal
128,90,90,90,0,0,310.23,409.62,"8001,8002,8003",sale_event,normal
129,95,95,95,0,0,275.63,298.65,"8001,8002,8003",sale_event,normal
130,89,89,89,0,0,262.21,333.8,"8001,8002,8003",sale_event,normal
131,95,95,95,0,0,343.32,467.94,"8001,8002,8003",sale_event,normal
132,95,95,95,0,0,289.79,315.54,"8001,8002,8003",sale_event,normal
133,88,88,88,0,0,259.29,327.55,"8001,8002,8003",sale_event,normal
134,100,100,100,0,0,329.18,369.47,"8001,8002,8003",sale_event,normal
135,89,89,89,0,0,275.72,358.98,"8001,8002,8003",sale_event,normal
136,95,95,95,0,0,301.47,319.52,"8001,8002,8003",sale_event,normal
137,87,87,87,0,0,282.34,327.14,"8001,8002,8003",sale_event,normal
138,83,83,83,0,0,254.33,283.02,"8001,8002,8003",sale_event,normal
139,92,92,92,0,0,280.4,302.44,"8001,8002,8003",sale_event,normal
140,99,99,99,0,0,299.78,324.58,"8001,8002,8003",sale_event,normal
141,86,86,86,0,0,260.9,293.6,"8001,8002,8003",sale_event,normal
142,90,90,90,0,0,265.08,291.82,"8001,8002,8003",sale_event,normal
143,93,93,93,0,0,253.2,288.98,"8001,8002,8003",sale_event,normal
144,99,99,99,0,0,293.78,320.67,"8001,8002,8003",sale_event,normal
145,96,96,96,0,0,293.92,313.99,"8001,8002,8003",sale_event,normal
146,81,81,81,0,0,217.11,257.41,"8001,8002,8003",sale_event,normal
147,90,90,90,0,0,257.96,289.8,"8001,8002,8003",sale_event,normal
148,98,98,98,0,0,284.58,325.96,"8001,8002,8003",sale_event,normal
149,86,86,86,0,0,244.1,277.13,"8001,8002,8003",sale_event,normal
150,81,81,81,0,0,249.39,257.98,"8001,8002,8003",sale_event,normal
151,100,100,100,0,0,337.53,361.25,"8001,8002,8003",sale_event,normal
152,94,94,94,0,0,295.08,324.77,"8001,8002,8003",sale_event,normal
153,91,91,91,0,0,388.41,424.83,"8001,8002,8003",sale_event,normal
154,93,93,93,0,0,319.99,368.44,"8001,8002,8003",sale_event,normal
155,95,95,95,0,0,302.31,338.16,"8001,8002,8003",sale_event,normal
156,80,80,80,0,0,238.8,270.39,"8001,8002,8003",sale_event,normal
157,100,100,100,0,0,312.6,344.21,"8001,8002,8003",sale_event,normal
158,99,99,99,0,0,269.08,330.01,"8001,8002,8003",sale_event,normal
159,96,96,96,0,0,285.32,307.68,"8001,8002,8003",sale_event,normal
160,91,91,91,0,0,285.26,299.13,"8001,8002,8003",sale_event,normal
161,92,92,92,0,0,247.36,301.75,"8001,8002,8003",sale_event,normal
162,80,80,80,0,0,227.91,253.4,"8001,8002,8003",sale_event,normal
163,91,91,91,0,0,284.83,306.24,"8001,8002,8003",sale_event,normal
164,83,83,83,0,0,214.74,259.09,"8001,8002,8003",sale_event,normal
165,87,87,87,0,0,240.94,280.94,"8001,8002,8003",sale_event,normal
166,84,84,84,0,0,235.46,267.37,"8001,8002,8003",sale_event,normal
167,86,86,86,0,0,254.28,285.29,"8001,8002,8003",sale_event,normal
168,82,82,82,0,0,226.89,265.04,"8001,8002,8003",sale_event,normal
169,100,100,100,0,0,287.75,325.21,"8001,8002,8003",sale_event,normal
170,92,92,92,0,0,278.08,300.6,"8001,8002,8003",sale_event,normal
171,89,89,89,0,0,249.24,317.34,"8001,8002,8003",sale_event,normal
172,84,84,84,0,0,233.7,286.98,"8001,8002,8003",sale_event,normal
173,93,93,93,0,0,269.52,294.46,"8001,8002,8003",sale_event,normal
174,83,83,83,0,0,224.22,273.74,"8001,8002,8003",sale_event,normal
175,80,80,80,0,0,227.73,259.67,"8001,8002,8003",sale_event,normal
176,99,99,99,0,0,315.63,344.05,"8001,8002,8003",sale_event,normal
177,84,84,84,0,0,244.42,288.42,"8001,8002,8003",sale_event,normal
178,100,100,100,0,0,299.39,327.81,"8001,8002,8003",sale_event,normal
179,80,80,80,0,0,259.02,286.95,"8001,8002,8003",sale_event,normal
180,88,88,88,0,0,260.38,293.76,"8001,8002,8003",sale_event,normal
181,97,97,97,0,0,267.47,314.23,"8001,8002,8003",sale_event,normal
182,82,82,82,0,0,237.47,262.93,"8001,8002,8003",sale_event,normal
183,98,98,98,0,0,291.03,316.89,"8001,8002,8003",sale_event,normal
184,87,87,87,0,0,247.26,280.99,"8001,8002,8003",sale_event,normal
185,99,99,99,0,0,301.54,331.33,"8001,8002,8003",sale_event,normal
186,93,93,93,0,0,263.5,294.6,"8001,8002,8003",sale_event,normal
187,81,81,81,0,0,240.25,272.87,"8001,8002,8003",sale_event,normal
188,94,94,94,0,0,285.55,305.03,"8001,8002,8003",sale_event,normal
189,82,82,82,0,0,244.08,280.28,"8001,8002,8003",sale_event,normal
190,92,92,92,0,0,254.06,307.67,"8001,8002,8003",sale_event,normal
191,93,93,93,0,0,300.99,332.43,"8001,8002,8003",sale_event,normal
192,86,86,86,0,0,241.87,270.62,"8001,8002,8003",sale_event,normal
193,95,95,95,0,0,274.91,312.9,"8001,8002,8003",sale_event,normal
194,97,97,97,0,0,279.32,314.19,"8001,8002,8003",sale_event,normal
195,89,89,89,0,0,235.27,294.09,"8001,8002,8003",sale_event,normal
196,83,83,83,0,0,257.0,287.09,"8001,8002,8003",sale_event,normal
197,81,81,81,0,0,221.8,261.24,"8001,8002,8003",sale_event,normal
198,86,86,86,0,0,273.83,325.25,"8001,8002,8003",sale_event,normal
199,100,100,100,0,0,327.43,374.43,"8001,8002,8003",sale_event,normal
200,94,94,94,0,0,274.8,303.73,"8001,8002,8003",sale_event,normal
201,93,93,93,0,0,271.07,303.06,"8001,8002,8003",sale_event,ramp_up
202,97,97,97,0,0,323.67,434.24,"8001,8002,8003",sale_event,ramp_up
203,111,111,111,0,0,277.32,344.11,"8001,8002,8003",sale_event,ramp_up
204,110,110,110,0,0,328.97,365.48,"8001,8002,8003",sale_event,ramp_up
205,102,102,102,0,0,303.78,327.69,"8001,8002,8003",sale_event,ramp_up
206,109,109,109,0,0,312.56,361.0,"8001,8002,8003",sale_event,ramp_up
207,113,113,113,0,0,343.24,369.71,"8001,8002,8003",sale_event,ramp_up
208,114,114,114,0,0,320.2,361.69,"8001,8002,8003",sale_event,ramp_up
209,113,113,113,0,0,366.09,454.69,"8001,8002,8003",sale_event,ramp_up
210,96,96,96,0,0,295.7,307.11,"8001,8002,8003",sale_event,ramp_up
211,105,105,105,0,0,301.65,327.46,"8001,8002,8003",sale_event,ramp_up
212,99,99,99,0,0,276.75,332.87,"8001,8002,8003",sale_event,ramp_up
213,115,115,115,0,0,324.56,368.99,"8001,8002,8003",sale_event,ramp_up
214,119,119,119,0,0,372.44,425.0,"8001,8002,8003",sale_event,ramp_up
215,111,111,111,0,0,362.95,436.32,"8001,8002,8003",sale_event,ramp_up
216,110,110,110,0,0,347.23,416.03,"8001,8002,8003",sale_event,ramp_up
217,104,104,104,0,0,313.53,341.0,"8001,8002,8003",sale_event,ramp_up
218,115,115,115,0,0,356.74,385.27,"8001,8002,8003",sale_event,ramp_up
219,103,103,103,0,0,317.93,344.26,"8001,8002,8003",sale_event,ramp_up
220,121,121,121,0,0,330.99,408.05,"8001,8002,8003",sale_event,ramp_up
221,118,118,118,0,0,361.06,377.93,"8001,8002,8003",sale_event,ramp_up
222,106,106,106,0,0,358.75,432.58,"8001,8002,8003",sale_event,ramp_up
223,124,124,124,0,0,412.06,530.04,"8001,8002,8003",sale_event,ramp_up
224,116,116,116,0,0,353.72,376.08,"8001,8002,8003",sale_event,ramp_up
225,128,128,128,0,0,374.52,431.47,"8001,8002,8003",sale_event,ramp_up
226,110,110,110,0,0,330.51,362.58,"8001,8002,8003",sale_event,ramp_up
227,113,113,113,0,0,346.63,373.81,"8001,8002,8003",sale_event,ramp_up
228,111,111,111,0,0,324.54,367.3,"8001,8002,8003",sale_event,ramp_up
229,115,115,115,0,0,360.28,382.02,"8001,8002,8003",sale_event,ramp_up
230,111,111,111,0,0,332.9,384.51,"8001,8002,8003",sale_event,ramp_up
231,121,121,121,0,0,356.33,393.98,"8001,8002,8003",sale_event,ramp_up
232,115,115,115,0,0,320.33,365.44,"8001,8002,8003",sale_event,ramp_up
233,127,127,127,0,0,379.98,435.32,"8001,8002,8003",sale_event,ramp_up
234,114,114,114,0,0,323.81,366.81,"8001,8002,8003",sale_event,ramp_up
235,129,129,129,0,0,357.48,411.62,"8001,8002,8003",sale_event,ramp_up
236,116,116,116,0,0,361.7,401.26,"8001,8002,8003",sale_event,ramp_up
237,135,135,135,0,0,389.33,447.99,"8001,8002,8003",sale_event,ramp_up
238,119,119,119,0,0,352.52,426.21,"8001,8002,8003",sale_event,ramp_up
239,134,134,134,0,0,421.86,505.79,"8001,8002,8003",sale_event,ramp_up
240,124,124,124,0,0,411.32,528.22,"8001,8002,8003",sale_event,ramp_up
241,130,130,130,0,0,374.18,414.32,"8001,8002,8003",sale_event,ramp_up
242,121,121,121,0,0,373.39,432.02,"8001,8002,8003",sale_event,ramp_up
243,122,122,122,0,0,372.88,457.12,"8001,8002,8003",sale_event,ramp_up
244,134,134,134,0,0,375.23,420.14,"8001,8002,8003",sale_event,ramp_up
245,130,130,130,0,0,375.2,422.77,"8001,8002,8003",sale_event,ramp_up
246,132,132,132,0,0,379.42,424.18,"8001,8002,8003",sale_event,ramp_up
247,124,124,124,0,0,392.47,427.98,"8001,8002,8003",sale_event,ramp_up
248,125,125,125,0,0,375.18,404.3,"8001,8002,8003",sale_event,ramp_up
249,126,126,126,0,0,394.1,453.82,"8001,8002,8003",sale_event,ramp_up
250,141,141,141,0,0,367.63,468.1,"8001,8002,8003",sale_event,ramp_up
251,135,135,135,0,0,374.23,430.21,"8001,8002,8003",sale_event,ramp_up
252,135,135,135,0,0,358.9,424.84,"8001,8002,8003",sale_event,ramp_up
253,135,135,135,0,0,384.48,436.84,"8001,8002,8003",sale_event,ramp_up
254,141,141,141,0,0,385.96,460.23,"8001,8002,8003",sale_event,ramp_up
255,150,150,150,0,0,417.45,475.2,"8001,8002,8003",sale_event,ramp_up
256,149,149,149,0,0,398.66,474.95,"8001,8002,8003",sale_event,ramp_up
257,143,143,143,0,0,398.4,498.1,"8001,8002,8003",sale_event,ramp_up
258,145,145,145,0,0,401.66,462.94,"8001,8002,8003",sale_event,ramp_up
259,150,150,150,0,0,420.35,485.02,"8001,8002,8003",sale_event,ramp_up
260,136,136,136,0,0,398.79,455.71,"8001,8002,8003",sale_event,ramp_up
261,139,139,139,0,0,372.51,439.0,"8001,8002,8003",sale_event,ramp_up
262,149,149,149,0,0,400.4,468.57,"8001,8002,8003",sale_event,ramp_up
263,152,152,152,0,0,404.17,480.52,"8001,8002,8003",sale_event,ramp_up
264,156,156,156,0,0,445.66,528.03,"8001,8002,8003",sale_event,ramp_up
265,144,144,144,0,0,450.85,591.95,"8001,8002,8003",sale_event,ramp_up
266,148,148,148,0,0,389.59,490.28,"8001,8002,8003",sale_event,ramp_up
267,148,148,148,0,0,415.13,480.43,"8001,8002,8003",sale_event,ramp_up
268,141,141,141,0,0,400.27,456.63,"8001,8002,8003",sale_event,ramp_up
269,146,146,146,0,0,451.13,566.32,"8001,8002,8003",sale_event,ramp_up
270,149,149,149,0,0,418.36,500.5,"8001,8002,8003",sale_event,ramp_up
271,149,149,149,0,0,398.94,469.43,"8001,8002,8003",sale_event,ramp_up
272,156,156,156,0,0,402.84,496.5,"8001,8002,8003",sale_event,ramp_up
273,147,147,147,0,0,432.53,488.69,"8001,8002,8003",sale_event,ramp_up
274,149,149,149,0,0,407.76,468.67,"8001,8002,8003",sale_event,ramp_up
275,152,152,152,0,0,483.82,664.24,"8001,8002,8003",sale_event,ramp_up
276,161,161,161,0,0,465.6,609.22,"8001,8002,8003",sale_event,ramp_up
277,157,157,157,0,0,410.31,508.66,"8001,8002,8003",sale_event,ramp_up
278,158,158,158,0,0,429.29,509.59,"8001,8002,8003",sale_event,ramp_up
279,160,160,160,0,0,466.52,586.06,"8001,8002,8003",sale_event,ramp_up
280,156,156,156,0,0,414.37,490.4,"8001,8002,8003",sale_event,ramp_up
281,165,165,165,0,0,439.93,552.36,"8001,8002,8003",sale_event,ramp_up
282,161,161,161,0,0,410.82,516.46,"8001,8002,8003",sale_event,ramp_up
283,160,160,160,0,0,413.67,512.79,"8001,8002,8003",sale_event,ramp_up
284,164,164,164,0,0,424.36,512.79,"8001,8002,8003",sale_event,ramp_up
285,168,168,168,0,0,436.79,548.18,"8001,8002,8003",sale_event,ramp_up
286,160,160,160,0,0,417.47,508.78,"8001,8002,8003",sale_event,ramp_up
287,159,159,159,0,0,508.95,588.91,"8001,8002,8003",sale_event,ramp_up
288,158,158,158,0,0,446.93,514.38,"8001,8002,8003",sale_event,ramp_up
289,165,165,165,0,0,432.42,531.09,"8001,8002,8003",sale_event,ramp_up
290,175,175,175,0,0,451.59,565.77,"8001,8002,8003",sale_event,ramp_up
291,173,173,173,0,0,426.09,556.29,"8001,8002,8003",sale_event,ramp_up
292,178,178,178,0,0,447.49,579.01,"8001,8002,8003",sale_event,ramp_up
293,164,164,164,0,0,436.29,514.71,"8001,8002,8003",sale_event,ramp_up
294,166,166,166,0,0,479.08,601.38,"8001,8002,8003",sale_event,ramp_up
295,162,162,162,0,0,436.59,579.84,"8001,8002,8003",sale_event,ramp_up
296,175,175,175,0,0,456.67,569.07,"8001,8002,8003",sale_event,ramp_up
297,179,179,179,0,0,471.32,604.4,"8001,8002,8003",sale_event,ramp_up
298,167,167,167,0,0,470.02,561.67,"8001,8002,8003",sale_event,ramp_up
299,172,172,172,0,0,448.73,561.83,"8001,8002,8003",sale_event,ramp_up
300,169,169,169,0,0,459.35,556.82,"8001,8002,8003",sale_event,ramp_up
301,177,177,177,0,0,488.41,606.73,"8001,8002,8003",sale_event,ramp_up
302,183,183,183,0,0,468.26,585.39,"8001,8002,8003",sale_event,ramp_up
303,173,173,173,0,0,465.19,547.0,"8001,8002,8003",sale_event,ramp_up
304,182,182,182,0,0,441.71,587.58,"8001,8002,8003",sale_event,ramp_up
305,175,175,175,0,0,418.52,559.24,"8001,8002,8003",sale_event,ramp_up
306,183,183,183,0,0,445.11,601.68,"8001,8002,8003",sale_event,ramp_up
307,184,184,184,0,0,483.49,616.29,"8001,8002,8003",sale_event,ramp_up
308,179,179,179,0,0,454.26,575.5,"8001,8002,8003",sale_event,ramp_up
309,190,190,190,0,0,477.34,611.54,"8001,8002,8003",sale_event,ramp_up
310,172,172,172,0,0,444.51,553.13,"8001,8002,8003",sale_event,ramp_up
311,189,189,189,0,0,480.78,611.89,"8001,8002,8003",sale_event,ramp_up
312,182,182,182,0,0,492.31,635.2,"8001,8002,8003",sale_event,ramp_up
313,191,191,191,0,0,484.91,629.09,"8001,8002,8003",sale_event,ramp_up
314,190,190,190,0,0,504.82,668.85,"8001,8002,8003",sale_event,ramp_up
315,195,195,195,0,0,489.51,637.1,"8001,8002,8003",sale_event,ramp_up
316,181,181,181,0,0,449.87,599.67,"8001,8002,8003",sale_event,ramp_up
317,180,180,180,0,0,473.7,610.43,"8001,8002,8003",sale_event,ramp_up
318,186,186,186,0,0,469.53,620.7,"8001,8002,8003",sale_event,ramp_up
319,190,190,190,0,0,462.08,615.46,"8001,8002,8003",sale_event,ramp_up
320,192,192,192,0,0,489.38,641.41,"8001,8002,8003",sale_event,ramp_up
321,193,193,193,0,0,468.23,622.79,"8001,8002,8003",sale_event,ramp_up
322,187,187,187,0,0,474.89,610.06,"8001,8002,8003",sale_event,ramp_up
323,198,198,198,0,0,492.02,657.07,"8001,8002,8003",sale_event,ramp_up
324,187,187,187,0,0,480.87,624.85,"8001,8002,8003",sale_event,ramp_up
325,192,192,192,0,0,488.71,596.99,"8001,8002,8003",sale_event,ramp_up
326,191,191,191,0,0,484.96,663.61,"8001,8002,8003",sale_event,ramp_up
327,190,190,190,0,0,519.17,639.06,"8001,8002,8003",sale_event,ramp_up
328,205,205,205,0,0,500.01,665.24,"8001,8002,8003",sale_event,ramp_up
329,189,189,189,0,0,464.47,608.38,"8001,8002,8003",sale_event,ramp_up
330,200,200,200,0,0,487.51,652.47,"8001,8002,8003",sale_event,ramp_up
331,192,192,192,0,0,457.43,605.72,"8001,8002,8003",sale_event,ramp_up
332,196,196,196,0,0,506.22,678.14,"8001,8002,8003",sale_event,ramp_up
333,208,208,208,0,0,511.52,689.25,"8001,8002,8003",sale_event,ramp_up
334,197,197,197,0,0,509.21,647.5,"8001,8002,8003",sale_event,ramp_up
335,209,209,209,0,0,502.27,701.24,"8001,8002,8003",sale_event,ramp_up
336,200,200,200,0,0,503.24,664.89,"8001,8002,8003",sale_event,ramp_up
337,207,207,207,0,0,526.18,706.55,"8001,8002,8003",sale_event,ramp_up
338,211,211,211,0,0,518.2,689.29,"8001,8002,8003",sale_event,ramp_up
339,214,214,214,0,0,520.49,740.5,"8001,8002,8003",sale_event,ramp_up
340,210,210,210,0,0,509.46,673.84,"8001,8002,8003",sale_event,ramp_up
341,195,195,195,0,0,515.24,660.96,"8001,8002,8003",sale_event,ramp_up
342,196,196,196,0,0,479.57,644.03,"8001,8002,8003",sale_event,ramp_up
343,197,197,197,0,0,521.91,726.05,"8001,8002,8003",sale_event,ramp_up
344,206,206,206,0,0,469.36,636.28,"8001,8002,8003",sale_event,ramp_up
345,208,208,208,0,0,496.07,686.97,"8001,8002,8003",sale_event,ramp_up
346,206,206,206,0,0,499.5,665.67,"8001,8002,8003",sale_event,ramp_up
347,220,220,220,0,0,506.21,713.91,"8001,8002,8003",sale_event,ramp_up
348,207,207,207,0,0,640.89,823.98,"8001,8002,8003",sale_event,ramp_up
349,205,205,205,0,0,515.17,682.82,"8001,8002,8003",sale_event,ramp_up
350,208,208,208,0,0,528.65,716.38,"8001,8002,8003",sale_event,ramp_up
351,222,222,222,0,0,539.44,762.96,"8001,8002,8003",sale_event,ramp_up
352,211,211,211,0,0,473.41,668.39,"8001,8002,8003",sale_event,ramp_up
353,218,218,218,0,0,500.02,716.64,"8001,8002,8003",sale_event,ramp_up
354,209,209,209,0,0,586.22,798.82,"8001,8002,8003",sale_event,ramp_up
355,220,220,220,0,0,572.96,777.12,"8001,8002,8003",sale_event,ramp_up
356,208,208,208,0,0,541.21,768.13,"8001,8002,8003",sale_event,ramp_up
357,209,209,209,0,0,506.5,693.88,"8001,8002,8003",sale_event,ramp_up
358,213,213,213,0,0,507.88,705.4,"8001,8002,8003",sale_event,ramp_up
359,213,213,213,0,0,544.97,743.59,"8001,8002,8003",sale_event,ramp_up
360,229,229,229,0,0,571.42,812.9,"8001,8002,8003",sale_event,ramp_up
361,228,228,228,0,0,520.4,725.57,"8001,8002,8003",sale_event,ramp_up
362,223,223,223,0,0,524.05,709.43,"8001,8002,8003",sale_event,ramp_up
363,225,225,225,0,0,516.15,721.41,"8001,8002,8003",sale_event,ramp_up
364,227,227,227,0,0,575.46,809.55,"8001,8002,8003",sale_event,ramp_up
365,213,213,213,0,0,515.15,689.26,"8001,8002,8003",sale_event,ramp_up
366,231,231,231,0,0,548.56,770.85,"8001,8002,8003",sale_event,ramp_up
367,223,223,223,0,0,521.26,715.28,"8001,8002,8003",sale_event,ramp_up
368,231,231,231,0,0,572.26,795.08,"8001,8002,8003",sale_event,ramp_up
369,217,217,217,0,0,568.23,753.07,"8001,8002,8003",sale_event,ramp_up
370,227,227,227,0,0,561.32,759.45,"8001,8002,8003",sale_event,ramp_up
371,227,227,227,0,0,569.62,827.78,"8001,8002,8003",sale_event,ramp_up
372,229,229,229,0,0,546.35,764.82,"8001,8002,8003",sale_event,ramp_up
373,223,223,223,0,0,525.66,734.76,"8001,8002,8003",sale_event,ramp_up
374,232,232,232,0,0,548.01,783.13,"8001,8002,8003",sale_event,ramp_up
375,238,238,238,0,0,534.29,784.45,"8001,8002,8003",sale_event,ramp_up
376,241,241,241,0,0,561.03,766.59,"8001,8002,8003",sale_event,ramp_up
377,226,226,226,0,0,606.08,783.65,"8001,8002,8003",sale_event,ramp_up
378,223,223,223,0,0,526.45,722.99,"8001,8002,8003",sale_event,ramp_up
379,241,241,241,0,0,554.79,803.49,"8001,8002,8003",sale_event,ramp_up
380,240,240,240,0,0,572.76,794.4,"8001,8002,8003",sale_event,ramp_up
381,245,245,245,0,0,605.3,853.41,"8001,8002,8003",sale_event,ramp_up
382,240,240,240,0,0,574.1,878.97,"8001,8002,8003",sale_event,ramp_up
383,245,245,245,0,0,561.87,814.04,"8001,8002,8003",sale_event,ramp_up
384,233,233,233,0,0,612.5,830.32,"8001,8002,8003",sale_event,ramp_up
385,237,237,237,0,0,607.94,842.55,"8001,8002,8003",sale_event,ramp_up
386,246,246,246,0,0,556.4,820.93,"8001,8002,8003",sale_event,ramp_up
387,240,240,240,0,0,554.0,801.47,"8001,8002,8003",sale_event,ramp_up
388,238,238,238,0,0,534.52,761.96,"8001,8002,8003",sale_event,ramp_up
389,249,249,249,0,0,575.29,878.8,"8001,8002,8003",sale_event,ramp_up
390,244,244,244,0,0,603.01,830.45,"8001,8002,8003",sale_event,ramp_up
391,242,242,242,0,0,567.91,817.23,"8001,8002,8003",sale_event,ramp_up
392,235,235,235,0,0,597.92,868.45,"8001,8002,8003",sale_event,ramp_up
393,244,244,244,0,0,552.02,812.46,"8001,8002,8003",sale_event,ramp_up
394,244,244,244,0,0,588.41,844.66,"8001,8002,8003",sale_event,ramp_up
395,255,255,255,0,0,609.96,873.68,"8001,8002,8003",sale_event,ramp_up
396,241,241,241,0,0,562.72,819.26,"8001,8002,8003",sale_event,ramp_up
397,249,249,249,0,0,522.68,805.97,"8001,8002,8003",sale_event,ramp_up
398,249,249,249,0,0,594.4,869.26,"8001,8002,8003",sale_event,ramp_up
399,250,250,250,0,0,642.19,903.71,"8001,8002,8003",sale_event,ramp_up
400,251,251,251,0,0,568.24,855.85,"8001,8002,8003",sale_event,ramp_up
401,569,569,569,0,23,1110.92,1986.8,"8001,8002,8003",sale_event,peak
402,682,682,682,0,144,1332.61,2315.68,"8001,8002,8003",sale_event,peak
403,536,536,536,0,0,1094.33,1857.63,"8001,8002,8003",sale_event,peak
404,514,514,514,0,0,1082.87,1796.48,"8001,8002,8003",sale_event,peak
405,661,661,661,0,133,1332.64,2299.21,"8001,8002,8003",sale_event,peak
406,526,526,526,0,0,1045.93,1793.13,"8001,8002,8003",sale_event,peak
407,658,658,658,0,132,1291.75,2349.34,"8001,8002,8003",sale_event,peak
408,682,682,682,0,194,1405.77,2432.26,"8001,8002,8003",sale_event,peak
409,590,590,590,0,0,1019.19,1912.1,"8001,8002,8003,8004",sale_event,peak
410,645,645,645,0,0,982.04,1660.14,"8001,8002,8003,8004",sale_event,peak
411,581,581,581,0,0,885.69,1468.04,"8001,8002,8003,8004",sale_event,peak
412,500,500,500,0,0,799.85,1374.2,"8001,8002,8003,8004",sale_event,peak
413,694,694,694,0,0,1013.02,1786.08,"8001,8002,8003,8004",sale_event,peak
414,516,516,516,0,0,857.36,1369.95,"8001,8002,8003,8004",sale_event,peak
415,606,606,606,0,0,1078.86,1761.92,"8001,8002,8003,8004",sale_event,peak
416,550,550,550,0,0,883.27,1420.74,"8001,8002,8003,8004",sale_event,peak
417,663,663,663,0,0,1050.8,1828.33,"8001,8002,8003,8004",sale_event,peak
418,532,532,532,0,0,870.43,1431.17,"8001,8002,8003,8004",sale_event,peak
419,600,600,600,0,0,973.39,1568.74,"8001,8002,8003,8004",sale_event,peak
420,541,541,541,0,0,848.41,1451.23,"8001,8002,8003,8004",sale_event,peak
421,644,644,644,0,0,959.78,1671.54,"8001,8002,8003,8004",sale_event,peak
422,512,512,512,0,0,801.67,1310.12,"8001,8002,8003,8004",sale_event,peak
423,532,532,532,0,0,836.66,1350.55,"8001,8002,8003,8004",sale_event,peak
424,642,642,642,0,0,1024.29,1749.83,"8001,8002,8003,8004",sale_event,peak
425,570,570,570,0,0,880.81,1482.41,"8001,8002,8003,8004",sale_event,peak
426,574,574,574,0,0,928.08,1554.21,"8001,8002,8003,8004",sale_event,peak
427,530,530,530,0,0,828.28,1352.34,"8001,8002,8003,8004",sale_event,peak
428,545,545,545,0,0,884.52,1472.28,"8001,8002,8003,8004",sale_event,peak
429,655,655,655,0,0,1002.43,1750.94,"8001,8002,8003,8004",sale_event,peak
430,515,515,515,0,0,853.9,1359.07,"8001,8002,8003,8004",sale_event,peak
431,511,511,511,0,0,822.69,1403.25,"8001,8002,8003,8004",sale_event,peak
432,684,684,684,0,9,1158.31,1949.8,"8001,8002,8003,8004",sale_event,peak
433,540,540,540,0,0,845.34,1583.05,"8001,8002,8003,8004,8005",sale_event,peak
434,617,617,617,0,0,862.87,1502.78,"8001,8002,8003,8004,8005",sale_event,peak
435,600,600,600,0,0,883.25,1430.22,"8001,8002,8003,8004,8005",sale_event,peak
436,588,588,588,0,0,945.22,1506.64,"8001,8002,8003,8004,8005",sale_event,peak
437,531,531,531,0,0,908.41,1456.58,"8001,8002,8003,8004,8005",sale_event,peak
438,665,665,665,0,0,992.09,1590.47,"8001,8002,8003,8004,8005",sale_event,peak
439,619,619,619,0,0,1014.72,1663.58,"8001,8002,8003,8004,8005",sale_event,peak
440,611,611,611,0,0,990.06,1623.09,"8001,8002,8003,8004,8005",sale_event,peak
441,603,603,603,0,0,899.84,1466.75,"8001,8002,8003,8004,8005",sale_event,peak
442,550,550,550,0,0,780.84,1307.75,"8001,8002,8003,8004,8005",sale_event,peak
443,557,557,557,0,0,767.37,1230.0,"8001,8002,8003,8004,8005",sale_event,peak
444,671,671,671,0,0,930.5,1540.35,"8001,8002,8003,8004,8005",sale_event,peak
445,584,584,584,0,0,805.9,1322.12,"8001,8002,8003,8004,8005",sale_event,peak
446,626,626,626,0,0,846.86,1394.43,"8001,8002,8003,8004,8005",sale_event,peak
447,642,642,642,0,0,855.75,1373.39,"8001,8002,8003,8004,8005",sale_event,peak
448,693,693,693,0,0,920.06,1568.1,"8001,8002,8003,8004,8005",sale_event,peak
449,558,558,558,0,0,774.65,1247.99,"8001,8002,8003,8004,8005",sale_event,peak
450,635,635,635,0,0,870.27,1412.18,"8001,8002,8003,8004,8005",sale_event,peak
451,576,576,576,0,0,824.83,1368.45,"8001,8002,8003,8004,8005",sale_event,peak
452,603,603,603,0,0,836.04,1361.73,"8001,8002,8003,8004,8005",sale_event,peak
453,580,580,580,0,0,813.61,1336.69,"8001,8002,8003,8004,8005",sale_event,peak
454,621,621,621,0,0,804.51,1337.11,"8001,8002,8003,8004,8005",sale_event,peak
455,592,592,592,0,0,806.56,1311.54,"8001,8002,8003,8004,8005",sale_event,peak
456,648,648,648,0,0,910.46,1522.69,"8001,8002,8003,8004,8005",sale_event,peak
457,672,672,672,0,0,911.29,1511.14,"8001,8002,8003,8004,8005",sale_event,peak
458,601,601,601,0,0,834.49,1360.62,"8001,8002,8003,8004,8005",sale_event,peak
459,647,647,647,0,0,852.07,1428.93,"8001,8002,8003,8004,8005",sale_event,peak
460,572,572,572,0,0,782.29,1272.32,"8001,8002,8003,8004,8005",sale_event,peak
461,657,657,657,0,0,857.8,1422.3,"8001,8002,8003,8004,8005",sale_event,peak
462,694,694,694,0,0,967.12,1602.72,"8001,8002,8003,8004,8005",sale_event,peak
463,655,655,655,0,0,886.08,1517.09,"8001,8002,8003,8004,8005",sale_event,peak
464,565,565,565,0,0,812.27,1271.9,"8001,8002,8003,8004,8005",sale_event,peak
465,685,685,685,0,0,901.19,1560.75,"8001,8002,8003,8004,8005",sale_event,peak
466,579,579,579,0,0,810.65,1261.44,"8001,8002,8003,8004,8005",sale_event,peak
467,522,522,522,0,0,757.11,1214.81,"8001,8002,8003,8004,8005",sale_event,peak
468,666,666,666,0,0,930.61,1541.91,"8001,8002,8003,8004,8005",sale_event,peak
469,623,623,623,0,0,882.41,1447.63,"8001,8002,8003,8004,8005",sale_event,peak
470,517,517,517,0,0,741.97,1164.37,"8001,8002,8003,8004,8005",sale_event,peak
471,692,692,692,0,0,933.41,1568.92,"8001,8002,8003,8004,8005",sale_event,peak
472,645,645,645,0,0,880.9,1496.35,"8001,8002,8003,8004,8005",sale_event,peak
473,692,692,692,0,0,931.01,1552.79,"8001,8002,8003,8004,8005",sale_event,peak
474,571,571,571,0,0,800.28,1279.07,"8001,8002,8003,8004,8005",sale_event,peak
475,681,681,681,0,0,913.79,1516.82,"8001,8002,8003,8004,8005",sale_event,peak
476,679,679,679,0,0,907.09,1503.99,"8001,8002,8003,8004,8005",sale_event,peak
477,517,517,517,0,0,799.17,1276.33,"8001,8002,8003,8004,8005",sale_event,peak
478,544,544,544,0,0,754.59,1171.74,"8001,8002,8003,8004,8005",sale_event,peak
479,673,673,673,0,0,952.73,1598.2,"8001,8002,8003,8004,8005",sale_event,peak
480,623,623,623,0,0,862.51,1429.21,"8001,8002,8003,8004,8005",sale_event,peak
481,625,625,625,0,0,884.08,1455.41,"8001,8002,8003,8004,8005",sale_event,peak
482,633,633,633,0,0,878.87,1476.43,"8001,8002,8003,8004,8005",sale_event,peak
483,688,688,688,0,0,930.96,1535.66,"8001,8002,8003,8004,8005",sale_event,peak
484,631,631,631,0,0,881.27,1421.8,"8001,8002,8003,8004,8005",sale_event,peak
485,680,680,680,0,0,906.96,1611.6,"8001,8002,8003,8004,8005",sale_event,peak
486,504,504,504,0,0,730.12,1115.9,"8001,8002,8003,8004,8005",sale_event,peak
487,634,634,634,0,0,862.85,1434.54,"8001,8002,8003,8004,8005",sale_event,peak
488,555,555,555,0,0,809.36,1298.07,"8001,8002,8003,8004,8005",sale_event,peak
489,539,539,539,0,0,817.3,1313.9,"8001,8002,8003,8004,8005",sale_event,peak
490,681,681,681,0,0,963.19,1709.78,"8001,8002,8003,8004,8005",sale_event,peak
491,643,643,643,0,0,860.81,1409.07,"8001,8002,8003,8004,8005",sale_event,peak
492,508,508,508,0,0,783.35,1194.42,"8001,8002,8003,8004,8005",sale_event,peak
493,642,642,642,0,0,941.64,1591.14,"8001,8002,8003,8004,8005",sale_event,peak
494,511,511,511,0,0,772.02,1187.12,"8001,8002,8003,8004,8005",sale_event,peak
495,686,686,686,0,0,928.32,1609.32,"8001,8002,8003,8004,8005",sale_event,peak
496,667,667,667,0,0,1078.33,1785.58,"8001,8002,8003,8004,8005",sale_event,peak
497,604,604,604,0,0,894.26,1519.56,"8001,8002,8003,8004,8005",sale_event,peak
498,691,691,691,0,0,1004.8,1736.92,"8001,8002,8003,8004,8005",sale_event,peak
499,510,510,510,0,0,766.87,1143.31,"8001,8002,8003,8004,8005",sale_event,peak
500,523,523,523,0,0,753.42,1185.02,"8001,8002,8003,8004,8005",sale_event,peak
501,585,585,585,0,0,792.5,1286.36,"8001,8002,8003,8004,8005",sale_event,peak
502,573,573,573,0,0,811.91,1340.58,"8001,8002,8003,8004,8005",sale_event,peak
503,557,557,557,0,0,889.99,1430.95,"8001,8002,8003,8004,8005",sale_event,peak
504,534,534,534,0,0,848.73,1375.37,"8001,8002,8003,8004,8005",sale_event,peak
505,505,505,505,0,0,722.33,1173.61,"8001,8002,8003,8004,8005",sale_event,peak
506,580,580,580,0,0,850.54,1348.14,"8001,8002,8003,8004,8005",sale_event,peak
507,648,648,648,0,0,888.76,1458.11,"8001,8002,8003,8004,8005",sale_event,peak
508,695,695,695,0,0,913.89,1578.33,"8001,8002,8003,8004,8005",sale_event,peak
509,581,581,581,0,0,834.83,1352.97,"8001,8002,8003,8004,8005",sale_event,peak
510,661,661,661,0,0,946.9,1551.56,"8001,8002,8003,8004,8005",sale_event,peak
511,668,668,668,0,0,924.08,1589.83,"8001,8002,8003,8004,8005",sale_event,peak
512,601,601,601,0,0,883.84,1508.65,"8001,8002,8003,8004,8005",sale_event,peak
513,517,517,517,0,0,831.38,1314.77,"8001,8002,8003,8004,8005",sale_event,peak
514,520,520,520,0,0,746.95,1231.34,"8001,8002,8003,8004,8005",sale_event,peak
515,695,695,695,0,0,924.04,1568.1,"8001,8002,8003,8004,8005",sale_event,peak
516,644,644,644,0,0,890.78,1478.35,"8001,8002,8003,8004,8005",sale_event,peak
517,669,669,669,0,0,894.68,1545.5,"8001,8002,8003,8004,8005",sale_event,peak
518,602,602,602,0,0,896.3,1503.92,"8001,8002,8003,8004,8005",sale_event,peak
519,670,670,670,0,0,932.49,1542.17,"8001,8002,8003,8004,8005",sale_event,peak
520,648,648,648,0,0,904.89,1492.55,"8001,8002,8003,8004,8005",sale_event,peak
521,619,619,619,0,0,997.04,1612.79,"8001,8002,8003,8004,8005",sale_event,peak
522,547,547,547,0,0,964.82,1409.64,"8001,8002,8003,8004,8005",sale_event,peak
523,504,504,504,0,0,714.77,1122.8,"8001,8002,8003,8004,8005",sale_event,peak
524,684,684,684,0,0,923.64,1560.98,"8001,8002,8003,8004,8005",sale_event,peak
525,551,551,551,0,0,774.17,1267.32,"8001,8002,8003,8004,8005",sale_event,peak
526,633,633,633,0,0,859.47,1409.11,"8001,8002,8003,8004,8005",sale_event,peak
527,640,640,640,0,0,896.31,1452.43,"8001,8002,8003,8004,8005",sale_event,peak
528,551,551,551,0,0,806.88,1291.83,"8001,8002,8003,8004,8005",sale_event,peak
529,550,550,550,0,0,805.74,1283.52,"8001,8002,8003,8004,8005",sale_event,peak
530,543,543,543,0,0,807.98,1270.58,"8001,8002,8003,8004,8005",sale_event,peak
531,595,595,595,0,0,855.4,1395.69,"8001,8002,8003,8004,8005",sale_event,peak
532,515,515,515,0,0,741.37,1182.09,"8001,8002,8003,8004,8005",sale_event,peak
533,627,627,627,0,0,881.23,1418.93,"8001,8002,8003,8004,8005",sale_event,peak
534,656,656,656,0,0,899.0,1463.53,"8001,8002,8003,8004,8005",sale_event,peak
535,685,685,685,0,0,929.23,1570.76,"8001,8002,8003,8004,8005",sale_event,peak
536,669,669,669,0,0,939.37,1525.16,"8001,8002,8003,8004,8005",sale_event,peak
537,612,612,612,0,0,855.83,1441.64,"8001,8002,8003,8004,8005",sale_event,peak
538,503,503,503,0,0,779.93,1211.63,"8001,8002,8003,8004,8005",sale_event,peak
539,558,558,558,0,0,804.67,1276.56,"8001,8002,8003,8004,8005",sale_event,peak
540,665,665,665,0,0,896.95,1576.47,"8001,8002,8003,8004,8005",sale_event,peak
541,695,695,695,0,0,922.3,1532.94,"8001,8002,8003,8004,8005",sale_event,peak
542,610,610,610,0,0,874.41,1426.72,"8001,8002,8003,8004,8005",sale_event,peak
543,511,511,511,0,0,762.78,1162.85,"8001,8002,8003,8004,8005",sale_event,peak
544,565,565,565,0,0,817.43,1348.22,"8001,8002,8003,8004,8005",sale_event,peak
545,646,646,646,0,0,970.31,1532.27,"8001,8002,8003,8004,8005",sale_event,peak
546,619,619,619,0,0,1037.99,1634.53,"8001,8002,8003,8004,8005",sale_event,peak
547,623,623,623,0,0,870.93,1422.48,"8001,8002,8003,8004,8005",sale_event,peak
548,582,582,582,0,0,857.5,1455.92,"8001,8002,8003,8004,8005",sale_event,peak
549,624,624,624,0,0,870.13,1447.53,"8001,8002,8003,8004,8005",sale_event,peak
550,645,645,645,0,0,893.16,1488.91,"8001,8002,8003,8004,8005",sale_event,peak
551,620,620,620,0,0,861.74,1426.18,"8001,8002,8003,8004,8005",sale_event,peak
552,565,565,565,0,0,812.92,1296.55,"8001,8002,8003,8004,8005",sale_event,peak
553,529,529,529,0,0,811.77,1305.41,"8001,8002,8003,8004,8005",sale_event,peak
554,518,518,518,0,0,834.01,1310.61,"8001,8002,8003,8004,8005",sale_event,peak
555,511,511,511,0,0,830.13,1305.86,"8001,8002,8003,8004,8005",sale_event,peak
556,644,644,644,0,0,869.16,1444.35,"8001,8002,8003,8004,8005",sale_event,peak
557,530,530,530,0,0,759.91,1217.6,"8001,8002,8003,8004,8005",sale_event,peak
558,531,531,531,0,0,768.44,1215.98,"8001,8002,8003,8004,8005",sale_event,peak
559,663,663,663,0,0,890.55,1471.32,"8001,8002,8003,8004,8005",sale_event,peak
560,563,563,563,0,0,792.86,1295.62,"8001,8002,8003,8004,8005",sale_event,peak
561,552,552,552,0,0,839.05,1394.03,"8001,8002,8003,8004,8005",sale_event,peak
562,626,626,626,0,0,853.23,1418.3,"8001,8002,8003,8004,8005",sale_event,peak
563,694,694,694,0,0,937.74,1617.63,"8001,8002,8003,8004,8005",sale_event,peak
564,504,504,504,0,0,759.77,1167.69,"8001,8002,8003,8004,8005",sale_event,peak
565,532,532,532,0,0,809.13,1273.51,"8001,8002,8003,8004,8005",sale_event,peak
566,690,690,690,0,0,923.39,1538.3,"8001,8002,8003,8004,8005",sale_event,peak
567,617,617,617,0,0,855.09,1425.96,"8001,8002,8003,8004,8005",sale_event,peak
568,582,582,582,0,0,814.37,1280.35,"8001,8002,8003,8004,8005",sale_event,peak
569,640,640,640,0,0,855.95,1422.28,"8001,8002,8003,8004,8005",sale_event,peak
570,662,662,662,0,0,904.78,1503.23,"8001,8002,8003,8004,8005",sale_event,peak
571,673,673,673,0,0,924.58,1505.05,"8001,8002,8003,8004,8005",sale_event,peak
572,510,510,510,0,0,742.41,1133.61,"8001,8002,8003,8004,8005",sale_event,peak
573,667,667,667,0,0,920.76,1555.21,"8001,8002,8003,8004,8005",sale_event,peak
574,501,501,501,0,0,734.5,1146.25,"8001,8002,8003,8004,8005",sale_event,peak
575,676,676,676,0,0,906.55,1567.4,"8001,8002,8003,8004,8005",sale_event,peak
576,617,617,617,0,0,850.66,1464.42,"8001,8002,8003,8004,8005",sale_event,peak
577,584,584,584,0,0,811.3,1410.51,"8001,8002,8003,8004,8005",sale_event,peak
578,697,697,697,0,0,925.6,1593.44,"8001,8002,8003,8004,8005",sale_event,peak
579,624,624,624,0,0,876.91,1419.95,"8001,8002,8003,8004,8005",sale_event,peak
580,684,684,684,0,0,955.07,1639.63,"8001,8002,8003,8004,8005",sale_event,peak
581,693,693,693,0,0,993.43,1652.28,"8001,8002,8003,8004,8005",sale_event,peak
582,593,593,593,0,0,915.71,1531.04,"8001,8002,8003,8004,8005",sale_event,peak
583,569,569,569,0,0,854.36,1326.01,"8001,8002,8003,8004,8005",sale_event,peak
584,696,696,696,0,0,947.07,1593.37,"8001,8002,8003,8004,8005",sale_event,peak
585,646,646,646,0,0,910.13,1529.99,"8001,8002,8003,8004,8005",sale_event,peak
586,700,700,700,0,0,918.08,1521.81,"8001,8002,8003,8004,8005",sale_event,peak
587,676,676,676,0,0,966.57,1676.78,"8001,8002,8003,8004,8005",sale_event,peak
588,530,530,530,0,0,775.81,1192.82,"8001,8002,8003,8004,8005",sale_event,peak
589,693,693,693,0,0,984.65,1646.06,"8001,8002,8003,8004,8005",sale_event,peak
590,515,515,515,0,0,742.04,1179.84,"8001,8002,8003,8004,8005",sale_event,peak
591,579,579,536,43,0,949.55,1464.84,"8001,8002,8003,8004,8005",sale_event,peak
592,651,651,651,0,0,1014.72,1726.14,"8001,8002,8003,8004",sale_event,peak
593,646,646,646,0,0,1006.69,1800.04,"8001,8002,8003,8004",sale_event,peak
594,533,533,533,0,0,863.07,1397.1,"8001,8002,8003,8004",sale_event,peak
595,569,569,569,0,0,891.35,1447.89,"8001,8002,8003,8004",sale_event,peak
596,647,647,647,0,0,972.47,1678.83,"8001,8002,8003,8004",sale_event,peak
597,574,574,574,0,0,891.32,1493.71,"8001,8002,8003,8004",sale_event,peak
598,538,538,538,0,0,858.01,1409.18,"8001,8002,8003,8004",sale_event,peak
599,609,609,609,0,0,942.78,1601.37,"8001,8002,8003,8004",sale_event,peak
600,629,629,629,0,0,986.94,1663.43,"8001,8002,8003,8004",sale_event,peak
601,607,607,607,0,0,990.54,1638.26,"8001,8002,8003,8004",sale_event,peak
602,610,610,610,0,0,950.72,1645.64,"8001,8002,8003,8004",sale_event,peak
603,533,533,533,0,0,802.07,1346.14,"8001,8002,8003,8004",sale_event,peak
604,639,639,639,0,0,954.3,1662.03,"8001,8002,8003,8004",sale_event,peak
605,553,553,553,0,0,888.96,1425.57,"8001,8002,8003,8004",sale_event,peak
606,671,671,671,0,0,1066.0,1818.72,"8001,8002,8003,8004",sale_event,peak
607,659,659,659,0,0,999.29,1790.15,"8001,8002,8003,8004",sale_event,peak
608,660,660,660,0,0,1014.22,1719.93,"8001,8002,8003,8004",sale_event,peak
609,615,615,615,0,0,957.89,1610.02,"8001,8002,8003,8004",sale_event,peak
610,598,598,598,0,0,966.84,1639.85,"8001,8002,8003,8004",sale_event,peak
611,627,627,627,0,0,1096.25,1804.79,"8001,8002,8003,8004",sale_event,peak
612,654,654,654,0,0,989.99,1691.35,"8001,8002,8003,8004",sale_event,peak
613,588,588,588,0,0,928.94,1554.91,"8001,8002,8003,8004",sale_event,peak
614,656,656,656,0,0,1030.94,1720.65,"8001,8002,8003,8004",sale_event,peak
615,578,578,578,0,0,924.98,1534.31,"8001,8002,8003,8004",sale_event,peak
616,692,692,692,0,0,1025.76,1819.59,"8001,8002,8003,8004",sale_event,peak
617,630,630,630,0,0,978.24,1684.25,"8001,8002,8003,8004",sale_event,peak
618,549,549,549,0,0,870.95,1484.76,"8001,8002,8003,8004",sale_event,peak
619,604,604,604,0,0,1025.24,1698.56,"8001,8002,8003,8004",sale_event,peak
620,662,662,662,0,0,1026.4,1758.19,"8001,8002,8003,8004",sale_event,peak
621,668,668,668,0,0,1031.55,1760.59,"8001,8002,8003,8004",sale_event,peak
622,666,666,666,0,0,1029.02,1808.8,"8001,8002,8003,8004",sale_event,peak
623,545,545,545,0,0,939.8,1573.36,"8001,8002,8003,8004",sale_event,peak
624,657,657,657,0,0,996.41,1701.04,"8001,8002,8003,8004",sale_event,peak
625,650,650,650,0,0,996.47,1727.51,"8001,8002,8003,8004",sale_event,peak
626,558,558,558,0,0,969.77,1602.28,"8001,8002,8003,8004",sale_event,peak
627,504,504,504,0,0,868.53,1382.92,"8001,8002,8003,8004",sale_event,peak
628,617,617,617,0,0,976.75,1665.19,"8001,8002,8003,8004",sale_event,peak
629,670,670,670,0,0,1004.39,1747.2,"8001,8002,8003,8004",sale_event,peak
630,619,619,619,0,0,1023.66,1781.5,"8001,8002,8003,8004",sale_event,peak
631,523,523,523,0,0,846.02,1415.38,"8001,8002,8003,8004",sale_event,peak
632,573,573,573,0,0,927.54,1548.78,"8001,8002,8003,8004",sale_event,peak
633,629,629,629,0,0,978.29,1687.04,"8001,8002,8003,8004",sale_event,peak
634,671,671,671,0,0,1006.35,1789.82,"8001,8002,8003,8004",sale_event,peak
635,620,620,620,0,0,1047.95,1715.02,"8001,8002,8003,8004",sale_event,peak
636,555,555,555,0,0,882.25,1486.71,"8001,8002,8003,8004",sale_event,peak
637,546,546,546,0,0,915.11,1479.64,"8001,8002,8003,8004",sale_event,peak
638,503,503,503,0,0,801.77,1338.99,"8001,8002,8003,8004",sale_event,peak
639,638,638,614,24,0,1000.92,1818.35,"8001,8002,8003,8004",sale_event,peak
640,605,605,454,151,4,1685.6,5159.34,"8001,8002,8003,8004",sale_event,peak
641,622,622,622,0,85,1241.74,2196.01,"8001,8002,8003",sale_event,peak
642,579,579,579,0,34,1166.84,2008.66,"8001,8002,8003",sale_event,peak
643,587,587,587,0,11,1166.22,1919.55,"8001,8002,8003",sale_event,peak
644,500,500,500,0,0,1013.88,1693.61,"8001,8002,8003",sale_event,peak
645,512,512,512,0,0,1033.26,1780.47,"8001,8002,8003",sale_event,peak
646,511,511,511,0,0,1065.59,1865.08,"8001,8002,8003",sale_event,peak
647,530,530,530,0,0,1078.18,1870.75,"8001,8002,8003",sale_event,peak
648,500,500,500,0,0,1012.22,1739.59,"8001,8002,8003",sale_event,peak
649,659,659,659,0,135,1296.3,2281.52,"8001,8002,8003",sale_event,peak
650,615,615,615,0,35,1149.38,2009.62,"8001,8002,8003",sale_event,peak
651,611,611,611,0,46,1159.17,2109.3,"8001,8002,8003",sale_event,peak
652,697,697,697,0,132,1316.33,2381.31,"8001,8002,8003",sale_event,peak
653,532,532,532,0,0,1044.21,1813.82,"8001,8002,8003",sale_event,peak
654,605,605,605,0,54,1187.56,2016.24,"8001,8002,8003",sale_event,peak
655,695,695,695,0,198,1477.54,2567.62,"8001,8002,8003",sale_event,peak
656,519,519,519,0,0,1088.1,1806.01,"8001,8002,8003",sale_event,peak
657,512,512,512,0,0,1051.09,1811.02,"8001,8002,8003",sale_event,peak
658,676,676,676,0,179,1378.71,2427.44,"8001,8002,8003",sale_event,peak
659,582,582,582,0,0,1135.51,1990.25,"8001,8002,8003",sale_event,peak
660,694,694,694,0,147,1360.09,2383.66,"8001,8002,8003",sale_event,peak
661,695,695,695,0,184,1404.98,2477.13,"8001,8002,8003",sale_event,peak
662,570,570,570,0,26,1177.83,1956.23,"8001,8002,8003",sale_event,peak
663,642,642,642,0,98,1278.49,2295.45,"8001,8002,8003",sale_event,peak
664,632,632,632,0,105,1298.14,2264.96,"8001,8002,8003",sale_event,peak
665,689,689,689,0,213,1491.85,2593.67,"8001,8002,8003",sale_event,peak
666,693,693,693,0,172,1370.71,2417.44,"8001,8002,8003",sale_event,peak
667,588,588,588,0,110,1220.44,2213.11,"8001,8002,8003",sale_event,peak
668,642,642,642,0,101,1269.48,2260.73,"8001,8002,8003",sale_event,peak
669,515,515,515,0,0,1028.38,1721.84,"8001,8002,8003",sale_event,peak
670,691,691,691,0,171,1423.58,2603.55,"8001,8002,8003",sale_event,peak
671,657,657,657,0,128,1287.78,2260.09,"8001,8002,8003",sale_event,peak
672,594,594,594,0,7,1146.01,1965.62,"8001,8002,8003",sale_event,peak
673,521,521,521,0,0,1042.93,1759.16,"8001,8002,8003",sale_event,peak
674,526,526,526,0,0,1106.4,1959.87,"8001,8002,8003",sale_event,peak
675,628,628,628,0,134,1357.08,2287.24,"8001,8002,8003",sale_event,peak
676,636,636,636,0,140,1354.23,2337.57,"8001,8002,8003",sale_event,peak
677,552,552,552,0,34,1167.25,2031.47,"8001,8002,8003",sale_event,peak
678,586,586,586,0,56,1265.81,2137.13,"8001,8002,8003",sale_event,peak
679,640,640,640,0,98,1250.51,2244.01,"8001,8002,8003",sale_event,peak
680,674,674,674,0,130,1295.75,2312.55,"8001,8002,8003",sale_event,peak
681,619,619,619,0,93,1244.81,2183.06,"8001,8002,8003",sale_event,peak
682,599,599,599,0,43,1210.05,2039.21,"8001,8002,8003",sale_event,peak
683,642,642,642,0,89,1276.89,2214.15,"8001,8002,8003",sale_event,peak
684,698,698,698,0,163,1390.05,2603.01,"8001,8002,8003",sale_event,peak
685,667,667,667,0,131,1304.08,2281.03,"8001,8002,8003",sale_event,peak
686,648,648,648,0,109,1277.55,2266.0,"8001,8002,8003",sale_event,peak
687,618,618,618,0,120,1271.83,2198.96,"8001,8002,8003",sale_event,peak
688,577,577,577,0,53,1190.51,2084.76,"8001,8002,8003",sale_event,peak
689,588,588,588,0,41,1152.95,2071.65,"8001,8002,8003",sale_event,peak
690,661,661,661,0,126,1309.56,2315.24,"8001,8002,8003",sale_event,peak
691,682,682,682,0,185,1425.25,2506.79,"8001,8002,8003",sale_event,peak
692,503,503,503,0,0,1000.51,1688.0,"8001,8002,8003",sale_event,peak
693,640,640,640,0,115,1268.7,2174.9,"8001,8002,8003",sale_event,peak
694,517,517,517,0,0,1062.48,1765.46,"8001,8002,8003",sale_event,peak
695,630,630,630,0,81,1229.48,2166.1,"8001,8002,8003",sale_event,peak
696,644,644,644,0,130,1247.18,2235.29,"8001,8002,8003",sale_event,peak
697,666,666,666,0,127,1287.13,2285.62,"8001,8002,8003",sale_event,peak
698,688,688,688,0,161,1384.93,2454.94,"8001,8002,8003",sale_event,peak
699,555,555,555,0,0,1103.06,1904.68,"8001,8002,8003",sale_event,peak
700,529,529,529,0,0,1052.02,1818.9,"8001,8002,8003",sale_event,peak
701,484,484,484,0,0,985.18,1666.22,"8001,8002,8003",sale_event,cool_down
702,508,508,508,0,0,1074.16,1778.14,"8001,8002,8003",sale_event,cool_down
703,504,504,504,0,0,1023.42,1698.36,"8001,8002,8003",sale_event,cool_down
704,498,498,498,0,0,991.79,1725.65,"8001,8002,8003",sale_event,cool_down
705,491,491,491,0,0,1053.21,1758.22,"8001,8002,8003",sale_event,cool_down
706,481,481,481,0,0,1006.72,1639.68,"8001,8002,8003",sale_event,cool_down
707,484,484,484,0,0,1008.86,1677.83,"8001,8002,8003",sale_event,cool_down
708,490,490,490,0,0,977.93,1641.36,"8001,8002,8003",sale_event,cool_down
709,466,466,466,0,0,941.56,1552.92,"8001,8002,8003",sale_event,cool_down
710,478,478,478,0,0,1026.11,1663.25,"8001,8002,8003",sale_event,cool_down
711,484,484,484,0,0,979.54,1661.85,"8001,8002,8003",sale_event,cool_down
712,461,461,461,0,0,959.97,1591.03,"8001,8002,8003",sale_event,cool_down
713,461,461,461,0,0,940.63,1547.95,"8001,8002,8003",sale_event,cool_down
714,496,496,496,0,0,1010.82,1685.57,"8001,8002,8003",sale_event,cool_down
715,473,473,473,0,0,958.2,1580.39,"8001,8002,8003",sale_event,cool_down
716,462,462,462,0,0,951.61,1668.51,"8001,8002,8003",sale_event,cool_down
717,490,490,490,0,0,1010.44,1683.5,"8001,8002,8003",sale_event,cool_down
718,477,477,477,0,0,970.59,1672.17,"8001,8002,8003",sale_event,cool_down
719,464,464,464,0,0,989.54,1614.59,"8001,8002,8003",sale_event,cool_down
720,467,467,467,0,0,987.81,1682.28,"8001,8002,8003",sale_event,cool_down
721,480,480,480,0,0,1002.11,1621.01,"8001,8002,8003",sale_event,cool_down
722,476,476,476,0,0,963.2,1666.37,"8001,8002,8003",sale_event,cool_down
723,442,442,442,0,0,926.32,1527.21,"8001,8002,8003",sale_event,cool_down
724,461,461,461,0,0,955.31,1701.18,"8001,8002,8003",sale_event,cool_down
725,465,465,465,0,0,938.91,1568.19,"8001,8002,8003",sale_event,cool_down
726,445,445,445,0,0,913.9,1536.63,"8001,8002,8003",sale_event,cool_down
727,472,472,472,0,0,988.24,1620.03,"8001,8002,8003",sale_event,cool_down
728,450,450,450,0,0,980.36,1600.38,"8001,8002,8003",sale_event,cool_down
729,454,454,454,0,0,931.39,1531.24,"8001,8002,8003",sale_event,cool_down
730,460,460,460,0,0,970.36,1637.5,"8001,8002,8003",sale_event,cool_down
731,450,450,450,0,0,969.76,1662.43,"8001,8002,8003",sale_event,cool_down
732,450,450,450,0,0,963.6,1562.75,"8001,8002,8003",sale_event,cool_down
733,448,448,448,0,0,961.8,1588.72,"8001,8002,8003",sale_event,cool_down
734,442,442,442,0,0,948.94,1514.63,"8001,8002,8003",sale_event,cool_down
735,436,436,436,0,0,897.9,1504.64,"8001,8002,8003",sale_event,cool_down
736,426,426,426,0,0,915.78,1507.09,"8001,8002,8003",sale_event,cool_down
737,428,428,428,0,0,889.33,1437.52,"8001,8002,8003",sale_event,cool_down
738,428,428,428,0,0,921.71,1472.75,"8001,8002,8003",sale_event,cool_down
739,421,421,421,0,0,898.66,1472.04,"8001,8002,8003",sale_event,cool_down
740,444,444,444,0,0,979.68,1632.95,"8001,8002,8003",sale_event,cool_down
741,449,449,449,0,0,949.33,1530.27,"8001,8002,8003",sale_event,cool_down
742,423,423,423,0,0,857.92,1382.73,"8001,8002,8003",sale_event,cool_down
743,432,432,432,0,0,915.81,1505.23,"8001,8002,8003",sale_event,cool_down
744,444,444,444,0,0,1027.42,1779.49,"8001,8002,8003",sale_event,cool_down
745,403,403,403,0,0,1001.74,1535.15,"8001,8002,8003",sale_event,cool_down
746,417,417,417,0,0,969.75,1590.09,"8001,8002,8003",sale_event,cool_down
747,436,436,436,0,0,931.15,1562.3,"8001,8002,8003",sale_event,cool_down
748,423,423,423,0,0,892.45,1427.67,"8001,8002,8003",sale_event,cool_down
749,431,431,431,0,0,925.58,1500.16,"8001,8002,8003",sale_event,cool_down
750,403,403,403,0,0,834.84,1332.68,"8001,8002,8003",sale_event,cool_down
751,432,432,432,0,0,918.64,1541.95,"8001,8002,8003",sale_event,cool_down
752,401,401,401,0,0,835.78,1339.74,"8001,8002,8003",sale_event,cool_down
753,414,414,414,0,0,878.43,1399.97,"8001,8002,8003",sale_event,cool_down
754,403,403,403,0,0,896.35,1396.21,"8001,8002,8003",sale_event,cool_down
755,423,423,423,0,0,863.65,1440.44,"8001,8002,8003",sale_event,cool_down
756,398,398,398,0,0,827.59,1334.33,"8001,8002,8003",sale_event,cool_down
757,403,403,403,0,0,838.8,1350.24,"8001,8002,8003",sale_event,cool_down
758,398,398,398,0,0,904.78,1382.48,"8001,8002,8003",sale_event,cool_down
759,396,396,396,0,0,849.59,1325.2,"8001,8002,8003",sale_event,cool_down
760,390,390,390,0,0,846.71,1372.97,"8001,8002,8003",sale_event,cool_down
761,395,395,395,0,0,792.42,1280.78,"8001,8002,8003",sale_event,cool_down
762,386,386,386,0,0,825.92,1300.46,"8001,8002,8003",sale_event,cool_down
763,378,378,378,0,0,792.14,1286.42,"8001,8002,8003",sale_event,cool_down
764,396,396,396,0,0,875.72,1386.82,"8001,8002,8003",sale_event,cool_down
765,398,398,398,0,0,854.99,1369.65,"8001,8002,8003",sale_event,cool_down
766,366,366,366,0,0,818.23,1253.5,"8001,8002,8003",sale_event,cool_down
767,387,387,387,0,0,807.68,1273.61,"8001,8002,8003",sale_event,cool_down
768,383,383,383,0,0,813.33,1267.56,"8001,8002,8003",sale_event,cool_down
769,383,383,383,0,0,781.16,1298.48,"8001,8002,8003",sale_event,cool_down
770,367,367,367,0,0,808.7,1235.69,"8001,8002,8003",sale_event,cool_down
771,394,394,394,0,0,906.07,1438.54,"8001,8002,8003",sale_event,cool_down
772,383,383,383,0,0,812.39,1297.89,"8001,8002,8003",sale_event,cool_down
773,371,371,371,0,0,826.55,1298.3,"8001,8002,8003",sale_event,cool_down
774,357,357,357,0,0,845.26,1314.9,"8001,8002,8003",sale_event,cool_down
775,358,358,358,0,0,800.01,1221.86,"8001,8002,8003",sale_event,cool_down
776,382,382,382,0,0,833.9,1305.82,"8001,8002,8003",sale_event,cool_down
777,353,353,353,0,0,796.16,1245.16,"8001,8002,8003",sale_event,cool_down
778,380,380,380,0,0,801.87,1263.27,"8001,8002,8003",sale_event,cool_down
779,358,358,358,0,0,786.95,1269.8,"8001,8002,8003",sale_event,cool_down
780,366,366,366,0,0,795.04,1233.87,"8001,8002,8003",sale_event,cool_down
781,350,350,350,0,0,777.62,1205.5,"8001,8002,8003",sale_event,cool_down
782,368,368,368,0,0,786.83,1243.73,"8001,8002,8003",sale_event,cool_down
783,358,358,358,0,0,781.83,1209.67,"8001,8002,8003",sale_event,cool_down
784,347,347,347,0,0,753.97,1189.14,"8001,8002,8003",sale_event,cool_down
785,361,361,361,0,0,817.21,1281.4,"8001,8002,8003",sale_event,cool_down
786,370,370,370,0,0,830.05,1310.49,"8001,8002,8003",sale_event,cool_down
787,367,367,367,0,0,779.47,1272.56,"8001,8002,8003",sale_event,cool_down
788,356,356,356,0,0,840.43,1291.84,"8001,8002,8003",sale_event,cool_down
789,331,331,331,0,0,737.26,1126.74,"8001,8002,8003",sale_event,cool_down
790,340,340,340,0,0,749.94,1167.13,"8001,8002,8003",sale_event,cool_down
791,336,336,336,0,0,749.04,1122.69,"8001,8002,8003",sale_event,cool_down
792,345,345,345,0,0,780.89,1210.67,"8001,8002,8003",sale_event,cool_down
793,342,342,342,0,0,777.24,1198.08,"8001,8002,8003",sale_event,cool_down
794,327,327,327,0,0,734.06,1118.94,"8001,8002,8003",sale_event,cool_down
795,316,316,316,0,0,756.7,1116.88,"8001,8002,8003",sale_event,cool_down
796,335,335,335,0,0,794.33,1205.07,"8001,8002,8003",sale_event,cool_down
797,326,326,326,0,0,749.37,1102.11,"8001,8002,8003",sale_event,cool_down
798,310,310,310,0,0,728.67,1080.22,"8001,8002,8003",sale_event,cool_down
799,320,320,320,0,0,728.1,1098.97,"8001,8002,8003",sale_event,cool_down
800,315,315,315,0,0,712.7,1083.71,"8001,8002,8003",sale_event,cool_down
801,324,324,324,0,0,716.82,1113.36,"8001,8002,8003",sale_event,cool_down
802,326,326,326,0,0,724.7,1099.77,"8001,8002,8003",sale_event,cool_down
803,318,318,318,0,0,732.57,1115.17,"8001,8002,8003",sale_event,cool_down
804,298,298,298,0,0,696.83,1020.27,"8001,8002,8003",sale_event,cool_down
805,335,335,335,0,0,763.55,1157.27,"8001,8002,8003",sale_event,cool_down
806,325,325,325,0,0,765.47,1211.08,"8001,8002,8003",sale_event,cool_down
807,304,304,304,0,0,729.8,1105.78,"8001,8002,8003",sale_event,cool_down
808,314,314,314,0,0,737.27,1125.78,"8001,8002,8003",sale_event,cool_down
809,302,302,302,0,0,705.21,1037.29,"8001,8002,8003",sale_event,cool_down
810,300,300,300,0,0,699.54,1026.37,"8001,8002,8003",sale_event,cool_down
811,308,308,308,0,0,731.6,1092.39,"8001,8002,8003",sale_event,cool_down
812,324,324,324,0,0,753.88,1141.39,"8001,8002,8003",sale_event,cool_down
813,313,313,313,0,0,704.85,1107.57,"8001,8002,8003",sale_event,cool_down
814,308,308,308,0,0,704.62,1059.1,"8001,8002,8003",sale_event,cool_down
815,291,291,291,0,0,682.59,1012.42,"8001,8002,8003",sale_event,cool_down
816,278,278,278,0,0,646.02,915.66,"8001,8002,8003",sale_event,cool_down
817,315,315,315,0,0,683.25,1038.42,"8001,8002,8003",sale_event,cool_down
818,286,286,286,0,0,659.89,945.67,"8001,8002,8003",sale_event,cool_down
819,272,272,272,0,0,693.31,1006.52,"8001,8002,8003",sale_event,cool_down
820,303,303,303,0,0,731.45,1075.78,"8001,8002,8003",sale_event,cool_down
821,280,280,280,0,0,761.95,1087.61,"8001,8002,8003",sale_event,cool_down
822,269,269,269,0,0,672.88,960.22,"8001,8002,8003",sale_event,cool_down
823,297,297,297,0,0,710.03,1001.78,"8001,8002,8003",sale_event,cool_down
824,285,285,285,0,0,684.0,958.76,"8001,8002,8003",sale_event,cool_down
825,267,267,267,0,0,640.64,874.41,"8001,8002,8003",sale_event,cool_down
826,295,295,295,0,0,643.97,987.35,"8001,8002,8003",sale_event,cool_down
827,294,294,294,0,0,660.71,974.67,"8001,8002,8003",sale_event,cool_down
828,274,274,274,0,0,632.84,918.67,"8001,8002,8003",sale_event,cool_down
829,262,262,262,0,0,649.56,920.8,"8001,8002,8003",sale_event,cool_down
830,279,279,279,0,0,657.36,929.93,"8001,8002,8003",sale_event,cool_down
831,280,280,280,0,0,660.36,953.27,"8001,8002,8003",sale_event,cool_down
832,277,277,277,0,0,648.45,934.04,"8001,8002,8003",sale_event,cool_down
833,285,285,285,0,0,647.23,951.06,"8001,8002,8003",sale_event,cool_down
834,260,260,260,0,0,637.65,881.94,"8001,8002,8003",sale_event,cool_down
835,244,244,244,0,0,613.61,836.96,"8001,8002,8003",sale_event,cool_down
836,253,253,253,0,0,583.94,812.89,"8001,8002,8003",sale_event,cool_down
837,271,271,271,0,0,652.96,896.0,"8001,8002,8003",sale_event,cool_down
838,277,277,277,0,0,624.74,911.17,"8001,8002,8003",sale_event,cool_down
839,251,251,251,0,0,605.72,809.77,"8001,8002,8003",sale_event,cool_down
840,258,258,258,0,0,651.47,875.06,"8001,8002,8003",sale_event,cool_down
841,234,234,234,0,0,573.75,779.98,"8001,8002,8003",sale_event,cool_down
842,261,261,261,0,0,638.87,872.28,"8001,8002,8003",sale_event,cool_down
843,270,270,270,0,0,627.25,890.23,"8001,8002,8003",sale_event,cool_down
844,238,238,238,0,0,566.62,811.4,"8001,8002,8003",sale_event,cool_down
845,255,255,255,0,0,623.71,870.23,"8001,8002,8003",sale_event,cool_down
846,230,230,230,0,0,647.0,884.59,"8001,8002,8003",sale_event,cool_down
847,225,225,225,0,0,579.02,748.92,"8001,8002,8003",sale_event,cool_down
848,229,229,229,0,0,632.1,862.59,"8001,8002,8003",sale_event,cool_down
849,223,223,223,0,0,532.01,731.45,"8001,8002,8003",sale_event,cool_down
850,251,251,251,0,0,656.01,923.08,"8001,8002,8003",sale_event,cool_down
851,236,236,236,0,0,590.46,785.73,"8001,8002,8003",sale_event,cool_down
852,220,220,220,0,0,571.67,784.67,"8001,8002,8003",sale_event,cool_down
853,246,246,246,0,0,621.34,849.52,"8001,8002,8003",sale_event,cool_down
854,236,236,236,0,0,581.35,769.55,"8001,8002,8003",sale_event,cool_down
855,212,212,212,0,0,530.6,734.11,"8001,8002,8003",sale_event,cool_down
856,229,229,229,0,0,556.28,749.04,"8001,8002,8003",sale_event,cool_down
857,222,222,222,0,0,552.22,731.57,"8001,8002,8003",sale_event,cool_down
858,242,242,242,0,0,609.01,821.02,"8001,8002,8003",sale_event,cool_down
859,208,208,208,0,0,513.91,708.29,"8001,8002,8003",sale_event,cool_down
860,229,229,229,0,0,557.0,746.69,"8001,8002,8003",sale_event,cool_down
861,234,234,234,0,0,571.87,791.61,"8001,8002,8003",sale_event,cool_down
862,217,217,217,0,0,593.46,770.72,"8001,8002,8003",sale_event,cool_down
863,213,213,213,0,0,565.13,732.61,"8001,8002,8003",sale_event,cool_down
864,217,217,217,0,0,575.39,774.38,"8001,8002,8003",sale_event,cool_down
865,221,221,221,0,0,561.45,723.68,"8001,8002,8003",sale_event,cool_down
866,200,200,200,0,0,507.38,655.55,"8001,8002,8003",sale_event,cool_down
867,201,201,201,0,0,482.07,644.65,"8001,8002,8003",sale_event,cool_down
868,196,196,196,0,0,506.83,645.61,"8001,8002,8003",sale_event,cool_down
869,211,211,211,0,0,550.42,701.94,"8001,8002,8003",sale_event,cool_down
870,219,219,219,0,0,581.47,736.28,"8001,8002,8003",sale_event,cool_down
871,217,217,217,0,0,524.89,710.89,"8001,8002,8003",sale_event,cool_down
872,205,205,205,0,0,500.31,727.15,"8001,8002,8003",sale_event,cool_down
873,182,182,182,0,0,496.24,613.96,"8001,8002,8003",sale_event,cool_down
874,194,194,194,0,0,541.11,691.08,"8001,8002,8003",sale_event,cool_down
875,207,207,207,0,0,525.97,690.33,"8001,8002,8003",sale_event,cool_down
876,183,183,183,0,0,486.97,641.88,"8001,8002,8003",sale_event,cool_down
877,176,176,176,0,0,436.55,565.58,"8001,8002,8003",sale_event,cool_down
878,178,178,178,0,0,481.87,598.39,"8001,8002,8003",sale_event,cool_down
879,185,185,185,0,0,452.95,598.49,"8001,8002,8003",sale_event,cool_down
880,169,169,169,0,0,441.69,566.34,"8001,8002,8003",sale_event,cool_down
881,183,183,183,0,0,495.44,603.9,"8001,8002,8003",sale_event,cool_down
882,197,197,197,0,0,544.28,700.31,"8001,8002,8003",sale_event,cool_down
883,189,189,189,0,0,522.26,719.94,"8001,8002,8003",sale_event,cool_down
884,186,186,186,0,0,518.54,645.06,"8001,8002,8003",sale_event,cool_down
885,172,172,172,0,0,475.49,562.13,"8001,8002,8003",sale_event,cool_down
886,189,189,189,0,0,497.32,646.25,"8001,8002,8003",sale_event,cool_down
887,180,180,180,0,0,461.32,610.82,"8001,8002,8003",sale_event,cool_down
888,154,154,154,0,0,427.33,523.16,"8001,8002,8003",sale_event,cool_down
889,178,178,178,0,0,440.12,576.87,"8001,8002,8003",sale_event,cool_down
890,147,147,147,0,0,475.83,553.96,"8001,8002,8003",sale_event,cool_down
891,156,156,156,0,0,464.97,527.22,"8001,8002,8003",sale_event,cool_down
892,159,159,159,0,0,461.21,555.3,"8001,8002,8003",sale_event,cool_down
893,177,177,177,0,0,469.65,576.43,"8001,8002,8003",sale_event,cool_down
894,177,177,177,0,0,511.51,646.9,"8001,8002,8003",sale_event,cool_down
895,157,157,157,0,0,424.11,538.94,"8001,8002,8003",sale_event,cool_down
896,150,150,150,0,0,419.61,494.69,"8001,8002,8003",sale_event,cool_down
897,140,140,140,0,0,410.68,456.08,"8001,8002,8003",sale_event,cool_down
898,157,157,157,0,0,472.6,593.23,"8001,8002,8003",sale_event,cool_down
899,152,152,152,0,0,468.21,553.47,"8001,8002,8003",sale_event,cool_down
900,132,132,132,0,0,428.24,462.05,"8001,8002,8003",sale_event,cool_down
901,97,97,97,0,0,305.45,343.12,"8001,8002,8003",sale_event,stable
902,102,102,102,0,0,316.15,345.18,"8001,8002,8003",sale_event,stable
903,102,102,102,0,0,309.45,342.83,"8001,8002,8003",sale_event,stable
904,103,103,103,0,0,329.93,421.87,"8001,8002,8003",sale_event,stable
905,95,95,95,0,0,296.46,351.34,"8001,8002,8003",sale_event,stable
906,102,102,102,0,0,307.21,374.93,"8001,8002,8003",sale_event,stable
907,90,90,90,0,0,285.34,298.72,"8001,8002,8003",sale_event,stable
908,110,110,110,0,0,334.44,377.69,"8001,8002,8003",sale_event,stable
909,109,109,109,0,0,336.49,377.92,"8001,8002,8003",sale_event,stable
910,106,106,106,0,0,342.87,398.68,"8001,8002,8003",sale_event,stable
911,101,101,101,0,0,282.28,346.34,"8001,8002,8003",sale_event,stable
912,107,107,107,0,0,310.71,366.76,"8001,8002,8003",sale_event,stable
913,109,109,109,0,0,358.29,383.3,"8001,8002,8003",sale_event,stable
914,96,96,96,0,0,282.55,337.08,"8001,8002,8003",sale_event,stable
915,98,98,98,0,0,309.19,346.47,"8001,8002,8003",sale_event,stable
916,107,107,107,0,0,277.64,347.81,"8001,8002,8003",sale_event,stable
917,102,102,102,0,0,322.21,406.22,"8001,8002,8003",sale_event,stable
918,92,92,92,0,0,303.26,365.74,"8001,8002,8003",sale_event,stable
919,104,104,104,0,0,321.47,372.83,"8001,8002,8003",sale_event,stable
920,101,101,101,0,0,297.48,338.1,"8001,8002,8003",sale_event,stable
921,109,109,109,0,0,336.02,381.58,"8001,8002,8003",sale_event,stable
922,93,93,93,0,0,284.95,324.04,"8001,8002,8003",sale_event,stable
923,103,103,103,0,0,318.1,360.61,"8001,8002,8003",sale_event,stable
924,93,93,93,0,0,282.42,315.81,"8001,8002,8003",sale_event,stable
925,95,95,95,0,0,333.0,429.97,"8001,8002,8003",sale_event,stable
926,92,92,92,0,0,314.76,399.77,"8001,8002,8003",sale_event,stable
927,107,107,107,0,0,333.89,365.39,"8001,8002,8003",sale_event,stable
928,108,108,108,0,0,346.15,381.83,"8001,8002,8003",sale_event,stable
929,90,90,90,0,0,284.74,310.14,"8001,8002,8003",sale_event,stable
930,93,93,93,0,0,282.97,307.13,"8001,8002,8003",sale_event,stable
931,97,97,97,0,0,309.35,353.55,"8001,8002,8003",sale_event,stable
932,107,107,107,0,0,359.24,405.2,"8001,8002,8003",sale_event,stable
933,99,99,99,0,0,305.66,322.59,"8001,8002,8003",sale_event,stable
934,92,92,92,0,0,262.28,311.63,"8001,8002,8003",sale_event,stable
935,104,104,104,0,0,381.34,404.35,"8001,8002,8003",sale_event,stable
936,105,105,105,0,0,349.79,393.25,"8001,8002,8003",sale_event,stable
937,102,102,102,0,0,355.23,448.68,"8001,8002,8003",sale_event,stable
938,92,92,92,0,0,268.27,322.49,"8001,8002,8003",sale_event,stable
939,101,101,101,0,0,360.31,469.47,"8001,8002,8003",sale_event,stable
940,92,92,92,0,0,291.62,346.24,"8001,8002,8003",sale_event,stable
941,91,91,91,0,0,294.95,350.79,"8001,8002,8003",sale_event,stable
942,108,108,108,0,0,318.33,353.1,"8001,8002,8003",sale_event,stable
943,96,96,96,0,0,288.7,376.73,"8001,8002,8003",sale_event,stable
944,94,94,94,0,0,295.49,327.24,"8001,8002,8003",sale_event,stable
945,97,97,97,0,0,289.56,331.16,"8001,8002,8003",sale_event,stable
946,92,92,92,0,0,273.02,314.11,"8001,8002,8003",sale_event,stable
947,100,100,100,0,0,293.8,333.33,"8001,8002,8003",sale_event,stable
948,98,98,98,0,0,324.63,385.63,"8001,8002,8003",sale_event,stable
949,95,95,95,0,0,293.1,354.69,"8001,8002,8003",sale_event,stable
950,109,109,109,0,0,324.1,409.79,"8001,8002,8003",sale_event,stable
951,95,95,95,0,0,317.54,365.38,"8001,8002,8003",sale_event,stable
952,107,107,107,0,0,341.32,379.83,"8001,8002,8003",sale_event,stable
953,108,108,108,0,0,386.4,457.5,"8001,8002,8003",sale_event,stable
954,110,110,110,0,0,335.91,456.85,"8001,8002,8003",sale_event,stable
955,92,92,92,0,0,265.18,301.13,"8001,8002,8003",sale_event,stable
956,110,110,110,0,0,339.56,383.98,"8001,8002,8003",sale_event,stable
957,107,107,107,0,0,301.17,403.75,"8001,8002,8003",sale_event,stable
958,107,107,107,0,0,345.93,402.15,"8001,8002,8003",sale_event,stable
959,101,101,101,0,0,323.25,371.47,"8001,8002,8003",sale_event,stable
960,96,96,96,0,0,290.13,325.76,"8001,8002,8003",sale_event,stable
961,107,107,107,0,0,317.14,372.94,"8001,8002,8003",sale_event,stable
962,100,100,100,0,0,326.77,458.93,"8001,8002,8003",sale_event,stable
963,109,109,109,0,0,330.0,393.26,"8001,8002,8003",sale_event,stable
964,95,95,95,0,0,295.94,344.27,"8001,8002,8003",sale_event,stable
965,95,95,95,0,0,301.26,342.19,"8001,8002,8003",sale_event,stable
966,97,97,97,0,0,321.46,399.17,"8001,8002,8003",sale_event,stable
967,95,95,95,0,0,307.37,365.33,"8001,8002,8003",sale_event,stable
968,108,108,108,0,0,332.81,392.1,"8001,8002,8003",sale_event,stable
969,108,108,108,0,0,323.2,373.67,"8001,8002,8003",sale_event,stable
970,104,104,104,0,0,316.21,350.89,"8001,8002,8003",sale_event,stable
971,109,109,109,0,0,299.02,365.2,"8001,8002,8003",sale_event,stable
972,99,99,99,0,0,300.4,326.73,"8001,8002,8003",sale_event,stable
973,107,107,107,0,0,332.79,403.33,"8001,8002,8003",sale_event,stable
974,100,100,100,0,0,330.13,355.81,"8001,8002,8003",sale_event,stable
975,107,107,107,0,0,314.42,345.31,"8001,8002,8003",sale_event,stable
976,109,109,109,0,0,342.27,386.79,"8001,8002,8003",sale_event,stable
977,90,90,90,0,0,293.53,305.83,"8001,8002,8003",sale_event,stable
978,90,90,90,0,0,287.91,325.42,"8001,8002,8003",sale_event,stable
979,94,94,94,0,0,280.6,319.5,"8001,8002,8003",sale_event,stable
980,105,105,105,0,0,325.56,340.72,"8001,8002,8003",sale_event,stable
981,100,100,100,0,0,282.92,333.53,"8001,8002,8003",sale_event,stable
982,105,105,105,0,0,328.69,358.64,"8001,8002,8003",sale_event,stable
983,99,99,99,0,0,290.88,342.03,"8001,8002,8003",sale_event,stable
984,91,91,91,0,0,269.45,309.05,"8001,8002,8003",sale_event,stable
985,106,106,106,0,0,281.56,363.46,"8001,8002,8003",sale_event,stable
986,92,92,92,0,0,282.22,309.42,"8001,8002,8003",sale_event,stable
987,101,101,101,0,0,312.13,339.72,"8001,8002,8003",sale_event,stable
988,109,109,109,0,0,344.83,368.23,"8001,8002,8003",sale_event,stable
989,106,106,106,0,0,338.24,356.02,"8001,8002,8003",sale_event,stable
990,97,97,97,0,0,317.13,365.12,"8001,8002,8003",sale_event,stable
991,103,103,103,0,0,340.53,374.11,"8001,8002,8003",sale_event,stable
992,106,106,106,0,0,322.61,348.45,"8001,8002,8003",sale_event,stable
993,96,96,96,0,0,263.58,315.81,"8001,8002,8003",sale_event,stable
994,103,103,103,0,0,331.14,380.9,"8001,8002,8003",sale_event,stable
995,99,99,99,0,0,294.87,341.25,"8001,8002,8003",sale_event,stable
996,95,95,95,0,0,288.57,363.91,"8001,8002,8003",sale_event,stable
997,97,97,97,0,0,310.52,327.26,"8001,8002,8003",sale_event,stable
998,104,104,104,0,0,301.68,386.9,"8001,8002,8003",sale_event,stable
999,97,97,97,0,0,285.0,333.51,"8001,8002,8003",sale_event,stable
1000,95,95,95,0,0,313.74,341.46,"8001,8002,8003",sale_event,stable
