timestamp,elapsed_sec,time_sec,predicted_rps,planned_cpu,planned_replicas,action
2026-04-14 16:27:51,0.58,0,92.0,1.0,2,APPLY
2026-04-14 16:27:51,1.32,1,86.0,1.0,2,HOLD
2026-04-14 16:27:52,2.06,2,85.0,1.0,2,HOLD
2026-04-14 16:27:53,3.05,3,91.0,1.0,2,HOLD
2026-04-14 16:27:54,4.05,4,100.0,1.0,2,HOLD
2026-04-14 16:27:55,5.05,5,85.0,1.0,2,HOLD
2026-04-14 16:27:56,6.04,6,96.0,1.0,2,HOLD
2026-04-14 16:27:57,7.03,7,99.0,1.0,2,HOLD
2026-04-14 16:27:58,8.02,8,95.0,1.0,2,HOLD
2026-04-14 16:27:59,9.02,9,80.0,1.0,2,HOLD
2026-04-14 16:28:00,10.01,10,80.0,1.0,2,HOLD
2026-04-14 16:28:01,11.06,11,100.0,1.0,2,HOLD
2026-04-14 16:28:02,12.05,12,95.0,1.0,2,HOLD
2026-04-14 16:28:03,13.05,13,86.0,1.0,2,HOLD
2026-04-14 16:28:04,14.03,14,86.0,1.0,2,HOLD
2026-04-14 16:28:05,15.02,15,87.0,1.0,2,HOLD
2026-04-14 16:28:06,16.01,16,90.0,1.0,2,HOLD
2026-04-14 16:28:07,17.0,17,99.0,1.0,2,HOLD
2026-04-14 16:28:08,18.06,18,96.0,1.0,2,HOLD
2026-04-14 16:28:09,19.05,19,80.0,1.0,2,HOLD
2026-04-14 16:28:10,20.04,20,100.0,1.0,2,HOLD
2026-04-14 16:28:11,21.03,21,89.0,1.0,2,HOLD
2026-04-14 16:28:12,22.02,22,85.0,1.0,2,HOLD
2026-04-14 16:28:13,23.01,23,97.0,1.0,2,HOLD
2026-04-14 16:28:14,24.06,24,99.0,1.0,2,HOLD
2026-04-14 16:28:15,25.05,25,89.0,1.0,2,HOLD
2026-04-14 16:28:16,26.04,26,89.0,1.0,2,HOLD
2026-04-14 16:28:17,27.04,27,94.0,1.0,2,HOLD
2026-04-14 16:28:18,28.03,28,92.0,1.0,2,HOLD
2026-04-14 16:28:19,29.02,29,80.0,1.0,2,HOLD
2026-04-14 16:28:20,30.01,30,80.0,1.0,2,HOLD
2026-04-14 16:28:21,31.0,31,100.0,1.0,2,HOLD
2026-04-14 16:28:22,32.05,32,92.0,1.0,2,HOLD
2026-04-14 16:28:23,33.05,33,97.0,1.0,2,HOLD
2026-04-14 16:28:24,34.04,34,81.0,1.0,2,HOLD
2026-04-14 16:28:25,35.03,35,100.0,1.0,2,HOLD
2026-04-14 16:28:26,36.02,36,92.0,1.0,2,HOLD
2026-04-14 16:28:27,37.02,37,89.0,1.0,2,HOLD
2026-04-14 16:28:28,38.01,38,93.0,1.0,2,HOLD
2026-04-14 16:28:29,39.0,39,87.0,1.0,2,HOLD
2026-04-14 16:28:30,40.06,40,97.0,1.0,2,HOLD
2026-04-14 16:28:31,41.05,41,82.0,1.0,2,HOLD
2026-04-14 16:28:32,42.04,42,97.0,1.0,2,HOLD
2026-04-14 16:28:33,43.04,43,97.0,1.0,2,HOLD
2026-04-14 16:28:34,44.03,44,97.0,1.0,2,HOLD
2026-04-14 16:28:35,45.02,45,83.0,1.0,2,HOLD
2026-04-14 16:28:36,46.01,46,81.0,1.0,2,HOLD
2026-04-14 16:28:37,47.0,47,92.0,1.0,2,HOLD
2026-04-14 16:28:38,48.06,48,83.0,1.0,2,HOLD
2026-04-14 16:28:39,49.05,49,98.0,1.0,2,HOLD
2026-04-14 16:28:40,50.04,50,100.0,1.0,2,HOLD
2026-04-14 16:28:41,51.03,51,98.0,1.0,2,HOLD
2026-04-14 16:28:42,52.02,52,91.0,1.0,2,HOLD
2026-04-14 16:28:43,53.01,53,91.0,1.0,2,HOLD
2026-04-14 16:28:44,54.01,54,82.0,1.0,2,HOLD
2026-04-14 16:28:45,55.01,55,87.0,1.0,2,HOLD
2026-04-14 16:28:46,56.06,56,94.0,1.0,2,HOLD
2026-04-14 16:28:47,57.05,57,84.0,1.0,2,HOLD
2026-04-14 16:28:48,58.04,58,91.0,1.0,2,HOLD
2026-04-14 16:28:49,59.03,59,94.0,1.0,2,HOLD
2026-04-14 16:28:50,60.03,60,104.77,1.0,2,HOLD
2026-04-14 16:28:51,61.02,61,105.9,1.0,2,HOLD
2026-04-14 16:28:52,62.01,62,107.05,1.0,2,HOLD
2026-04-14 16:28:53,63.0,63,108.37,1.0,2,HOLD
2026-04-14 16:28:54,64.06,64,109.86,1.0,2,HOLD
2026-04-14 16:28:55,65.05,65,111.46,1.0,2,HOLD
2026-04-14 16:28:56,66.04,66,113.03,1.0,2,HOLD
2026-04-14 16:28:57,67.03,67,114.65,1.0,2,HOLD
2026-04-14 16:28:58,68.02,68,116.14,1.0,2,HOLD
2026-04-14 16:28:59,69.02,69,117.55,1.0,2,HOLD
2026-04-14 16:29:00,70.01,70,119.06,1.0,2,HOLD
2026-04-14 16:29:01,71.06,71,120.43,1.0,2,HOLD
2026-04-14 16:29:02,72.06,72,121.71,1.0,2,HOLD
2026-04-14 16:29:03,73.05,73,122.8,1.0,2,HOLD
2026-04-14 16:29:04,74.04,74,123.93,1.0,2,HOLD
2026-04-14 16:29:05,75.03,75,125.03,1.0,2,HOLD
2026-04-14 16:29:06,76.02,76,126.09,1.0,2,HOLD
2026-04-14 16:29:07,77.0,77,127.11,1.0,2,HOLD
2026-04-14 16:29:08,78.06,78,128.1,1.0,2,HOLD
2026-04-14 16:29:09,79.05,79,129.04,1.0,2,HOLD
2026-04-14 16:29:10,80.03,80,129.94,1.0,2,HOLD
2026-04-14 16:29:11,81.02,81,130.81,1.0,2,HOLD
2026-04-14 16:29:12,82.01,82,131.65,1.0,2,HOLD
2026-04-14 16:29:13,83.06,83,132.44,1.0,2,HOLD
2026-04-14 16:29:14,84.05,84,133.21,1.0,2,HOLD
2026-04-14 16:29:15,85.04,85,133.95,1.0,3,APPLY
2026-04-14 16:29:16,86.04,86,134.66,1.0,3,HOLD
2026-04-14 16:29:17,87.03,87,135.34,1.0,3,HOLD
2026-04-14 16:29:18,88.02,88,135.99,1.0,3,HOLD
2026-04-14 16:29:19,89.01,89,136.62,1.0,3,HOLD
2026-04-14 16:29:20,90.0,90,137.23,1.0,3,HOLD
2026-04-14 16:29:21,91.06,91,137.81,1.0,3,HOLD
2026-04-14 16:29:22,92.05,92,138.37,1.0,3,HOLD
2026-04-14 16:29:23,93.04,93,138.91,1.0,3,HOLD
2026-04-14 16:29:24,94.03,94,139.42,1.0,3,HOLD
2026-04-14 16:29:25,95.02,95,139.92,1.0,3,HOLD
2026-04-14 16:29:26,96.01,96,140.4,1.0,3,HOLD
2026-04-14 16:29:27,97.0,97,140.85,1.0,3,HOLD
2026-04-14 16:29:28,98.06,98,141.29,1.0,3,HOLD
2026-04-14 16:29:29,99.05,99,141.72,1.0,3,HOLD
2026-04-14 16:29:30,100.04,100,142.13,1.0,3,HOLD
2026-04-14 16:29:31,101.03,101,142.52,1.0,3,HOLD
2026-04-14 16:29:32,102.02,102,142.9,1.0,3,HOLD
2026-04-14 16:29:33,103.02,103,143.26,1.0,3,HOLD
2026-04-14 16:29:34,104.01,104,143.61,1.0,3,HOLD
2026-04-14 16:29:35,105.06,105,143.94,1.0,3,HOLD
2026-04-14 16:29:36,106.05,106,144.26,1.0,3,HOLD
2026-04-14 16:29:37,107.04,107,144.57,1.0,3,HOLD
2026-04-14 16:29:38,108.04,108,144.87,1.0,3,HOLD
2026-04-14 16:29:39,109.03,109,145.16,1.0,3,HOLD
2026-04-14 16:29:40,110.02,110,145.44,1.0,3,HOLD
2026-04-14 16:29:41,111.01,111,145.7,1.0,3,HOLD
2026-04-14 16:29:42,112.0,112,145.96,1.0,3,HOLD
2026-04-14 16:29:43,113.05,113,146.2,1.0,3,HOLD
2026-04-14 16:29:44,114.04,114,146.44,1.0,3,HOLD
2026-04-14 16:29:45,115.04,115,146.67,1.0,3,HOLD
2026-04-14 16:29:46,116.02,116,146.88,1.0,3,HOLD
2026-04-14 16:29:47,117.01,117,147.1,1.0,3,HOLD
2026-04-14 16:29:48,118.06,118,147.3,1.0,3,HOLD
2026-04-14 16:29:49,119.05,119,147.49,1.0,3,HOLD
2026-04-14 16:29:50,120.04,120,147.68,1.0,3,HOLD
2026-04-14 16:29:51,121.03,121,147.86,1.0,3,HOLD
2026-04-14 16:29:52,122.03,122,148.03,1.0,3,HOLD
2026-04-14 16:29:53,123.02,123,148.2,1.0,3,HOLD
2026-04-14 16:29:54,124.01,124,148.36,1.0,3,HOLD
2026-04-14 16:29:55,125.05,125,148.52,1.0,3,HOLD
2026-04-14 16:29:56,126.04,126,148.66,1.0,3,HOLD
2026-04-14 16:29:57,127.03,127,148.81,1.0,3,HOLD
2026-04-14 16:29:58,128.02,128,148.94,1.0,3,HOLD
2026-04-14 16:29:59,129.01,129,149.08,1.0,3,HOLD
2026-04-14 16:30:00,130.06,130,149.21,1.0,3,HOLD
2026-04-14 16:30:01,131.05,131,149.33,1.0,3,HOLD
2026-04-14 16:30:02,132.03,132,149.44,1.0,3,HOLD
2026-04-14 16:30:03,133.02,133,149.56,1.0,3,HOLD
2026-04-14 16:30:04,134.02,134,149.67,1.0,3,HOLD
2026-04-14 16:30:05,135.01,135,149.77,1.0,3,HOLD
2026-04-14 16:30:06,136.05,136,149.87,1.0,3,HOLD
2026-04-14 16:30:07,137.04,137,149.97,1.0,3,HOLD
2026-04-14 16:30:08,138.03,138,150.06,1.0,3,HOLD
2026-04-14 16:30:09,139.02,139,150.16,1.0,3,HOLD
2026-04-14 16:30:10,140.01,140,150.24,1.0,3,HOLD
2026-04-14 16:30:11,141.01,141,150.32,1.0,3,HOLD
2026-04-14 16:30:12,142.06,142,150.41,1.0,3,HOLD
2026-04-14 16:30:13,143.05,143,150.48,1.0,3,HOLD
2026-04-14 16:30:14,144.04,144,150.56,1.0,3,HOLD
2026-04-14 16:30:15,145.03,145,150.63,1.0,3,HOLD
2026-04-14 16:30:16,146.02,146,150.7,1.0,3,HOLD
2026-04-14 16:30:17,147.0,147,150.76,1.0,3,HOLD
2026-04-14 16:30:18,148.06,148,150.83,1.0,3,HOLD
2026-04-14 16:30:19,149.05,149,150.89,1.0,3,HOLD
2026-04-14 16:30:20,150.04,150,150.95,1.0,3,HOLD
2026-04-14 16:30:21,151.03,151,151.0,1.0,3,HOLD
2026-04-14 16:30:22,152.02,152,151.06,1.0,3,HOLD
2026-04-14 16:30:23,153.01,153,151.11,1.0,3,HOLD
2026-04-14 16:30:24,154.06,154,151.16,1.0,3,HOLD
2026-04-14 16:30:25,155.05,155,151.21,1.0,3,HOLD
2026-04-14 16:30:26,156.04,156,151.26,1.0,3,HOLD
2026-04-14 16:30:27,157.03,157,151.3,1.0,3,HOLD
2026-04-14 16:30:28,158.01,158,151.35,1.0,3,HOLD
2026-04-14 16:30:29,159.0,159,151.39,1.0,3,HOLD
2026-04-14 16:30:30,160.05,160,151.43,1.0,3,HOLD
2026-04-14 16:30:31,161.04,161,151.47,1.0,3,HOLD
2026-04-14 16:30:32,162.03,162,151.5,1.0,3,HOLD
2026-04-14 16:30:33,163.01,163,151.54,1.0,3,HOLD
2026-04-14 16:30:34,164.0,164,151.57,1.0,3,HOLD
2026-04-14 16:30:35,165.06,165,151.61,1.0,3,HOLD
2026-04-14 16:30:36,166.05,166,151.64,1.0,3,HOLD
2026-04-14 16:30:37,167.05,167,151.67,1.0,3,HOLD
2026-04-14 16:30:38,168.04,168,151.7,1.0,3,HOLD
2026-04-14 16:30:39,169.03,169,151.73,1.0,3,HOLD
2026-04-14 16:30:40,170.02,170,151.76,1.0,3,HOLD
2026-04-14 16:30:41,171.02,171,151.78,1.0,3,HOLD
2026-04-14 16:30:42,172.0,172,151.81,1.0,3,HOLD
2026-04-14 16:30:43,173.05,173,151.83,1.0,3,HOLD
2026-04-14 16:30:44,174.04,174,151.86,1.0,3,HOLD
2026-04-14 16:30:45,175.03,175,151.88,1.0,3,HOLD
2026-04-14 16:30:46,176.03,176,151.9,1.0,3,HOLD
2026-04-14 16:30:47,177.02,177,151.92,1.0,3,HOLD
2026-04-14 16:30:48,178.01,178,151.94,1.0,3,HOLD
2026-04-14 16:30:49,179.01,179,151.96,1.0,3,HOLD
2026-04-14 16:30:50,180.06,180,151.98,1.0,3,HOLD
2026-04-14 16:30:51,181.05,181,152.0,1.0,3,HOLD
2026-04-14 16:30:52,182.04,182,152.02,1.0,3,HOLD
2026-04-14 16:30:53,183.03,183,152.03,1.0,3,HOLD
2026-04-14 16:30:54,184.03,184,152.05,1.0,3,HOLD
2026-04-14 16:30:55,185.02,185,152.06,1.0,3,HOLD
2026-04-14 16:30:56,186.01,186,152.08,1.0,3,HOLD
2026-04-14 16:30:57,187.0,187,152.09,1.0,3,HOLD
2026-04-14 16:30:58,188.05,188,152.11,1.0,3,HOLD
2026-04-14 16:30:59,189.04,189,152.12,1.0,3,HOLD
2026-04-14 16:31:00,190.03,190,152.13,1.0,3,HOLD
2026-04-14 16:31:01,191.02,191,152.15,1.0,3,HOLD
2026-04-14 16:31:02,192.01,192,152.16,1.0,3,HOLD
2026-04-14 16:31:03,193.06,193,152.17,1.0,3,HOLD
2026-04-14 16:31:04,194.05,194,152.18,1.0,3,HOLD
2026-04-14 16:31:05,195.05,195,152.19,1.0,3,HOLD
2026-04-14 16:31:06,196.04,196,152.2,1.0,3,HOLD
2026-04-14 16:31:07,197.04,197,152.21,1.0,3,HOLD
2026-04-14 16:31:08,198.03,198,152.22,1.0,3,HOLD
2026-04-14 16:31:09,199.02,199,152.23,1.0,3,HOLD
2026-04-14 16:31:10,200.02,200,152.24,1.0,3,HOLD
2026-04-14 16:31:11,201.0,201,152.25,1.0,3,HOLD
2026-04-14 16:31:12,202.06,202,152.25,1.0,3,HOLD
2026-04-14 16:31:13,203.05,203,152.26,1.0,3,HOLD
2026-04-14 16:31:14,204.04,204,152.27,1.0,3,HOLD
2026-04-14 16:31:15,205.04,205,152.28,1.0,3,HOLD
2026-04-14 16:31:16,206.02,206,152.28,1.0,3,HOLD
2026-04-14 16:31:17,207.01,207,152.29,1.0,3,HOLD
2026-04-14 16:31:18,208.01,208,152.3,1.0,3,HOLD
2026-04-14 16:31:19,209.05,209,152.3,1.0,3,HOLD
2026-04-14 16:31:20,210.05,210,152.31,1.0,3,HOLD
2026-04-14 16:31:21,211.04,211,152.31,1.0,3,HOLD
2026-04-14 16:31:22,212.03,212,152.32,1.0,3,HOLD
2026-04-14 16:31:23,213.02,213,152.32,1.0,3,HOLD
2026-04-14 16:31:24,214.01,214,152.33,1.0,3,HOLD
2026-04-14 16:31:25,215.0,215,152.33,1.0,3,HOLD
2026-04-14 16:31:26,216.06,216,152.34,1.0,3,HOLD
2026-04-14 16:31:27,217.05,217,152.34,1.0,3,HOLD
2026-04-14 16:31:28,218.03,218,152.35,1.0,3,HOLD
2026-04-14 16:31:29,219.02,219,152.35,1.0,3,HOLD
2026-04-14 16:31:30,220.02,220,152.36,1.0,3,HOLD
2026-04-14 16:31:31,221.01,221,152.36,1.0,3,HOLD
2026-04-14 16:31:32,222.06,222,152.37,1.0,3,HOLD
2026-04-14 16:31:33,223.05,223,152.37,1.0,3,HOLD
2026-04-14 16:31:34,224.04,224,152.37,1.0,3,HOLD
2026-04-14 16:31:35,225.03,225,152.38,1.0,3,HOLD
2026-04-14 16:31:36,226.02,226,152.38,1.0,3,HOLD
2026-04-14 16:31:37,227.01,227,152.39,1.0,3,HOLD
2026-04-14 16:31:38,228.01,228,152.39,1.0,3,HOLD
2026-04-14 16:31:39,229.0,229,152.39,1.0,3,HOLD
2026-04-14 16:31:40,230.05,230,152.4,1.0,3,HOLD
2026-04-14 16:31:41,231.05,231,152.4,1.0,3,HOLD
2026-04-14 16:31:42,232.04,232,152.41,1.0,3,HOLD
2026-04-14 16:31:43,233.03,233,152.41,1.0,3,HOLD
2026-04-14 16:31:44,234.02,234,152.41,1.0,3,HOLD
2026-04-14 16:31:45,235.01,235,152.42,1.0,3,HOLD
2026-04-14 16:31:46,236.06,236,152.42,1.0,3,HOLD
2026-04-14 16:31:47,237.04,237,152.42,1.0,3,HOLD
2026-04-14 16:31:48,238.03,238,152.43,1.0,3,HOLD
2026-04-14 16:31:49,239.02,239,152.43,1.0,3,HOLD
2026-04-14 16:31:50,240.0,240,152.43,1.0,3,HOLD
2026-04-14 16:31:51,241.05,241,152.44,1.0,3,HOLD
2026-04-14 16:31:52,242.04,242,152.44,1.0,3,HOLD
2026-04-14 16:31:53,243.03,243,152.44,1.0,3,HOLD
2026-04-14 16:31:54,244.03,244,152.45,1.0,3,HOLD
2026-04-14 16:31:55,245.02,245,152.45,1.0,3,HOLD
2026-04-14 16:31:56,246.01,246,152.46,1.0,3,HOLD
2026-04-14 16:31:57,247.0,247,152.46,1.0,3,HOLD
2026-04-14 16:31:58,248.05,248,152.46,1.0,3,HOLD
2026-04-14 16:31:59,249.04,249,152.46,1.0,3,HOLD
2026-04-14 16:32:00,250.02,250,152.47,1.0,3,HOLD
2026-04-14 16:32:01,251.01,251,152.47,1.0,3,HOLD
2026-04-14 16:32:02,252.06,252,152.47,1.0,3,HOLD
2026-04-14 16:32:03,253.05,253,152.48,1.0,3,HOLD
2026-04-14 16:32:04,254.04,254,152.48,1.0,3,HOLD
2026-04-14 16:32:05,255.04,255,152.48,1.0,3,HOLD
2026-04-14 16:32:06,256.02,256,152.49,1.0,3,HOLD
2026-04-14 16:32:07,257.01,257,152.49,1.0,3,HOLD
2026-04-14 16:32:08,258.0,258,152.49,1.0,3,HOLD
2026-04-14 16:32:09,259.05,259,152.5,1.0,3,HOLD
2026-04-14 16:32:10,260.04,260,152.5,1.0,3,HOLD
2026-04-14 16:32:11,261.02,261,152.5,1.0,3,HOLD
2026-04-14 16:32:12,262.02,262,152.5,1.0,3,HOLD
2026-04-14 16:32:13,263.01,263,152.51,1.0,3,HOLD
2026-04-14 16:32:14,264.05,264,152.51,1.0,3,HOLD
2026-04-14 16:32:15,265.04,265,152.51,1.0,3,HOLD
2026-04-14 16:32:16,266.03,266,152.51,1.0,3,HOLD
2026-04-14 16:32:17,267.02,267,152.52,1.0,3,HOLD
2026-04-14 16:32:18,268.01,268,152.52,1.0,3,HOLD
2026-04-14 16:32:19,269.06,269,152.52,1.0,3,HOLD
2026-04-14 16:32:20,270.05,270,152.52,1.0,3,HOLD
2026-04-14 16:32:21,271.04,271,152.53,1.0,3,HOLD
2026-04-14 16:32:22,272.03,272,152.53,1.0,3,HOLD
2026-04-14 16:32:23,273.02,273,152.53,1.0,3,HOLD
2026-04-14 16:32:24,274.01,274,152.53,1.0,3,HOLD
2026-04-14 16:32:25,275.05,275,152.54,1.0,3,HOLD
2026-04-14 16:32:26,276.04,276,152.54,1.0,3,HOLD
2026-04-14 16:32:27,277.03,277,152.54,1.0,3,HOLD
2026-04-14 16:32:28,278.01,278,152.54,1.0,3,HOLD
2026-04-14 16:32:29,279.0,279,152.55,1.0,3,HOLD
2026-04-14 16:32:30,280.05,280,152.55,1.0,3,HOLD
2026-04-14 16:32:31,281.04,281,152.55,1.0,3,HOLD
2026-04-14 16:32:32,282.03,282,152.55,1.0,3,HOLD
2026-04-14 16:32:33,283.02,283,152.56,1.0,3,HOLD
2026-04-14 16:32:34,284.0,284,152.56,1.0,3,HOLD
2026-04-14 16:32:35,285.05,285,152.56,1.0,3,HOLD
2026-04-14 16:32:36,286.04,286,152.56,1.0,3,HOLD
2026-04-14 16:32:37,287.03,287,152.56,1.0,3,HOLD
2026-04-14 16:32:38,288.02,288,152.57,1.0,3,HOLD
2026-04-14 16:32:39,289.01,289,152.57,1.0,3,HOLD
2026-04-14 16:32:40,290.0,290,152.57,1.0,3,HOLD
2026-04-14 16:32:41,291.05,291,152.57,1.0,3,HOLD
2026-04-14 16:32:42,292.03,292,152.57,1.0,3,HOLD
2026-04-14 16:32:43,293.02,293,152.58,1.0,3,HOLD
2026-04-14 16:32:44,294.01,294,152.58,1.0,3,HOLD
2026-04-14 16:32:45,295.05,295,152.58,1.0,3,HOLD
2026-04-14 16:32:46,296.04,296,152.58,1.0,3,HOLD
2026-04-14 16:32:47,297.03,297,152.58,1.0,3,HOLD
2026-04-14 16:32:48,298.02,298,152.59,1.0,3,HOLD
2026-04-14 16:32:49,299.0,299,152.59,1.0,3,HOLD
2026-04-14 16:32:50,300.05,300,152.59,1.0,3,HOLD
2026-04-14 16:32:51,301.04,301,152.59,1.0,3,HOLD
2026-04-14 16:32:52,302.03,302,152.59,1.0,3,HOLD
2026-04-14 16:32:53,303.02,303,152.59,1.0,3,HOLD
2026-04-14 16:32:54,304.01,304,152.6,1.0,3,HOLD
2026-04-14 16:32:55,305.06,305,152.6,1.0,3,HOLD
2026-04-14 16:32:56,306.05,306,152.6,1.0,3,HOLD
2026-04-14 16:32:57,307.04,307,152.6,1.0,3,HOLD
2026-04-14 16:32:58,308.02,308,152.6,1.0,3,HOLD
2026-04-14 16:32:59,309.01,309,152.6,1.0,3,HOLD
2026-04-14 16:33:00,310.06,310,152.61,1.0,3,HOLD
2026-04-14 16:33:01,311.04,311,152.61,1.0,3,HOLD
2026-04-14 16:33:02,312.03,312,152.61,1.0,3,HOLD
2026-04-14 16:33:03,313.02,313,152.61,1.0,3,HOLD
2026-04-14 16:33:04,314.01,314,152.61,1.0,3,HOLD
2026-04-14 16:33:05,315.06,315,152.62,1.0,3,HOLD
2026-04-14 16:33:06,316.04,316,152.62,1.0,3,HOLD
2026-04-14 16:33:07,317.03,317,152.62,1.0,3,HOLD
2026-04-14 16:33:08,318.01,318,152.62,1.0,3,HOLD
2026-04-14 16:33:09,319.06,319,152.62,1.0,3,HOLD
2026-04-14 16:33:10,320.05,320,152.62,1.0,3,HOLD
2026-04-14 16:33:11,321.03,321,152.62,1.0,3,HOLD
2026-04-14 16:33:12,322.02,322,152.63,1.0,3,HOLD
2026-04-14 16:33:13,323.0,323,152.63,1.0,3,HOLD
2026-04-14 16:33:14,324.05,324,152.63,1.0,3,HOLD
2026-04-14 16:33:15,325.04,325,152.63,1.0,3,HOLD
2026-04-14 16:33:16,326.02,326,152.63,1.0,3,HOLD
2026-04-14 16:33:17,327.06,327,152.63,1.0,3,HOLD
2026-04-14 16:33:18,328.05,328,152.63,1.0,3,HOLD
2026-04-14 16:33:19,329.04,329,152.64,1.0,3,HOLD
2026-04-14 16:33:20,330.02,330,152.64,1.0,3,HOLD
2026-04-14 16:33:21,331.01,331,152.64,1.0,3,HOLD
2026-04-14 16:33:22,332.05,332,152.64,1.0,3,HOLD
2026-04-14 16:33:23,333.04,333,152.64,1.0,3,HOLD
2026-04-14 16:33:24,334.02,334,152.64,1.0,3,HOLD
2026-04-14 16:33:25,335.01,335,152.64,1.0,3,HOLD
2026-04-14 16:33:26,336.06,336,152.65,1.0,3,HOLD
2026-04-14 16:33:27,337.05,337,152.65,1.0,3,HOLD
2026-04-14 16:33:28,338.03,338,152.65,1.0,3,HOLD
2026-04-14 16:33:29,339.02,339,152.65,1.0,3,HOLD
2026-04-14 16:33:30,340.01,340,152.65,1.0,3,HOLD
2026-04-14 16:33:31,341.05,341,152.65,1.0,3,HOLD
2026-04-14 16:33:32,342.04,342,152.65,1.0,3,HOLD
2026-04-14 16:33:33,343.02,343,152.65,1.0,3,HOLD
2026-04-14 16:33:34,344.0,344,152.66,1.0,3,HOLD
2026-04-14 16:33:35,345.05,345,152.66,1.0,3,HOLD
2026-04-14 16:33:36,346.04,346,152.66,1.0,3,HOLD
2026-04-14 16:33:37,347.02,347,152.66,1.0,3,HOLD
2026-04-14 16:33:38,348.01,348,152.66,1.0,3,HOLD
2026-04-14 16:33:39,349.06,349,152.66,1.0,3,HOLD
2026-04-14 16:33:40,350.05,350,152.66,1.0,3,HOLD
2026-04-14 16:33:41,351.04,351,152.66,1.0,3,HOLD
2026-04-14 16:33:42,352.02,352,152.66,1.0,3,HOLD
2026-04-14 16:33:43,353.01,353,152.66,1.0,3,HOLD
2026-04-14 16:33:44,354.0,354,152.66,1.0,3,HOLD
2026-04-14 16:33:45,355.05,355,152.67,1.0,3,HOLD
2026-04-14 16:33:46,356.04,356,152.67,1.0,3,HOLD
2026-04-14 16:33:47,357.02,357,152.67,1.0,3,HOLD
2026-04-14 16:33:48,358.01,358,152.67,1.0,3,HOLD
2026-04-14 16:33:49,359.06,359,152.67,1.0,3,HOLD
2026-04-14 16:33:50,360.05,360,152.67,1.0,3,HOLD
2026-04-14 16:33:51,361.04,361,152.67,1.0,3,HOLD
2026-04-14 16:33:52,362.02,362,152.67,1.0,3,HOLD
2026-04-14 16:33:53,363.0,363,152.67,1.0,3,HOLD
2026-04-14 16:33:54,364.05,364,152.68,1.0,3,HOLD
2026-04-14 16:33:55,365.05,365,152.68,1.0,3,HOLD
2026-04-14 16:33:56,366.03,366,152.68,1.0,3,HOLD
2026-04-14 16:33:57,367.01,367,152.68,1.0,3,HOLD
2026-04-14 16:33:58,368.05,368,152.68,1.0,3,HOLD
2026-04-14 16:33:59,369.04,369,152.68,1.0,3,HOLD
2026-04-14 16:34:00,370.02,370,152.68,1.0,3,HOLD
2026-04-14 16:34:01,371.01,371,152.68,1.0,3,HOLD
2026-04-14 16:34:02,372.06,372,152.68,1.0,3,HOLD
2026-04-14 16:34:03,373.04,373,152.68,1.0,3,HOLD
2026-04-14 16:34:04,374.02,374,152.68,1.0,3,HOLD
2026-04-14 16:34:05,375.01,375,152.69,1.0,3,HOLD
2026-04-14 16:34:06,376.05,376,152.69,1.0,3,HOLD
2026-04-14 16:34:07,377.04,377,152.69,1.0,3,HOLD
2026-04-14 16:34:08,378.03,378,152.69,1.0,3,HOLD
2026-04-14 16:34:09,379.01,379,152.69,1.0,3,HOLD
2026-04-14 16:34:10,380.06,380,152.69,1.0,3,HOLD
2026-04-14 16:34:11,381.04,381,152.69,1.0,3,HOLD
2026-04-14 16:34:12,382.02,382,152.69,1.0,3,HOLD
2026-04-14 16:34:13,383.0,383,152.69,1.0,3,HOLD
2026-04-14 16:34:14,384.05,384,152.69,1.0,3,HOLD
2026-04-14 16:34:15,385.04,385,152.69,1.0,3,HOLD
2026-04-14 16:34:16,386.03,386,152.69,1.0,3,HOLD
2026-04-14 16:34:17,387.02,387,152.69,1.0,3,HOLD
2026-04-14 16:34:18,388.01,388,152.69,1.0,3,HOLD
2026-04-14 16:34:19,389.05,389,152.7,1.0,3,HOLD
2026-04-14 16:34:20,390.03,390,152.7,1.0,3,HOLD
2026-04-14 16:34:21,391.02,391,152.7,1.0,3,HOLD
2026-04-14 16:34:22,392.01,392,152.7,1.0,3,HOLD
2026-04-14 16:34:23,393.05,393,152.7,1.0,3,HOLD
2026-04-14 16:34:24,394.04,394,152.7,1.0,3,HOLD
2026-04-14 16:34:25,395.03,395,152.7,1.0,3,HOLD
2026-04-14 16:34:26,396.01,396,152.7,1.0,3,HOLD
2026-04-14 16:34:27,397.05,397,152.7,1.0,3,HOLD
2026-04-14 16:34:28,398.04,398,152.7,1.0,3,HOLD
2026-04-14 16:34:29,399.03,399,152.7,1.0,3,HOLD
2026-04-14 16:34:30,400.01,400,152.7,1.0,3,HOLD
2026-04-14 16:34:31,401.05,401,152.7,1.0,3,HOLD
2026-04-14 16:34:32,402.04,402,152.71,1.0,3,HOLD
2026-04-14 16:34:33,403.02,403,152.71,1.0,3,HOLD
2026-04-14 16:34:34,404.01,404,152.71,1.0,3,HOLD
2026-04-14 16:34:35,405.06,405,152.71,1.0,3,HOLD
2026-04-14 16:34:36,406.05,406,152.71,1.0,3,HOLD
2026-04-14 16:34:37,407.03,407,152.71,1.0,3,HOLD
2026-04-14 16:34:38,408.02,408,152.71,1.0,3,HOLD
2026-04-14 16:34:39,409.01,409,152.71,1.0,3,HOLD
2026-04-14 16:34:40,410.05,410,152.71,1.0,3,HOLD
2026-04-14 16:34:41,411.04,411,152.71,1.0,3,HOLD
2026-04-14 16:34:42,412.02,412,152.71,1.0,3,HOLD
2026-04-14 16:34:43,413.0,413,152.71,1.0,3,HOLD
2026-04-14 16:34:44,414.05,414,152.71,1.0,3,HOLD
2026-04-14 16:34:45,415.03,415,152.71,1.0,3,HOLD
2026-04-14 16:34:46,416.01,416,152.71,1.0,3,HOLD
2026-04-14 16:34:47,417.01,417,152.71,1.0,3,HOLD
2026-04-14 16:34:48,418.05,418,152.71,1.0,3,HOLD
2026-04-14 16:34:49,419.04,419,152.71,1.0,3,HOLD
2026-04-14 16:34:50,420.03,420,152.72,1.0,3,HOLD
2026-04-14 16:34:51,421.02,421,152.72,1.0,3,HOLD
2026-04-14 16:34:52,422.01,422,152.72,1.0,3,HOLD
2026-04-14 16:34:53,423.05,423,152.72,1.0,3,HOLD
2026-04-14 16:34:54,424.03,424,152.72,1.0,3,HOLD
2026-04-14 16:34:55,425.01,425,152.72,1.0,3,HOLD
2026-04-14 16:34:56,426.0,426,152.72,1.0,3,HOLD
2026-04-14 16:34:57,427.05,427,152.72,1.0,3,HOLD
2026-04-14 16:34:58,428.03,428,152.72,1.0,3,HOLD
2026-04-14 16:34:59,429.01,429,152.72,1.0,3,HOLD
2026-04-14 16:35:00,430.0,430,152.72,1.0,3,HOLD
2026-04-14 16:35:01,431.05,431,152.72,1.0,3,HOLD
2026-04-14 16:35:02,432.04,432,152.72,1.0,3,HOLD
2026-04-14 16:35:03,433.03,433,152.72,1.0,3,HOLD
2026-04-14 16:35:04,434.01,434,152.72,1.0,3,HOLD
2026-04-14 16:35:05,435.06,435,152.72,1.0,3,HOLD
2026-04-14 16:35:06,436.05,436,152.72,1.0,3,HOLD
2026-04-14 16:35:07,437.03,437,152.72,1.0,3,HOLD
2026-04-14 16:35:08,438.02,438,152.72,1.0,3,HOLD
2026-04-14 16:35:09,439.0,439,152.72,1.0,3,HOLD
2026-04-14 16:35:10,440.05,440,152.72,1.0,3,HOLD
2026-04-14 16:35:11,441.04,441,152.72,1.0,3,HOLD
2026-04-14 16:35:12,442.03,442,152.72,1.0,3,HOLD
2026-04-14 16:35:13,443.01,443,152.72,1.0,3,HOLD
2026-04-14 16:35:14,444.05,444,152.73,1.0,3,HOLD
2026-04-14 16:35:15,445.03,445,152.73,1.0,3,HOLD
2026-04-14 16:35:16,446.02,446,152.73,1.0,3,HOLD
2026-04-14 16:35:17,447.01,447,152.73,1.0,3,HOLD
2026-04-14 16:35:18,448.06,448,152.73,1.0,3,HOLD
2026-04-14 16:35:19,449.04,449,152.73,1.0,3,HOLD
2026-04-14 16:35:20,450.03,450,152.73,1.0,3,HOLD
2026-04-14 16:35:21,451.01,451,152.73,1.0,3,HOLD
2026-04-14 16:35:22,452.0,452,152.73,1.0,3,HOLD
2026-04-14 16:35:23,453.05,453,152.73,1.0,3,HOLD
2026-04-14 16:35:24,454.03,454,152.73,1.0,3,HOLD
2026-04-14 16:35:25,455.03,455,152.73,1.0,3,HOLD
2026-04-14 16:35:26,456.02,456,152.73,1.0,3,HOLD
2026-04-14 16:35:27,457.01,457,152.73,1.0,3,HOLD
2026-04-14 16:35:28,458.05,458,152.73,1.0,3,HOLD
2026-04-14 16:35:29,459.04,459,152.73,1.0,3,HOLD
2026-04-14 16:35:30,460.03,460,152.73,1.0,3,HOLD
2026-04-14 16:35:31,461.01,461,152.73,1.0,3,HOLD
2026-04-14 16:35:32,462.0,462,152.73,1.0,3,HOLD
2026-04-14 16:35:33,463.05,463,152.73,1.0,3,HOLD
2026-04-14 16:35:34,464.03,464,152.73,1.0,3,HOLD
2026-04-14 16:35:35,465.02,465,152.73,1.0,3,HOLD
2026-04-14 16:35:36,466.0,466,152.73,1.0,3,HOLD
2026-04-14 16:35:37,467.05,467,152.73,1.0,3,HOLD
2026-04-14 16:35:38,468.03,468,152.73,1.0,3,HOLD
2026-04-14 16:35:39,469.02,469,152.73,1.0,3,HOLD
2026-04-14 16:35:40,470.0,470,152.74,1.0,3,HOLD
2026-04-14 16:35:41,471.05,471,152.74,1.0,3,HOLD
2026-04-14 16:35:42,472.03,472,152.74,1.0,3,HOLD
2026-04-14 16:35:43,473.02,473,152.74,1.0,3,HOLD
2026-04-14 16:35:44,474.01,474,152.74,1.0,3,HOLD
2026-04-14 16:35:45,475.0,475,152.74,1.0,3,HOLD
2026-04-14 16:35:46,476.05,476,152.74,1.0,3,HOLD
2026-04-14 16:35:47,477.04,477,152.74,1.0,3,HOLD
2026-04-14 16:35:48,478.02,478,152.74,1.0,3,HOLD
2026-04-14 16:35:49,479.0,479,152.74,1.0,3,HOLD
2026-04-14 16:35:50,480.06,480,152.74,1.0,3,HOLD
2026-04-14 16:35:51,481.04,481,152.74,1.0,3,HOLD
2026-04-14 16:35:52,482.03,482,152.74,1.0,3,HOLD
2026-04-14 16:35:53,483.02,483,152.74,1.0,3,HOLD
2026-04-14 16:35:54,484.0,484,152.74,1.0,3,HOLD
2026-04-14 16:35:55,485.05,485,152.74,1.0,3,HOLD
2026-04-14 16:35:56,486.03,486,152.74,1.0,3,HOLD
2026-04-14 16:35:57,487.01,487,152.74,1.0,3,HOLD
2026-04-14 16:35:58,488.0,488,152.74,1.0,3,HOLD
2026-04-14 16:35:59,489.05,489,152.74,1.0,3,HOLD
2026-04-14 16:36:00,490.03,490,152.74,1.0,3,HOLD
2026-04-14 16:36:01,491.02,491,152.74,1.0,3,HOLD
2026-04-14 16:36:02,492.01,492,152.74,1.0,3,HOLD
2026-04-14 16:36:03,493.06,493,152.74,1.0,3,HOLD
2026-04-14 16:36:04,494.04,494,152.74,1.0,3,HOLD
2026-04-14 16:36:05,495.03,495,152.74,1.0,3,HOLD
2026-04-14 16:36:06,496.02,496,152.74,1.0,3,HOLD
2026-04-14 16:36:07,497.0,497,152.74,1.0,3,HOLD
2026-04-14 16:36:08,498.05,498,152.74,1.0,3,HOLD
2026-04-14 16:36:09,499.04,499,152.74,1.0,3,HOLD
2026-04-14 16:36:10,500.02,500,152.74,1.0,3,HOLD
2026-04-14 16:36:11,501.06,501,152.74,1.0,3,HOLD
2026-04-14 16:36:12,502.04,502,152.74,1.0,3,HOLD
2026-04-14 16:36:13,503.03,503,152.74,1.0,3,HOLD
2026-04-14 16:36:14,504.02,504,152.74,1.0,3,HOLD
2026-04-14 16:36:15,505.0,505,152.74,1.0,3,HOLD
2026-04-14 16:36:16,506.05,506,152.74,1.0,3,HOLD
2026-04-14 16:36:17,507.03,507,152.74,1.0,3,HOLD
2026-04-14 16:36:18,508.02,508,152.74,1.0,3,HOLD
2026-04-14 16:36:19,509.01,509,152.74,1.0,3,HOLD
2026-04-14 16:36:20,510.05,510,152.75,1.0,3,HOLD
2026-04-14 16:36:21,511.04,511,152.75,1.0,3,HOLD
2026-04-14 16:36:22,512.02,512,152.75,1.0,3,HOLD
2026-04-14 16:36:23,513.01,513,152.75,1.0,3,HOLD
2026-04-14 16:36:24,514.05,514,152.75,1.0,3,HOLD
2026-04-14 16:36:25,515.04,515,152.75,1.0,3,HOLD
2026-04-14 16:36:26,516.02,516,152.75,1.0,3,HOLD
2026-04-14 16:36:27,517.01,517,152.75,1.0,3,HOLD
2026-04-14 16:36:28,518.06,518,152.75,1.0,3,HOLD
2026-04-14 16:36:29,519.04,519,152.75,1.0,3,HOLD
2026-04-14 16:36:30,520.02,520,152.75,1.0,3,HOLD
2026-04-14 16:36:31,521.0,521,152.75,1.0,3,HOLD
2026-04-14 16:36:32,522.05,522,152.75,1.0,3,HOLD
2026-04-14 16:36:33,523.04,523,152.75,1.0,3,HOLD
2026-04-14 16:36:34,524.02,524,152.75,1.0,3,HOLD
2026-04-14 16:36:35,525.01,525,152.75,1.0,3,HOLD
2026-04-14 16:36:36,526.05,526,152.75,1.0,3,HOLD
2026-04-14 16:36:37,527.03,527,152.75,1.0,3,HOLD
2026-04-14 16:36:38,528.02,528,152.75,1.0,3,HOLD
2026-04-14 16:36:39,529.01,529,152.75,1.0,3,HOLD
2026-04-14 16:36:40,530.06,530,152.75,1.0,3,HOLD
2026-04-14 16:36:41,531.04,531,152.75,1.0,3,HOLD
2026-04-14 16:36:42,532.03,532,152.75,1.0,3,HOLD
2026-04-14 16:36:43,533.01,533,152.75,1.0,3,HOLD
2026-04-14 16:36:44,534.0,534,152.75,1.0,3,HOLD
2026-04-14 16:36:45,535.05,535,152.75,1.0,3,HOLD
2026-04-14 16:36:46,536.03,536,152.75,1.0,3,HOLD
2026-04-14 16:36:47,537.01,537,152.75,1.0,3,HOLD
2026-04-14 16:36:48,538.06,538,152.75,1.0,3,HOLD
2026-04-14 16:36:49,539.04,539,152.75,1.0,3,HOLD
2026-04-14 16:36:50,540.03,540,152.75,1.0,3,HOLD
2026-04-14 16:36:51,541.01,541,152.75,1.0,3,HOLD
2026-04-14 16:36:52,542.0,542,152.75,1.0,3,HOLD
2026-04-14 16:36:53,543.05,543,152.75,1.0,3,HOLD
2026-04-14 16:36:54,544.03,544,152.75,1.0,3,HOLD
2026-04-14 16:36:55,545.02,545,152.75,1.0,3,HOLD
2026-04-14 16:36:56,546.06,546,152.75,1.0,3,HOLD
2026-04-14 16:36:57,547.05,547,152.75,1.0,3,HOLD
2026-04-14 16:36:58,548.04,548,152.75,1.0,3,HOLD
2026-04-14 16:36:59,549.03,549,152.75,1.0,3,HOLD
2026-04-14 16:37:00,550.02,550,152.75,1.0,3,HOLD
2026-04-14 16:37:01,551.01,551,152.75,1.0,3,HOLD
2026-04-14 16:37:02,552.06,552,152.75,1.0,3,HOLD
2026-04-14 16:37:03,553.04,553,152.75,1.0,3,HOLD
2026-04-14 16:37:04,554.03,554,152.75,1.0,3,HOLD
2026-04-14 16:37:05,555.01,555,152.75,1.0,3,HOLD
2026-04-14 16:37:06,556.06,556,152.75,1.0,3,HOLD
2026-04-14 16:37:07,557.04,557,152.75,1.0,3,HOLD
2026-04-14 16:37:08,558.03,558,152.75,1.0,3,HOLD
2026-04-14 16:37:09,559.01,559,152.75,1.0,3,HOLD
2026-04-14 16:37:10,560.05,560,152.75,1.0,3,HOLD
2026-04-14 16:37:11,561.03,561,152.75,1.0,3,HOLD
2026-04-14 16:37:12,562.02,562,152.75,1.0,3,HOLD
2026-04-14 16:37:13,563.06,563,152.75,1.0,3,HOLD
2026-04-14 16:37:14,564.04,564,152.75,1.0,3,HOLD
2026-04-14 16:37:15,565.03,565,152.75,1.0,3,HOLD
2026-04-14 16:37:16,566.01,566,152.75,1.0,3,HOLD
2026-04-14 16:37:17,567.0,567,152.75,1.0,3,HOLD
2026-04-14 16:37:18,568.05,568,152.75,1.0,3,HOLD
2026-04-14 16:37:19,569.03,569,152.75,1.0,3,HOLD
2026-04-14 16:37:20,570.02,570,152.75,1.0,3,HOLD
2026-04-14 16:37:21,571.01,571,152.75,1.0,3,HOLD
2026-04-14 16:37:22,572.05,572,152.75,1.0,3,HOLD
2026-04-14 16:37:23,573.04,573,152.75,1.0,3,HOLD
2026-04-14 16:37:24,574.02,574,152.75,1.0,3,HOLD
2026-04-14 16:37:25,575.01,575,152.75,1.0,3,HOLD
2026-04-14 16:37:26,576.06,576,152.75,1.0,3,HOLD
2026-04-14 16:37:27,577.04,577,152.75,1.0,3,HOLD
2026-04-14 16:37:28,578.03,578,152.75,1.0,3,HOLD
2026-04-14 16:37:29,579.03,579,152.75,1.0,3,HOLD
2026-04-14 16:37:30,580.01,580,152.75,1.0,3,HOLD
2026-04-14 16:37:31,581.06,581,152.75,1.0,3,HOLD
2026-04-14 16:37:32,582.05,582,152.75,1.0,3,HOLD
2026-04-14 16:37:33,583.03,583,152.75,1.0,3,HOLD
2026-04-14 16:37:34,584.02,584,152.75,1.0,3,HOLD
2026-04-14 16:37:35,585.0,585,152.75,1.0,3,HOLD
2026-04-14 16:37:36,586.05,586,152.75,1.0,3,HOLD
2026-04-14 16:37:37,587.04,587,152.75,1.0,3,HOLD
2026-04-14 16:37:38,588.02,588,152.75,1.0,3,HOLD
2026-04-14 16:37:39,589.0,589,152.75,1.0,3,HOLD
2026-04-14 16:37:40,590.05,590,152.75,1.0,3,HOLD
2026-04-14 16:37:41,591.04,591,152.75,1.0,3,HOLD
2026-04-14 16:37:42,592.02,592,152.75,1.0,3,HOLD
2026-04-14 16:37:43,593.01,593,152.75,1.0,3,HOLD
2026-04-14 16:37:44,594.05,594,152.76,1.0,3,HOLD
2026-04-14 16:37:45,595.04,595,152.76,1.0,3,HOLD
2026-04-14 16:37:46,596.03,596,152.76,1.0,3,HOLD
2026-04-14 16:37:47,597.02,597,152.76,1.0,3,HOLD
2026-04-14 16:37:48,598.0,598,152.76,1.0,3,HOLD
2026-04-14 16:37:49,599.05,599,152.76,1.0,3,HOLD
2026-04-14 16:37:50,600.03,600,152.76,1.0,3,HOLD
2026-04-14 16:37:51,601.01,601,152.76,1.0,3,HOLD
2026-04-14 16:37:52,602.05,602,152.76,1.0,3,HOLD
2026-04-14 16:37:53,603.04,603,152.76,1.0,3,HOLD
2026-04-14 16:37:54,604.02,604,152.76,1.0,3,HOLD
2026-04-14 16:37:55,605.01,605,152.76,1.0,3,HOLD
2026-04-14 16:37:56,606.05,606,152.76,1.0,3,HOLD
2026-04-14 16:37:57,607.04,607,152.76,1.0,3,HOLD
2026-04-14 16:37:58,608.02,608,152.76,1.0,3,HOLD
2026-04-14 16:37:59,609.06,609,152.76,1.0,3,HOLD
2026-04-14 16:38:00,610.05,610,152.76,1.0,3,HOLD
2026-04-14 16:38:01,611.03,611,152.76,1.0,3,HOLD
2026-04-14 16:38:02,612.01,612,152.76,1.0,3,HOLD
2026-04-14 16:38:03,613.06,613,152.76,1.0,3,HOLD
2026-04-14 16:38:04,614.04,614,152.76,1.0,3,HOLD
2026-04-14 16:38:05,615.03,615,152.76,1.0,3,HOLD
2026-04-14 16:38:06,616.02,616,152.76,1.0,3,HOLD
2026-04-14 16:38:07,617.01,617,152.76,1.0,3,HOLD
2026-04-14 16:38:08,618.06,618,152.76,1.0,3,HOLD
2026-04-14 16:38:09,619.04,619,152.76,1.0,3,HOLD
2026-04-14 16:38:10,620.02,620,152.76,1.0,3,HOLD
2026-04-14 16:38:11,621.01,621,152.76,1.0,3,HOLD
2026-04-14 16:38:12,622.06,622,152.76,1.0,3,HOLD
2026-04-14 16:38:13,623.04,623,152.76,1.0,3,HOLD
2026-04-14 16:38:14,624.03,624,152.76,1.0,3,HOLD
2026-04-14 16:38:15,625.01,625,152.76,1.0,3,HOLD
2026-04-14 16:38:16,626.05,626,152.76,1.0,3,HOLD
2026-04-14 16:38:17,627.03,627,152.76,1.0,3,HOLD
2026-04-14 16:38:18,628.02,628,152.76,1.0,3,HOLD
2026-04-14 16:38:19,629.01,629,152.76,1.0,3,HOLD
2026-04-14 16:38:20,630.06,630,152.76,1.0,3,HOLD
2026-04-14 16:38:21,631.04,631,152.76,1.0,3,HOLD
2026-04-14 16:38:22,632.02,632,152.76,1.0,3,HOLD
2026-04-14 16:38:23,633.0,633,152.76,1.0,3,HOLD
2026-04-14 16:38:24,634.05,634,152.76,1.0,3,HOLD
2026-04-14 16:38:25,635.03,635,152.76,1.0,3,HOLD
2026-04-14 16:38:26,636.02,636,152.76,1.0,3,HOLD
2026-04-14 16:38:27,637.0,637,152.76,1.0,3,HOLD
2026-04-14 16:38:28,638.05,638,152.76,1.0,3,HOLD
2026-04-14 16:38:29,639.04,639,152.76,1.0,3,HOLD
2026-04-14 16:38:30,640.03,640,152.76,1.0,3,HOLD
2026-04-14 16:38:31,641.01,641,152.76,1.0,3,HOLD
2026-04-14 16:38:32,642.0,642,152.76,1.0,3,HOLD
2026-04-14 16:38:33,643.05,643,152.76,1.0,3,HOLD
2026-04-14 16:38:34,644.03,644,152.76,1.0,3,HOLD
2026-04-14 16:38:35,645.02,645,152.76,1.0,3,HOLD
2026-04-14 16:38:36,646.0,646,152.76,1.0,3,HOLD
2026-04-14 16:38:37,647.05,647,152.76,1.0,3,HOLD
2026-04-14 16:38:38,648.04,648,152.76,1.0,3,HOLD
2026-04-14 16:38:39,649.03,649,152.76,1.0,3,HOLD
2026-04-14 16:38:40,650.02,650,152.76,1.0,3,HOLD
2026-04-14 16:38:41,651.0,651,152.76,1.0,3,HOLD
2026-04-14 16:38:42,652.04,652,152.76,1.0,3,HOLD
2026-04-14 16:38:43,653.02,653,152.76,1.0,3,HOLD
2026-04-14 16:38:44,654.01,654,152.76,1.0,3,HOLD
2026-04-14 16:38:45,655.06,655,152.76,1.0,3,HOLD
2026-04-14 16:38:46,656.05,656,152.76,1.0,3,HOLD
2026-04-14 16:38:47,657.03,657,152.76,1.0,3,HOLD
2026-04-14 16:38:48,658.02,658,152.76,1.0,3,HOLD
2026-04-14 16:38:49,659.06,659,152.76,1.0,3,HOLD
2026-04-14 16:38:50,660.04,660,152.76,1.0,3,HOLD
2026-04-14 16:38:51,661.03,661,152.76,1.0,3,HOLD
2026-04-14 16:38:52,662.01,662,152.76,1.0,3,HOLD
2026-04-14 16:38:53,663.0,663,152.76,1.0,3,HOLD
2026-04-14 16:38:54,664.05,664,152.76,1.0,3,HOLD
2026-04-14 16:38:55,665.03,665,152.76,1.0,3,HOLD
2026-04-14 16:38:56,666.02,666,152.76,1.0,3,HOLD
2026-04-14 16:38:57,667.0,667,152.76,1.0,3,HOLD
2026-04-14 16:38:58,668.05,668,152.76,1.0,3,HOLD
2026-04-14 16:38:59,669.04,669,152.76,1.0,3,HOLD
2026-04-14 16:39:00,670.03,670,152.76,1.0,3,HOLD
2026-04-14 16:39:01,671.02,671,152.76,1.0,3,HOLD
2026-04-14 16:39:02,672.01,672,152.76,1.0,3,HOLD
2026-04-14 16:39:03,673.06,673,152.76,1.0,3,HOLD
2026-04-14 16:39:04,674.04,674,152.76,1.0,3,HOLD
2026-04-14 16:39:05,675.02,675,152.76,1.0,3,HOLD
2026-04-14 16:39:06,676.01,676,152.76,1.0,3,HOLD
2026-04-14 16:39:07,677.05,677,152.76,1.0,3,HOLD
2026-04-14 16:39:08,678.04,678,152.76,1.0,3,HOLD
2026-04-14 16:39:09,679.02,679,152.76,1.0,3,HOLD
2026-04-14 16:39:10,680.01,680,152.76,1.0,3,HOLD
2026-04-14 16:39:11,681.0,681,152.76,1.0,3,HOLD
2026-04-14 16:39:12,682.04,682,152.76,1.0,3,HOLD
2026-04-14 16:39:13,683.04,683,152.76,1.0,3,HOLD
2026-04-14 16:39:14,684.02,684,152.76,1.0,3,HOLD
2026-04-14 16:39:15,685.01,685,152.76,1.0,3,HOLD
2026-04-14 16:39:16,686.05,686,152.76,1.0,3,HOLD
2026-04-14 16:39:17,687.04,687,152.76,1.0,3,HOLD
2026-04-14 16:39:18,688.03,688,152.76,1.0,3,HOLD
2026-04-14 16:39:19,689.01,689,152.76,1.0,3,HOLD
2026-04-14 16:39:20,690.06,690,152.76,1.0,3,HOLD
2026-04-14 16:39:21,691.04,691,152.76,1.0,3,HOLD
2026-04-14 16:39:22,692.02,692,152.76,1.0,3,HOLD
2026-04-14 16:39:23,693.01,693,152.76,1.0,3,HOLD
2026-04-14 16:39:24,694.05,694,152.76,1.0,3,HOLD
2026-04-14 16:39:25,695.04,695,152.76,1.0,3,HOLD
2026-04-14 16:39:26,696.02,696,152.76,1.0,3,HOLD
2026-04-14 16:39:27,697.01,697,152.76,1.0,3,HOLD
2026-04-14 16:39:28,698.0,698,152.76,1.0,3,HOLD
2026-04-14 16:39:29,699.05,699,152.76,1.0,3,HOLD
2026-04-14 16:39:30,700.03,700,152.76,1.0,3,HOLD
2026-04-14 16:39:31,701.02,701,152.76,1.0,3,HOLD
2026-04-14 16:39:32,702.06,702,152.76,1.0,3,HOLD
2026-04-14 16:39:33,703.05,703,152.76,1.0,3,HOLD
2026-04-14 16:39:34,704.03,704,152.76,1.0,3,HOLD
2026-04-14 16:39:35,705.02,705,152.76,1.0,3,HOLD
2026-04-14 16:39:36,706.01,706,152.76,1.0,3,HOLD
2026-04-14 16:39:37,707.06,707,152.76,1.0,3,HOLD
2026-04-14 16:39:38,708.04,708,152.76,1.0,3,HOLD
2026-04-14 16:39:39,709.02,709,152.76,1.0,3,HOLD
2026-04-14 16:39:40,710.01,710,152.76,1.0,3,HOLD
2026-04-14 16:39:41,711.05,711,152.76,1.0,3,HOLD
2026-04-14 16:39:42,712.04,712,152.76,1.0,3,HOLD
2026-04-14 16:39:43,713.03,713,152.76,1.0,3,HOLD
2026-04-14 16:39:44,714.02,714,152.76,1.0,3,HOLD
2026-04-14 16:39:45,715.01,715,152.76,1.0,3,HOLD
2026-04-14 16:39:46,716.06,716,152.76,1.0,3,HOLD
2026-04-14 16:39:47,717.04,717,152.76,1.0,3,HOLD
2026-04-14 16:39:48,718.03,718,152.76,1.0,3,HOLD
2026-04-14 16:39:49,719.02,719,152.76,1.0,3,HOLD
2026-04-14 16:39:50,720.06,720,152.76,1.0,3,HOLD
2026-04-14 16:39:51,721.05,721,152.76,1.0,3,HOLD
2026-04-14 16:39:52,722.04,722,152.76,1.0,3,HOLD
2026-04-14 16:39:53,723.02,723,152.76,1.0,3,HOLD
2026-04-14 16:39:54,724.01,724,152.76,1.0,3,HOLD
2026-04-14 16:39:55,725.05,725,152.76,1.0,3,HOLD
2026-04-14 16:39:56,726.04,726,152.76,1.0,3,HOLD
2026-04-14 16:39:57,727.03,727,152.76,1.0,3,HOLD
2026-04-14 16:39:58,728.01,728,152.76,1.0,3,HOLD
2026-04-14 16:39:59,729.0,729,152.76,1.0,3,HOLD
2026-04-14 16:40:00,730.06,730,152.76,1.0,3,HOLD
2026-04-14 16:40:01,731.04,731,152.76,1.0,3,HOLD
2026-04-14 16:40:02,732.03,732,152.76,1.0,3,HOLD
2026-04-14 16:40:03,733.02,733,152.76,1.0,3,HOLD
2026-04-14 16:40:04,734.06,734,152.76,1.0,3,HOLD
2026-04-14 16:40:05,735.05,735,152.76,1.0,3,HOLD
2026-04-14 16:40:06,736.04,736,152.76,1.0,3,HOLD
2026-04-14 16:40:07,737.02,737,152.76,1.0,3,HOLD
2026-04-14 16:40:08,738.0,738,152.76,1.0,3,HOLD
2026-04-14 16:40:09,739.05,739,152.76,1.0,3,HOLD
2026-04-14 16:40:10,740.03,740,152.76,1.0,3,HOLD
2026-04-14 16:40:11,741.02,741,152.76,1.0,3,HOLD
2026-04-14 16:40:12,742.0,742,152.76,1.0,3,HOLD
2026-04-14 16:40:13,743.05,743,152.76,1.0,3,HOLD
2026-04-14 16:40:14,744.03,744,152.76,1.0,3,HOLD
2026-04-14 16:40:15,745.02,745,152.76,1.0,3,HOLD
2026-04-14 16:40:16,746.01,746,152.76,1.0,3,HOLD
2026-04-14 16:40:17,747.01,747,152.76,1.0,3,HOLD
2026-04-14 16:40:18,748.06,748,152.76,1.0,3,HOLD
2026-04-14 16:40:19,749.05,749,152.76,1.0,3,HOLD
2026-04-14 16:40:20,750.04,750,152.76,1.0,3,HOLD
2026-04-14 16:40:21,751.02,751,152.76,1.0,3,HOLD
2026-04-14 16:40:22,752.0,752,152.76,1.0,3,HOLD
2026-04-14 16:40:23,753.05,753,152.76,1.0,3,HOLD
2026-04-14 16:40:24,754.04,754,152.76,1.0,3,HOLD
2026-04-14 16:40:25,755.03,755,152.76,1.0,3,HOLD
2026-04-14 16:40:26,756.01,756,152.76,1.0,3,HOLD
2026-04-14 16:40:27,757.06,757,152.76,1.0,3,HOLD
2026-04-14 16:40:28,758.04,758,152.76,1.0,3,HOLD
2026-04-14 16:40:29,759.04,759,152.76,1.0,3,HOLD
2026-04-14 16:40:30,760.02,760,152.76,1.0,3,HOLD
2026-04-14 16:40:31,761.01,761,152.76,1.0,3,HOLD
2026-04-14 16:40:32,762.06,762,152.76,1.0,3,HOLD
2026-04-14 16:40:33,763.04,763,152.76,1.0,3,HOLD
2026-04-14 16:40:34,764.03,764,152.76,1.0,3,HOLD
2026-04-14 16:40:35,765.01,765,152.76,1.0,3,HOLD
2026-04-14 16:40:36,766.06,766,152.76,1.0,3,HOLD
2026-04-14 16:40:37,767.04,767,152.76,1.0,3,HOLD
2026-04-14 16:40:38,768.02,768,152.76,1.0,3,HOLD
2026-04-14 16:40:39,769.01,769,152.76,1.0,3,HOLD
2026-04-14 16:40:40,770.05,770,152.76,1.0,3,HOLD
2026-04-14 16:40:41,771.05,771,152.76,1.0,3,HOLD
2026-04-14 16:40:42,772.03,772,152.76,1.0,3,HOLD
2026-04-14 16:40:43,773.02,773,152.76,1.0,3,HOLD
2026-04-14 16:40:44,774.0,774,152.76,1.0,3,HOLD
2026-04-14 16:40:45,775.05,775,152.76,1.0,3,HOLD
2026-04-14 16:40:46,776.03,776,152.76,1.0,3,HOLD
2026-04-14 16:40:47,777.02,777,152.76,1.0,3,HOLD
2026-04-14 16:40:48,778.0,778,152.76,1.0,3,HOLD
2026-04-14 16:40:49,779.05,779,152.76,1.0,3,HOLD
2026-04-14 16:40:50,780.04,780,152.76,1.0,3,HOLD
2026-04-14 16:40:51,781.02,781,152.76,1.0,3,HOLD
2026-04-14 16:40:52,782.01,782,152.76,1.0,3,HOLD
2026-04-14 16:40:53,783.06,783,152.76,1.0,3,HOLD
2026-04-14 16:40:54,784.04,784,152.76,1.0,3,HOLD
2026-04-14 16:40:55,785.02,785,152.76,1.0,3,HOLD
2026-04-14 16:40:56,786.01,786,152.76,1.0,3,HOLD
2026-04-14 16:40:57,787.06,787,152.76,1.0,3,HOLD
2026-04-14 16:40:58,788.04,788,152.76,1.0,3,HOLD
2026-04-14 16:40:59,789.03,789,152.76,1.0,3,HOLD
2026-04-14 16:41:00,790.01,790,152.76,1.0,3,HOLD
2026-04-14 16:41:01,791.06,791,152.76,1.0,3,HOLD
2026-04-14 16:41:02,792.04,792,152.76,1.0,3,HOLD
2026-04-14 16:41:03,793.02,793,152.76,1.0,3,HOLD
2026-04-14 16:41:04,794.01,794,152.76,1.0,3,HOLD
2026-04-14 16:41:05,795.05,795,152.76,1.0,3,HOLD
2026-04-14 16:41:06,796.04,796,152.76,1.0,3,HOLD
2026-04-14 16:41:07,797.03,797,152.76,1.0,3,HOLD
2026-04-14 16:41:08,798.02,798,152.76,1.0,3,HOLD
2026-04-14 16:41:09,799.0,799,152.76,1.0,3,HOLD
2026-04-14 16:41:10,800.06,800,152.76,1.0,3,HOLD
2026-04-14 16:41:11,801.05,801,152.76,1.0,3,HOLD
2026-04-14 16:41:12,802.03,802,152.76,1.0,3,HOLD
2026-04-14 16:41:13,803.02,803,152.76,1.0,3,HOLD
2026-04-14 16:41:14,804.01,804,152.76,1.0,3,HOLD
2026-04-14 16:41:15,805.06,805,152.76,1.0,3,HOLD
2026-04-14 16:41:16,806.04,806,152.76,1.0,3,HOLD
2026-04-14 16:41:17,807.02,807,152.76,1.0,3,HOLD
2026-04-14 16:41:18,808.0,808,152.76,1.0,3,HOLD
2026-04-14 16:41:19,809.05,809,152.76,1.0,3,HOLD
2026-04-14 16:41:20,810.03,810,152.76,1.0,3,HOLD
2026-04-14 16:41:21,811.02,811,152.76,1.0,3,HOLD
2026-04-14 16:41:22,812.0,812,152.76,1.0,3,HOLD
2026-04-14 16:41:23,813.05,813,152.76,1.0,3,HOLD
2026-04-14 16:41:24,814.03,814,152.76,1.0,3,HOLD
2026-04-14 16:41:25,815.02,815,152.76,1.0,3,HOLD
2026-04-14 16:41:26,816.01,816,152.76,1.0,3,HOLD
2026-04-14 16:41:27,817.06,817,152.76,1.0,3,HOLD
2026-04-14 16:41:28,818.04,818,152.76,1.0,3,HOLD
2026-04-14 16:41:29,819.03,819,152.76,1.0,3,HOLD
2026-04-14 16:41:30,820.02,820,152.76,1.0,3,HOLD
2026-04-14 16:41:31,821.01,821,152.76,1.0,3,HOLD
2026-04-14 16:41:32,822.0,822,152.76,1.0,3,HOLD
2026-04-14 16:41:33,823.05,823,152.76,1.0,3,HOLD
2026-04-14 16:41:34,824.04,824,152.76,1.0,3,HOLD
2026-04-14 16:41:35,825.03,825,152.76,1.0,3,HOLD
2026-04-14 16:41:36,826.01,826,152.76,1.0,3,HOLD
2026-04-14 16:41:37,827.06,827,152.76,1.0,3,HOLD
2026-04-14 16:41:38,828.04,828,152.76,1.0,3,HOLD
2026-04-14 16:41:39,829.03,829,152.76,1.0,3,HOLD
2026-04-14 16:41:40,830.01,830,152.76,1.0,3,HOLD
2026-04-14 16:41:41,831.06,831,152.76,1.0,3,HOLD
2026-04-14 16:41:42,832.04,832,152.76,1.0,3,HOLD
2026-04-14 16:41:43,833.03,833,152.76,1.0,3,HOLD
2026-04-14 16:41:44,834.02,834,152.76,1.0,3,HOLD
2026-04-14 16:41:45,835.01,835,152.76,1.0,3,HOLD
2026-04-14 16:41:46,836.06,836,152.76,1.0,3,HOLD
2026-04-14 16:41:47,837.05,837,152.76,1.0,3,HOLD
2026-04-14 16:41:48,838.04,838,152.76,1.0,3,HOLD
2026-04-14 16:41:49,839.03,839,152.76,1.0,3,HOLD
2026-04-14 16:41:50,840.01,840,152.76,1.0,3,HOLD
2026-04-14 16:41:51,841.06,841,152.76,1.0,3,HOLD
2026-04-14 16:41:52,842.03,842,152.76,1.0,3,HOLD
2026-04-14 16:41:53,843.02,843,152.76,1.0,3,HOLD
2026-04-14 16:41:54,844.0,844,152.76,1.0,3,HOLD
2026-04-14 16:41:55,845.04,845,152.76,1.0,3,HOLD
2026-04-14 16:41:56,846.03,846,152.76,1.0,3,HOLD
2026-04-14 16:41:57,847.01,847,152.76,1.0,3,HOLD
2026-04-14 16:41:58,848.0,848,152.76,1.0,3,HOLD
2026-04-14 16:41:59,849.04,849,152.76,1.0,3,HOLD
2026-04-14 16:42:00,850.03,850,152.76,1.0,3,HOLD
2026-04-14 16:42:01,851.01,851,152.76,1.0,3,HOLD
2026-04-14 16:42:02,852.06,852,152.76,1.0,3,HOLD
2026-04-14 16:42:03,853.04,853,152.76,1.0,3,HOLD
2026-04-14 16:42:04,854.03,854,152.76,1.0,3,HOLD
2026-04-14 16:42:05,855.01,855,152.76,1.0,3,HOLD
2026-04-14 16:42:06,856.05,856,152.76,1.0,3,HOLD
2026-04-14 16:42:07,857.03,857,152.76,1.0,3,HOLD
2026-04-14 16:42:08,858.02,858,152.76,1.0,3,HOLD
2026-04-14 16:42:09,859.0,859,152.76,1.0,3,HOLD
2026-04-14 16:42:10,860.05,860,152.76,1.0,3,HOLD
2026-04-14 16:42:11,861.04,861,152.76,1.0,3,HOLD
2026-04-14 16:42:12,862.02,862,152.76,1.0,3,HOLD
2026-04-14 16:42:13,863.0,863,152.76,1.0,3,HOLD
2026-04-14 16:42:14,864.06,864,152.76,1.0,3,HOLD
2026-04-14 16:42:15,865.04,865,152.76,1.0,3,HOLD
2026-04-14 16:42:16,866.03,866,152.76,1.0,3,HOLD
2026-04-14 16:42:17,867.01,867,152.76,1.0,3,HOLD
2026-04-14 16:42:18,868.05,868,152.76,1.0,3,HOLD
2026-04-14 16:42:19,869.03,869,152.76,1.0,3,HOLD
2026-04-14 16:42:20,870.02,870,152.76,1.0,3,HOLD
2026-04-14 16:42:21,871.06,871,152.76,1.0,3,HOLD
2026-04-14 16:42:22,872.04,872,152.76,1.0,3,HOLD
2026-04-14 16:42:23,873.03,873,152.76,1.0,3,HOLD
2026-04-14 16:42:24,874.01,874,152.76,1.0,3,HOLD
2026-04-14 16:42:25,875.06,875,152.76,1.0,3,HOLD
2026-04-14 16:42:26,876.04,876,152.76,1.0,3,HOLD
2026-04-14 16:42:27,877.03,877,152.76,1.0,3,HOLD
2026-04-14 16:42:28,878.02,878,152.76,1.0,3,HOLD
2026-04-14 16:42:29,879.06,879,152.76,1.0,3,HOLD
2026-04-14 16:42:30,880.05,880,152.76,1.0,3,HOLD
2026-04-14 16:42:31,881.03,881,152.76,1.0,3,HOLD
2026-04-14 16:42:32,882.01,882,152.76,1.0,3,HOLD
2026-04-14 16:42:33,883.0,883,152.76,1.0,3,HOLD
2026-04-14 16:42:34,884.05,884,152.76,1.0,3,HOLD
2026-04-14 16:42:35,885.03,885,152.76,1.0,3,HOLD
2026-04-14 16:42:36,886.02,886,152.76,1.0,3,HOLD
2026-04-14 16:42:37,887.0,887,152.76,1.0,3,HOLD
2026-04-14 16:42:38,888.05,888,152.76,1.0,3,HOLD
2026-04-14 16:42:39,889.04,889,152.76,1.0,3,HOLD
2026-04-14 16:42:40,890.03,890,152.76,1.0,3,HOLD
2026-04-14 16:42:41,891.01,891,152.76,1.0,3,HOLD
2026-04-14 16:42:42,892.05,892,152.76,1.0,3,HOLD
2026-04-14 16:42:43,893.04,893,152.76,1.0,3,HOLD
2026-04-14 16:42:44,894.03,894,152.76,1.0,3,HOLD
2026-04-14 16:42:45,895.01,895,152.76,1.0,3,HOLD
2026-04-14 16:42:46,896.06,896,152.76,1.0,3,HOLD
2026-04-14 16:42:47,897.05,897,152.76,1.0,3,HOLD
2026-04-14 16:42:48,898.04,898,152.76,1.0,3,HOLD
2026-04-14 16:42:49,899.03,899,152.76,1.0,3,HOLD
2026-04-14 16:42:50,900.01,900,152.76,1.0,3,HOLD
2026-04-14 16:42:51,901.06,901,152.76,1.0,3,HOLD
2026-04-14 16:42:52,902.04,902,152.76,1.0,3,HOLD
2026-04-14 16:42:53,903.03,903,152.76,1.0,3,HOLD
2026-04-14 16:42:54,904.01,904,152.76,1.0,3,HOLD
2026-04-14 16:42:55,905.06,905,152.76,1.0,3,HOLD
2026-04-14 16:42:56,906.05,906,152.76,1.0,3,HOLD
2026-04-14 16:42:57,907.04,907,152.76,1.0,3,HOLD
2026-04-14 16:42:58,908.02,908,152.76,1.0,3,HOLD
2026-04-14 16:42:59,909.01,909,152.76,1.0,3,HOLD
2026-04-14 16:43:00,910.06,910,152.76,1.0,3,HOLD
2026-04-14 16:43:01,911.04,911,152.76,1.0,3,HOLD
2026-04-14 16:43:02,912.02,912,152.76,1.0,3,HOLD
2026-04-14 16:43:03,913.01,913,152.76,1.0,3,HOLD
2026-04-14 16:43:04,914.06,914,152.76,1.0,3,HOLD
2026-04-14 16:43:05,915.05,915,152.76,1.0,3,HOLD
2026-04-14 16:43:06,916.04,916,152.76,1.0,3,HOLD
2026-04-14 16:43:07,917.02,917,152.76,1.0,3,HOLD
2026-04-14 16:43:08,918.01,918,152.76,1.0,3,HOLD
2026-04-14 16:43:09,919.06,919,152.76,1.0,3,HOLD
2026-04-14 16:43:10,920.04,920,152.76,1.0,3,HOLD
2026-04-14 16:43:11,921.03,921,152.76,1.0,3,HOLD
2026-04-14 16:43:12,922.02,922,152.76,1.0,3,HOLD
2026-04-14 16:43:13,923.01,923,152.76,1.0,3,HOLD
2026-04-14 16:43:14,924.0,924,152.76,1.0,3,HOLD
2026-04-14 16:43:15,925.05,925,152.76,1.0,3,HOLD
2026-04-14 16:43:16,926.03,926,152.76,1.0,3,HOLD
2026-04-14 16:43:17,927.02,927,152.76,1.0,3,HOLD
2026-04-14 16:43:18,928.0,928,152.76,1.0,3,HOLD
2026-04-14 16:43:19,929.06,929,152.76,1.0,3,HOLD
2026-04-14 16:43:20,930.04,930,152.76,1.0,3,HOLD
2026-04-14 16:43:21,931.02,931,152.76,1.0,3,HOLD
2026-04-14 16:43:22,932.06,932,152.76,1.0,3,HOLD
2026-04-14 16:43:23,933.05,933,152.76,1.0,3,HOLD
2026-04-14 16:43:24,934.04,934,152.76,1.0,3,HOLD
2026-04-14 16:43:25,935.03,935,152.76,1.0,3,HOLD
2026-04-14 16:43:26,936.02,936,152.76,1.0,3,HOLD
2026-04-14 16:43:27,937.01,937,152.76,1.0,3,HOLD
2026-04-14 16:43:28,938.06,938,152.76,1.0,3,HOLD
2026-04-14 16:43:29,939.05,939,152.76,1.0,3,HOLD
2026-04-14 16:43:30,940.04,940,152.76,1.0,3,HOLD
2026-04-14 16:43:31,941.03,941,152.76,1.0,3,HOLD
2026-04-14 16:43:32,942.01,942,152.76,1.0,3,HOLD
2026-04-14 16:43:33,943.06,943,152.76,1.0,3,HOLD
2026-04-14 16:43:34,944.04,944,152.76,1.0,3,HOLD
2026-04-14 16:43:35,945.03,945,152.76,1.0,3,HOLD
2026-04-14 16:43:36,946.01,946,152.76,1.0,3,HOLD
2026-04-14 16:43:37,947.0,947,152.76,1.0,3,HOLD
2026-04-14 16:43:38,948.04,948,152.76,1.0,3,HOLD
2026-04-14 16:43:39,949.02,949,152.76,1.0,3,HOLD
2026-04-14 16:43:40,950.01,950,152.76,1.0,3,HOLD
2026-04-14 16:43:41,951.06,951,152.76,1.0,3,HOLD
2026-04-14 16:43:42,952.04,952,152.76,1.0,3,HOLD
2026-04-14 16:43:43,953.03,953,152.76,1.0,3,HOLD
2026-04-14 16:43:44,954.01,954,152.76,1.0,3,HOLD
2026-04-14 16:43:45,955.05,955,152.76,1.0,3,HOLD
2026-04-14 16:43:46,956.03,956,152.76,1.0,3,HOLD
2026-04-14 16:43:47,957.02,957,152.76,1.0,3,HOLD
2026-04-14 16:43:48,958.06,958,152.76,1.0,3,HOLD
2026-04-14 16:43:49,959.04,959,152.76,1.0,3,HOLD
2026-04-14 16:43:50,960.03,960,152.76,1.0,3,HOLD
2026-04-14 16:43:51,961.02,961,152.76,1.0,3,HOLD
2026-04-14 16:43:52,962.06,962,152.76,1.0,3,HOLD
2026-04-14 16:43:53,963.04,963,152.76,1.0,3,HOLD
2026-04-14 16:43:54,964.02,964,152.76,1.0,3,HOLD
2026-04-14 16:43:55,965.0,965,152.76,1.0,3,HOLD
2026-04-14 16:43:56,966.05,966,152.76,1.0,3,HOLD
2026-04-14 16:43:57,967.02,967,152.76,1.0,3,HOLD
2026-04-14 16:43:58,968.02,968,152.76,1.0,3,HOLD
2026-04-14 16:43:59,969.01,969,152.76,1.0,3,HOLD
2026-04-14 16:44:00,970.05,970,152.76,1.0,3,HOLD
2026-04-14 16:44:01,971.03,971,152.76,1.0,3,HOLD
2026-04-14 16:44:02,972.01,972,152.76,1.0,3,HOLD
2026-04-14 16:44:03,973.0,973,152.76,1.0,3,HOLD
2026-04-14 16:44:04,974.05,974,152.76,1.0,3,HOLD
2026-04-14 16:44:05,975.04,975,152.76,1.0,3,HOLD
2026-04-14 16:44:06,976.02,976,152.76,1.0,3,HOLD
2026-04-14 16:44:07,977.0,977,152.76,1.0,3,HOLD
2026-04-14 16:44:08,978.05,978,152.76,1.0,3,HOLD
2026-04-14 16:44:09,979.03,979,152.76,1.0,3,HOLD
2026-04-14 16:44:10,980.02,980,152.76,1.0,3,HOLD
2026-04-14 16:44:11,981.06,981,152.76,1.0,3,HOLD
2026-04-14 16:44:12,982.04,982,152.76,1.0,3,HOLD
2026-04-14 16:44:13,983.03,983,152.76,1.0,3,HOLD
2026-04-14 16:44:14,984.01,984,152.76,1.0,3,HOLD
2026-04-14 16:44:15,985.05,985,152.76,1.0,3,HOLD
2026-04-14 16:44:16,986.04,986,152.76,1.0,3,HOLD
2026-04-14 16:44:17,987.02,987,152.76,1.0,3,HOLD
2026-04-14 16:44:18,988.01,988,152.76,1.0,3,HOLD
2026-04-14 16:44:19,989.06,989,152.76,1.0,3,HOLD
2026-04-14 16:44:20,990.04,990,152.76,1.0,3,HOLD
2026-04-14 16:44:21,991.03,991,152.76,1.0,3,HOLD
2026-04-14 16:44:22,992.01,992,152.76,1.0,3,HOLD
2026-04-14 16:44:23,993.06,993,152.76,1.0,3,HOLD
2026-04-14 16:44:24,994.04,994,152.76,1.0,3,HOLD
2026-04-14 16:44:25,995.02,995,152.76,1.0,3,HOLD
2026-04-14 16:44:26,996.01,996,152.76,1.0,3,HOLD
2026-04-14 16:44:27,997.06,997,152.76,1.0,3,HOLD
2026-04-14 16:44:28,998.04,998,152.76,1.0,3,HOLD
2026-04-14 16:44:29,999.02,999,152.76,1.0,3,HOLD
2026-04-14 16:44:30,1000.01,1000,152.76,1.0,3,HOLD
